<?xml version='1.0' encoding='UTF-8'?>
<ProTask>
<TEXT><![CDATA[
suid=s0 participant=134663
您 好
suid=s1 participant=134663
我 是 *OP* 陶晓晓 认识 *T*-1 的
suid=s2 participant=134663
前辈 您 好 ！
suid=s3 participant=134663
我 冒昧 的 问 一下 你
suid=s4 participant=134663
浙大 骨科 的 哪 个 导师 好 些 ， 对 学生 好 一点 ？
suid=s5 participant=134167
你 好 ， 我 现在 有点 忙 ， 我 可以 给 你 回复 *pro* 等 会 。
suid=s6 participant=134167
*pro* 请问 你 自己 有 自我 介绍 吗 ，
suid=s7 participant=134167
*pro* 可以 的话 ， *pro* 给 我 发 一 份 ， 包括 考研 成绩 和 排名 。
suid=s8 participant=134663
恩 ， *pro* 好 的
suid=s9 participant=134663
我 是 本科生 ， 去年 九月份 刚刚 参加 工作 ， 是 淳安县 中医院 五官 科 的 医生 ， 现在 在 杭州 轮转 培训
suid=s10 participant=134663
我 的 一 个 朋友 想 *PRO* 考 浙大 骨科 的 研究生
suid=s11 participant=134663
所以 *pro* 向 前辈 咨询 下
suid=s12 participant=134663
我 是 帮 他 *PRO* 问 的
suid=s13 participant=134167
*pro* 请 别 介意 ， 我 只是 想 *PRO* 大概 了解 情况 ， 好 给 意见 而已 。
suid=s14 participant=134663
恩 ， *pro* 没 事 的
suid=s15 participant=134167
*pro* 就 是 你 的 朋友 还 没有 考试 ？
suid=s16 participant=134663
*pro* 对 啊
suid=s17 participant=134167
*pro* 对 ， *pro* 已经 五月份 了
suid=s18 participant=134663
他 想 *PRO* 先 了解 下
suid=s19 participant=134663
恩
suid=s20 participant=134167
那 *OP* 他 *T*-1 感 兴趣 是 骨科 哪 个 方向 呢
suid=s21 participant=134167
这里 有 肿瘤 ， 关节 ， 脊柱 ， 和 创伤
suid=s22 participant=134663
脊柱
suid=s23 participant=134663
脊柱 专科 的
suid=s24 participant=134167
陈二 主任
suid=s25 participant=134663
他 对 学生 比较 好 吗 ？
suid=s26 participant=134663
他 对 学生 怎么样 啊 ？
suid=s27 participant=134167
他 科研 也 比较 懂 *-1 ， 会 跟进 学生 的 情况 ，
suid=s28 participant=134167
现在 他 的 课题 也 比较 好 ，
suid=s29 participant=134167
之前 的 一 个 硕士 博士 都 留院 了
suid=s30 participant=134663
那 他 的 技术 呢
suid=s31 participant=134167
他 临床 当然 也 是 脊柱 的 一把手 ， 只是 *OP* 硕士 的 研究生 ， *T*-1 在 外面 轮转 时间 长 ， 就算 *pro* 是 专业 学位 ， *pro* 也 得 做 课题 和 实验 的 。
suid=s32 participant=134663
恩
suid=s33 participant=134167
你 可以 搜索 一下 他 的 文章 什么 的
suid=s34 participant=134663
*pro* 对 学生 还 善良 的 吧 ？
suid=s35 participant=134663
还有 *pro* 就 是 出国 机会 有 吗 ？
suid=s36 participant=134167
*OP* *T*-1 对 学生 不 善良 的 ， 那 是 奇葩 吧 ， 至少 我 没 遇到 过
suid=s37 participant=134663
*pro* 读 研 的话 一 个 月 *pro* 大概 发 多少 钱 啊 ？
科室 里 有 奖金 吗 ？
suid=s38 participant=134167
硕士 很 难 ， 博士 还 有 机会 ， 但是 也 得 看 你 自己 ， 老板 不 会 给 你 找 出国 机会 的
suid=s39 participant=134167
*pro* 现在 好像 是 1000 左右 ， *pro* 有 值班 和 高温 补贴
suid=s40 participant=134167
大概 一 个 班 50
suid=s41 participant=134663
那 *pro* 就 是 也 1000多 喽 ？
suid=s42 participant=134167
后面 *pro* 不 知道 *T*-1 *pro* 有没有 涨 ， 09年 的 时候 ， 专业 学位 才 300
suid=s43 participant=134167
*pro* 现在 才 慢慢 涨 上来 了
suid=s44 participant=134663
恩 ， *pro* 谢谢 你 啊
suid=s45 participant=134663
*pro* 非常 感谢 啊 1
suid=s46 participant=134167
*pro* 别 客气
suid=s47 participant=134663
你 是 骨科 的 吗
suid=s48 participant=134167
*pro* 是
suid=s49 participant=134167
关节 的
suid=s50 participant=134663
*pro* 再 一 次 感谢 啊 *pro* 告诉 我 这么 多 。
suid=s51 participant=134167
*pro* 不 客气
]]></TEXT>
<TAGS>
<我 comment="default value" end="320" id="我0" start="317" text="pro" type="" />
<我 comment="default value" end="645" id="我1" start="642" text="pro" type="" />
<我 comment="default value" end="818" id="我2" start="815" text="pro" type="" />
<我 comment="default value" end="2306" id="我3" start="2303" text="pro" type="" />
<我 comment="default value" end="2441" id="我4" start="2438" text="pro" type="" />
<我 comment="default value" end="2482" id="我5" start="2479" text="pro" type="" />
<我 comment="default value" end="2673" id="我6" start="2670" text="pro" type="" />
<你 comment="default value" end="281" id="你0" start="278" text="pro" type="" />
<你 comment="default value" end="373" id="你1" start="370" text="pro" type="" />
<你 comment="default value" end="387" id="你2" start="384" text="pro" type="" />
<你 comment="default value" end="735" id="你3" start="732" text="pro" type="" />
<你 comment="default value" end="2526" id="你4" start="2523" text="pro" type="" />
<你 comment="default value" end="2690" id="你5" start="2687" text="pro" type="" />
<你 comment="default value" end="2736" id="你6" start="2733" text="pro" type="" />
<他 comment="default value" end="1794" id="他0" start="1791" text="pro" type="" />
<它 comment="default value" end="2140" id="它0" start="2137" text="pro" type="" />
<它 comment="default value" end="2253" id="它1" start="2250" text="pro" type="" />
<它 comment="default value" end="2323" id="它2" start="2320" text="pro" type="" />
<它 comment="default value" end="2388" id="它3" start="2385" text="pro" type="" />
<他们 comment="default value" end="1992" id="他们0" start="1989" text="pro" type="" />
<existential comment="default value" end="1847" id="e0" start="1844" text="pro" type="" />
<existential comment="default value" end="2164" id="e1" start="2161" text="pro" type="" />
<generic comment="default value" end="1645" id="g0" start="1642" text="pro" type="" />
<generic comment="default value" end="1661" id="g1" start="1658" text="pro" type="" />
<generic comment="default value" end="1973" id="g2" start="1970" text="pro" type="" />
<pleonastic end="858" id="p0" start="855" text="pro" type="" />
<pleonastic end="961" id="p1" start="958" text="pro" type="" />
<previous_utterance comment="default value" end="452" id="pr0" start="449" text="pro" type="" />
<previous_utterance comment="default value" end="913" id="pr1" start="910" text="pro" type="" />
<previous_utterance comment="default value" end="951" id="pr2" start="948" text="pro" type="" />
<previous_utterance comment="default value" end="2604" id="pr3" start="2601" text="pro" type="" />
</TAGS>
</ProTask>