<?xml version='1.0' encoding='UTF-8'?>
<ProTask>
<TEXT><![CDATA[
suid=s0 participant=137028
你 在 么 额
suid=s1 participant=136693
*pro* 在 啊
suid=s2 participant=137028
比赛 *pro* 报 了 多少 了
suid=s3 participant=137028
我 说 的 成人
suid=s4 participant=137028
组
suid=s5 participant=136693
*OP* *T*-1 问 的 很 多 ， 还 都 在 等
suid=s6 participant=137028
啊
suid=s7 participant=136693
*pro* 不 到 最后 *pro* 不 报
suid=s8 participant=137028
什么 时候 到 最后 啊
suid=s9 participant=136693
下 周三
suid=s10 participant=137028
什么 时候 *pro* 开始 报
suid=s11 participant=137028
*pro* 好 的
suid=s12 participant=137028
成人 比赛 全 是 业余 的
suid=s13 participant=136693
*pro* 是 的
suid=s14 participant=137028
*OP* *pro* *T*-1 报名 的 时候 你 告诉 我 一下
suid=s15 participant=137028
我 看看 *pro* 到时 报上 单 和 双
suid=s16 participant=136693
*pro* 好 ， *pro* 随时 可以 报 啊
suid=s17 participant=137028
哈哈
suid=s18 participant=137028
专业 的 经历 的 可 不 能 打 成人 组 啊 哈哈
suid=s19 participant=137028
到时 *pro* 报名 我们 联系
suid=s20 participant=136693
堂堂 常 大 将军 ， 还 怕 专业 的 ！
suid=s21 participant=137028
现在 很多 人 都 想 *PRO* 报
suid=s22 participant=137028
专业 和 业余 肯定 不 一样
suid=s23 participant=136693
那 你 也 不 怕
suid=s24 participant=136693
你 还 打 不 过 温楚天 吗 ！
suid=s25 participant=137028
业余 比赛 专业 *OP* *T*-1 退役 的 打 *T*-2 大多数 人 都 不 赞成 *T*-3
suid=s26 participant=137028
这 是 *OP* 我 参加 过 很多 业余 比赛 发现 *T*-1 的
suid=s27 participant=137028
我 现在 打 不 过 了
suid=s28 participant=137028
*pro* 打球 少 了 啊
]]></TEXT>
<TAGS>
<我 comment="default value" end="67" id="我0" start="64" text="pro" type="" />
<我 comment="default value" end="654" id="我1" start="651" text="pro" type="" />
<我 comment="default value" end="1299" id="我2" start="1296" text="pro" type="" />
<你 comment="default value" end="710" id="你0" start="707" text="pro" type="" />
<你 comment="default value" end="844" id="你1" start="841" text="pro" type="" />
<generic comment="default value" end="107" id="g0" start="104" text="pro" type="" />
<generic comment="default value" end="299" id="g1" start="296" text="pro" type="" />
<generic comment="default value" end="312" id="g2" start="309" text="pro" type="" />
<generic comment="default value" end="428" id="g3" start="425" text="pro" type="" />
<generic comment="default value" end="591" id="g4" start="588" text="pro" type="" />
<previous_utterance comment="default value" end="548" id="pr0" start="545" text="pro" type="" />
<previous_utterance comment="default value" end="700" id="pr1" start="697" text="pro" type="" />
<previous_utterance comment="default value" end="467" id="pr2" start="464" text="pro" type="" />
</TAGS>
</ProTask>