<?xml version='1.0' encoding='UTF-8'?>
<ProTask>
<TEXT><![CDATA[
suid=s0 participant=137803
*pro* 肿么 了
suid=s1 participant=137828
*pro* 木有 *pro* 睡觉 了
suid=s2 participant=137828
米国 好玩 不
suid=s3 participant=137803
纽约 比 费城 好玩
suid=s4 participant=137803
反正 *pro* 就 天天 写 作业 唉
suid=s5 participant=137828
`` *pro* 这莫 辛苦 *pro* 不 要 太 好学 了
suid=s6 participant=137803
*pro* 不 是 我 好学 啊 *pro* 是 *pro* *pro* 不 学 都 不 行 啊
suid=s7 participant=137828
米国 果然 不 一样 *pro* 景仰
suid=s8 participant=137803
你 呢 *pro* 学习 不 辛苦 么
suid=s9 participant=137828
老 样子
suid=s10 participant=137803
*pro* 真 好 ……
suid=s11 participant=137828
*pro* 还是 努力 的 好 *pro* 不 要 学 我 也 不 要 太 好学
suid=s12 participant=137803
这个 很 难 把握 啊
suid=s13 participant=137828
*pro* *OP* *pro* *T*-1 睡觉 的 时候 把握 一下 就 好 啦 .
suid=s14 participant=137828
*pro* 晚安
suid=s15 participant=137803
*pro* 好 吧 *pro* 晚安 ~~
]]></TEXT>
<TAGS>
<我 comment="default value" end="70" id="我0" start="67" text="pro" type="" />
<我 comment="default value" end="79" id="我1" start="76" text="pro" type="" />
<我 comment="default value" end="193" id="我2" start="190" text="pro" type="" />
<我 comment="default value" end="322" id="我3" start="319" text="pro" type="" />
<我 comment="default value" end="328" id="我4" start="325" text="pro" type="" />
<我 comment="default value" end="384" id="我5" start="381" text="pro" type="" />
<你 comment="default value" end="32" id="你0" start="29" text="pro" type="" />
<你 comment="default value" end="241" id="你1" start="238" text="pro" type="" />
<你 comment="default value" end="253" id="你2" start="250" text="pro" type="" />
<你 comment="default value" end="424" id="你3" start="421" text="pro" type="" />
<你 comment="default value" end="557" id="你4" start="554" text="pro" type="" />
<你 comment="default value" end="650" id="你5" start="647" text="pro" type="" />
<你 comment="default value" end="661" id="你6" start="658" text="pro" type="" />
<你 comment="default value" end="723" id="你7" start="720" text="pro" type="" />
<你 comment="default value" end="770" id="你8" start="767" text="pro" type="" />
<pleonastic end="297" id="p0" start="294" text="pro" type="" />
<pleonastic end="314" id="p1" start="311" text="pro" type="" />
<pleonastic end="500" id="p2" start="497" text="pro" type="" />
<pleonastic end="541" id="p3" start="538" text="pro" type="" />
<previous_utterance comment="default value" end="760" id="pr0" start="757" text="pro" type="" />
</TAGS>
</ProTask>