<?xml version='1.0' encoding='UTF-8'?>
<ProTask>
<TEXT><![CDATA[
suid=s0 participant=134689
最近 *pro* 怎么样 啊 哥们
suid=s1 participant=134167
生活 还 一样 ， *pro* 就是 没 什么 盼头 ， 这边 *pro* 都 是 帮 这边 博后 *PRO* 干活
suid=s2 participant=134689
*pro* 有 学到 东西 么
suid=s3 participant=134689
*pro* 干活 也 是 修炼 ......
suid=s4 participant=134167
*OP* *pro* 学到 *T*-1 的 东西 蛮 多 的 ， *pro* 可能 在 国内 太 水 了
suid=s5 participant=134689
我 也 一样 哈哈
suid=s6 participant=134167
*pro* 来到 这里 ， *pro* 什么 都 得 干 *-1 ， 所以 *pro* 算是 学习
suid=s7 participant=134689
*pro* 是 的
suid=s8 participant=134689
文章 有 着落 没
suid=s9 participant=134167
文章 是 *OP* *T*-1 最 大 的 盼头 ， 但是 这里 最多 只 给 你 第二
suid=s10 participant=134167
之前 *pro* 搞 了 篇 bone 的 第四
suid=s11 participant=134167
所以 我 都 不 高兴 *PRO* 干 了
suid=s12 participant=134167
*OP* *pro* 做 *T*-1 的 东西 *pro* 到头来 都 都 帮 人家 博后 *PRO* 干 *T*-2 的
suid=s13 participant=134689
第四 虽然 *PRO* 靠后 但是 聊胜于无 啊
suid=s14 participant=134167
你 呢
suid=s15 participant=134689
谁 也 不 愿意 *PRO* 分给 咱们 么 *pro* 不 是 *T*-1
suid=s16 participant=134689
一 篇 *OP* 我 *T*-1 排 第二 的 刚刚 成文 啊
suid=s17 participant=134167
所以 *pro* 很 想 *PRO* 有 自己 的 课题 ， 做 一下 ， *pro* 做 不 完 ， *pro* 也 可以 带回 过来 慢慢 搞 ， *pro* 有 点 基础 数据
suid=s18 participant=134167
那 相当 好 啊
suid=s19 participant=134167
你们 那边 可以 挂 国内 老板 吗
suid=s20 participant=134689
*OP* *T*-1 *pro* 我们 这样 出来 混 的 谁 会 给 咱们 课题
suid=s21 participant=134689
*pro* 当然 不 行 了
suid=s22 participant=134689
你 呢
suid=s23 participant=134167
这边 也 不 怎样 同意 ，
suid=s24 participant=134689
*pro* 不 怎么 同意 就 是 *pro* 好 商量 了 ？
suid=s25 participant=134167
*pro* 不 知道 ， *pro* 还 没 商量
suid=s26 participant=134167
但是 *pro* 估计 *pro* 是 没戏
suid=s27 participant=134167
你 那 篇 *pro* 是 准备 *PRO* 发到 哪里 *T*-1 的
suid=s28 participant=134689
我 想 *pro* 至少 给 我 带 一 个 单位 的 名字
suid=s29 participant=134167
这个 必须 的
suid=s30 participant=134689
*pro* 是 吧 ？
suid=s31 participant=134689
要不然 连 个 名分 都 没有
suid=s32 participant=134167
哈哈
suid=s33 participant=134167
我 之前 那 个 第四 的 ， 就 没 写 浙大 的 名字 ， *pro* 后来 想想 *pro* 还 是 后悔 的
suid=s34 participant=134689
嗯
suid=s35 participant=134689
否则 浙大 摆脸 不 承认
suid=s36 participant=134167
*OP* *T*-1 接 下来 的 文章 ， 我 跟 老板 说好 了 ， 虽然 *pro* 是 第二
suid=s37 participant=134167
但是 *pro* 也 要 挂 浙大 的
suid=s38 participant=134167
至于 老板 ， *pro* 就 相当 难 讲 了 。。
suid=s39 participant=134167
这边 充其量 就 只 能 发到 JBMR ， 你 是 *OP* *T*-1 做 材料 的 吗
suid=s40 participant=134167
材料 的 发 的 高 。。
suid=s41 participant=134689
*pro* 等 下 哦 *pro* 有 点 活儿
suid=s42 participant=134167
呵呵 ， 你 忙 吧 ， 时差 应该 相差 有 4 个 小时
]]></TEXT>
<TAGS>
<我 comment="default value" end="87" id="我0" start="84" text="pro" type="" />
<我 comment="default value" end="109" id="我1" start="106" text="pro" type="" />
<我 comment="default value" end="261" id="我2" start="258" text="pro" type="" />
<我 comment="default value" end="289" id="我3" start="286" text="pro" type="" />
<我 comment="default value" end="600" id="我4" start="597" text="pro" type="" />
<我 comment="default value" end="705" id="我5" start="702" text="pro" type="" />
<我 comment="default value" end="1005" id="我6" start="1002" text="pro" type="" />
<我 comment="default value" end="1040" id="我7" start="1037" text="pro" type="" />
<我 comment="default value" end="1078" id="我8" start="1075" text="pro" type="" />
<我 comment="default value" end="1455" id="我9" start="1452" text="pro" type="" />
<我 comment="default value" end="1512" id="我10" start="1509" text="pro" type="" />
<我 comment="default value" end="1521" id="我11" start="1518" text="pro" type="" />
<我 comment="default value" end="1867" id="我12" start="1864" text="pro" type="" />
<我 comment="default value" end="1879" id="我13" start="1876" text="pro" type="" />
<我 comment="default value" end="2034" id="我14" start="2031" text="pro" type="" />
<我 comment="default value" end="2129" id="我15" start="2126" text="pro" type="" />
<我 comment="default value" end="2306" id="我16" start="2303" text="pro" type="" />
<我 comment="default value" end="1054" id="我17" start="1051" text="pro" type="" />
<你 comment="default value" end="35" id="你0" start="32" text="pro" type="" />
<你 comment="default value" end="163" id="你1" start="160" text="pro" type="" />
<你 comment="default value" end="1566" id="你2" start="1563" text="pro" type="" />
<你 comment="default value" end="2294" id="你3" start="2291" text="pro" type="" />
<它 comment="default value" end="2076" id="它0" start="2073" text="pro" type="" />
<我们 comment="default value" end="373" id="我们0" start="370" text="pro" type="" />
<我们 comment="default value" end="387" id="我们1" start="384" text="pro" type="" />
<我们 comment="default value" end="411" id="我们2" start="408" text="pro" type="" />
<我们 comment="default value" end="1217" id="我们3" start="1214" text="pro" type="" />
<我们 comment="default value" end="1276" id="我们4" start="1273" text="pro" type="" />
<我们 comment="default value" end="1468" id="我们5" start="1465" text="pro" type="" />
<他们 comment="default value" end="1394" id="他们0" start="1391" text="pro" type="" />
<他们 comment="default value" end="1412" id="他们1" start="1409" text="pro" type="" />
<他们 comment="default value" end="1629" id="他们2" start="1626" text="pro" type="" />
<它们 comment="default value" end="724" id="它们0" start="721" text="pro" type="" />
<generic comment="default value" end="206" id="g0" start="203" text="pro" type="" />
<previous_utterance comment="default value" end="450" id="pr0" start="447" text="pro" type="" />
<previous_utterance comment="default value" end="898" id="pr1" start="895" text="pro" type="" />
<previous_utterance comment="default value" end="1720" id="pr2" start="1717" text="pro" type="" />
</TAGS>
</ProTask>