<?xml version='1.0' encoding='UTF-8'?>
<ProTask>
<TEXT><![CDATA[
suid=s0 participant=137167
嫂子 你 知道 *OP* *T*-1 生病 *T*-1 身体 虚弱 的 人 可以 吃 西洋参 马
suid=s1 participant=137487
你 打算 *PRO* 买给 谁 *pro* 吃 还是 自己 吃 呀 ？
suid=s2 participant=137167
*pro* 卖给 我 姥爷 *pro* 吃
suid=s3 participant=137167
他 有 心脏病 ， 总是 喘 ， *pro* 今年 没 少 住院 ， *pro* 感觉 身体 很 虚 ， 现在 *pro* 又 长 疱疹 ， *pro* 很 想 *PRO* 买 些 什么 补部
suid=s4 participant=137487
邵 上 次 来 时 她 老板 周柔丽 让 我们 *PRO* 给 她 买 西洋参 ， 我 也 就 同时 给 我 公公 婆婆 和 爸妈 都 买 了 回去 让 他们 *PRO* 吃 。
我 现在 才 发现 *pro* 吃 西洋参 也 挺 有 讲究 。
suid=s5 participant=137167
*pro* 是 的 ， 我 什么 也 不 懂
suid=s6 participant=137487
你 姥爷 是 哪 种 心脏病 你 知道 *T*-1 吗 ？
例如 *pro* 是 高血压性 心脏病 或是 肺心病 或是 风湿性 心脏病 或是 其他 ？
suid=s7 participant=137167
高血压 没有 ， 风湿 *pro* 也 没有 听说 过 *T*-1 ， *pro* 经常 听说 呼吸 困难
suid=s8 participant=137167
*pro* 不 知道 *pro* 是 什么
suid=s9 participant=137167
*pro* 想 *PRO* 买 又 怕 *pro* 坏事
suid=s10 participant=137167
你 知道 *pro* 还 有 什么 *OP* *T*-1 可以 补 身体 的 嘛
suid=s11 participant=137487
我 也 不 知道 ， 若 她 身体 太 差 ， *pro* 还是 得 看看 中医 问问 看 她 是 不 是 适宜 *PRO* 服用 ， 否则 *pro* 也 真 怕 *pro* 好心 办 坏事 。
suid=s12 participant=137167
*OP* 你 上 次 买 *T*-1 的 东西 寄 回去 了
suid=s13 participant=137487
*pro* 还 没有 ， 我 又 给 邵 买 了 两 个 *OP* *pro* 做 实验 用 *T*-1 的 匀浆器 ， 他 等 着 急 用 ， 我 打算 *PRO* *pro* 收到 后 把 它 包 在 衣服 里 *RNR*-3 寄 回去 *-2 。
*OP* *pro* 上 次 买 *T*-1 的 NIKE 的 衣服 鞋子 他 挺 喜欢 *T*-2 的 。
suid=s14 participant=137167
那 就 好
suid=s15 participant=137487
我 今天 从 上午 7点半 做 实验 到 下午 7点半 才 回来 ， 又 分离 了 6 个 老鼠 的 干细胞 。
明天 *pro* 不 打算 *PRO* 做 太 多 实验 了 ， 我们 4点 到 5点 是 例会 。
我 打算 *PRO* *pro* 结束 后 过去 教会 。
你 星期六 去 练 一下 车 吧 ？
我 星期天 下午 回去 实验室 给 细胞 照相 。
suid=s16 participant=137167
你 *pro* 上 次 回去 路上 顺利 吗
suid=s17 participant=137167
*pro* 好
suid=s18 participant=137487
*pro* 上 次 回来 挺 好 的 ， 我 出来 得 早 ， 8点10分 就 到家 了 ， *pro* 还 炒 了 菜 带去 上班 。
suid=s19 participant=137167
*pro* 挺 好 的
suid=s20 participant=137167
我 在 网上 查 *OP* *pro* *T*-1 邮寄 的 费用
]]></TEXT>
<TAGS>
<我 comment="default value" end="171" id="我0" start="168" text="pro" type="" />
<我 comment="default value" end="659" id="我1" start="656" text="pro" type="" />
<我 comment="default value" end="683" id="我2" start="680" text="pro" type="" />
<我 comment="default value" end="728" id="我3" start="725" text="pro" type="" />
<我 comment="default value" end="777" id="我4" start="774" text="pro" type="" />
<我 comment="default value" end="797" id="我5" start="794" text="pro" type="" />
<我 comment="default value" end="974" id="我6" start="971" text="pro" type="" />
<我 comment="default value" end="1089" id="我7" start="1086" text="pro" type="" />
<我 comment="default value" end="1173" id="我8" start="1170" text="pro" type="" />
<我 comment="default value" end="1221" id="我9" start="1218" text="pro" type="" />
<我 comment="default value" end="1393" id="我10" start="1390" text="pro" type="" />
<我 comment="default value" end="1452" id="我11" start="1449" text="pro" type="" />
<我 comment="default value" end="1631" id="我12" start="1628" text="pro" type="" />
<我 comment="default value" end="1678" id="我13" start="1675" text="pro" type="" />
<你 comment="default value" end="986" id="你0" start="983" text="pro" type="" />
<你 comment="default value" end="1546" id="你1" start="1543" text="pro" type="" />
<他 comment="default value" end="185" id="他0" start="182" text="pro" type="" />
<他 comment="default value" end="237" id="他1" start="234" text="pro" type="" />
<他 comment="default value" end="255" id="他2" start="252" text="pro" type="" />
<他 comment="default value" end="276" id="他3" start="273" text="pro" type="" />
<他 comment="default value" end="291" id="他4" start="288" text="pro" type="" />
<他 comment="default value" end="577" id="他5" start="574" text="pro" type="" />
<他 comment="default value" end="927" id="他7" start="924" text="pro" type="" />
<他 comment="default value" end="1123" id="他6" start="1120" text="pro" type="" />
<它 comment="default value" end="739" id="它0" start="736" text="pro" type="" />
<existential comment="default value" end="839" id="e0" start="836" text="pro" type="" />
<generic comment="default value" end="124" id="g0" start="121" text="pro" type="" />
<generic comment="default value" end="444" id="g1" start="441" text="pro" type="" />
<generic comment="default value" end="1782" id="g2" start="1779" text="pro" type="" />
<previous_utterance comment="default value" end="494" id="pr0" start="491" text="pro" type="" />
<previous_utterance comment="default value" end="1595" id="pr1" start="1592" text="pro" type="" />
<previous_utterance comment="default value" end="1728" id="pr2" start="1725" text="pro" type="" />
</TAGS>
</ProTask>