<?xml version='1.0' encoding='UTF-8'?>
<ProTask>
<TEXT><![CDATA[
suid=s0 participant=136886
51 *pro* 怎么 说 *T*-1
suid=s1 participant=136868
*pro* 51 回去 的 呀
suid=s2 participant=136886
*pro* 不 要 又 忽悠 我
suid=s3 participant=136868
51 我 回去 的 呀
suid=s4 participant=136886
*pro* 今天 才 16号 呢
suid=s5 participant=136868
*pro* 28号 就 回去 了 *pro* 不 是 宋坚 结婚 吗
suid=s6 participant=136886
*pro* 不 知道 ， *pro* 不 关 我 事
suid=s7 participant=136868
*pro* 是 的 咯
suid=s8 participant=136886
你 要 去 啊 ？
suid=s9 participant=136868
人家 打 电话 给 我 *pro* 难道 不 去 啊
suid=s10 participant=136886
*pro* 可以 借口 不 去 的 [ 表情 ]
suid=s11 participant=136868
*pro* 不 去 *pro* 也 要 送 钱 的 呀
suid=s12 participant=136868
*pro* 反正 第二 天 就 放假 了 *pro* 正好 回去 么
suid=s13 participant=136886
额 ……
suid=s14 participant=136886
*pro* 29号 就 放假 了 啊 ？
suid=s15 participant=136868
*pro* 对 呀
suid=s16 participant=136886
我们 还 不 知道 *pro* 什么 时候 放假 呢
suid=s17 participant=136868
国家 规定 *pro* 是 29 30 1号 放假 的
suid=s18 participant=136868
我们 单位 肯定 跟 国家 一样 的
suid=s19 participant=136886
*pro* 国家 单位 了 [ 表情 ]
suid=s20 participant=136886
*pro* 求 *pro* 带 [ 表情 ]
suid=s21 participant=136868
你 以后 是 摄影 大师 诶 我 还 指望 你 呢
suid=s22 participant=136886
我 酱油 的 [ 表情 ]
suid=s23 participant=136868
那 你 学 得 专业 点 嘛
suid=s24 participant=136886
*pro* 要 慢慢 学 的 嘛
suid=s25 participant=136868
*pro* 又 没 叫 你 *PRO* 一下子 成为 摄影 大师
suid=s26 participant=136886
哈哈
suid=s27 participant=136886
*pro* 干嘛 老 隐身
suid=s28 participant=136886
*pro* 能 不 能 换 个 头像
suid=s29 participant=136868
哪里 不 好 啦
suid=s30 participant=136886
*pro* 看 着 *pro* 怪怪 的
suid=s31 participant=136886
半 张 脸
suid=s32 participant=136886
*pro* 吓人 呢
suid=s33 participant=136886
我 胆子 这么 小
suid=s34 participant=136886
*pro* 被 *OP* 你 吓坏 *T*-1 了
]]></TEXT>
<TAGS>
<我 comment="default value" end="79" id="我0" start="76" text="pro" type="" />
<我 comment="default value" end="249" id="我1" start="246" text="pro" type="" />
<我 comment="default value" end="311" id="我2" start="308" text="pro" type="" />
<我 comment="default value" end="453" id="我3" start="450" text="pro" type="" />
<我 comment="default value" end="549" id="我4" start="546" text="pro" type="" />
<我 comment="default value" end="559" id="我5" start="556" text="pro" type="" />
<我 comment="default value" end="605" id="我6" start="602" text="pro" type="" />
<我 comment="default value" end="626" id="我7" start="623" text="pro" type="" />
<我 comment="default value" end="798" id="我8" start="795" text="pro" type="" />
<我 comment="default value" end="995" id="我9" start="992" text="pro" type="" />
<我 comment="default value" end="1185" id="我10" start="1182" text="pro" type="" />
<我 comment="default value" end="1230" id="我11" start="1227" text="pro" type="" />
<我 comment="default value" end="1448" id="我12" start="1445" text="pro" type="" />
<我 comment="default value" end="1531" id="我13" start="1528" text="pro" type="" />
<我 comment="default value" end="1608" id="我14" start="1605" text="pro" type="" />
<你 comment="default value" end="35" id="你0" start="32" text="pro" type="" />
<你 comment="default value" end="122" id="你1" start="119" text="pro" type="" />
<你 comment="default value" end="496" id="你2" start="493" text="pro" type="" />
<你 comment="default value" end="701" id="你3" start="698" text="pro" type="" />
<你 comment="default value" end="1003" id="你4" start="1000" text="pro" type="" />
<你 comment="default value" end="1322" id="你5" start="1319" text="pro" type="" />
<你 comment="default value" end="1364" id="你6" start="1361" text="pro" type="" />
<你 comment="default value" end="1458" id="你7" start="1455" text="pro" type="" />
<你们 comment="default value" end="946" id="你们0" start="943" text="pro" type="" />
<event comment="default value" end="324" id="ev0" start="321" text="pro" type="" />
<pleonastic end="205" id="p0" start="202" text="pro" type="" />
<pleonastic end="266" id="p1" start="263" text="pro" type="" />
<pleonastic end="849" id="p2" start="846" text="pro" type="" />
<previous_utterance comment="default value" end="365" id="pr0" start="362" text="pro" type="" />
<previous_utterance comment="default value" end="750" id="pr1" start="747" text="pro" type="" />
</TAGS>
</ProTask>