<?xml version='1.0' encoding='UTF-8'?>
<ProTask>
<TEXT><![CDATA[
suid=s0 participant=134659
你 那边 应该 是 晚上 啦 吧 !
suid=s1 participant=134167
*pro* 是 的 啊
suid=s2 participant=134659
你 跟 雪莲 怎么 啦 ， 我 问 她 ， 她 又 不 说
suid=s3 participant=134659
你们 不 是 好好 的 吗
suid=s4 participant=134659
上 次 因为 *pro* 问 她 ， 你们 什么 时候 结婚 ， 她 就 不 回 我 。
suid=s5 participant=134659
我 是 怕 我 是 不 是 说错 话 啦
suid=s6 participant=134167
你 就 当 *pro* 没 事 好了 ， 这个 *pro* 不 用 在 问 她 *T*-1
suid=s7 participant=134659
*pro* 是 你 欺负 了 她 吗
suid=s8 participant=134167
这 个 事情 是 我 的 问题 ， *pro* 请 你 *PRO* 以后 就 当 *pro* 没 事 好了 ，
suid=s9 participant=134659
哈哈 ， *pro* 谢谢 你 ， 那 我 以后 就 不 会 讲错 话 啦 !
suid=s10 participant=134659
我 是 真心 希望 你们 好好 的
suid=s11 participant=134659
以前 *pro* 看到 你们 那么 好 ， *pro* 真的 让 人 *PRO* 觉得 你们 很 幸福
suid=s12 participant=134659
如果 *pro* 能 抓住 的 *pro* 就 不 要 让 幸福 *PRO* 溜走
suid=s13 participant=134659
今天 我 多嘴 啦
]]></TEXT>
<TAGS>
<我 comment="default value" end="222" id="我0" start="219" text="pro" type="" />
<我 comment="default value" end="472" id="我1" start="469" text="pro" type="" />
<我 comment="default value" end="542" id="我2" start="539" text="pro" type="" />
<我 comment="default value" end="654" id="我3" start="651" text="pro" type="" />
<你 comment="default value" end="359" id="你0" start="356" text="pro" type="" />
<它 comment="default value" end="341" id="它0" start="338" text="pro" type="" />
<它 comment="default value" end="495" id="它1" start="492" text="pro" type="" />
<event comment="default value" end="673" id="ev0" start="670" text="pro" type="" />
<generic comment="default value" end="734" id="g0" start="731" text="pro" type="" />
<generic comment="default value" end="747" id="g1" start="744" text="pro" type="" />
<pleonastic end="408" id="p0" start="405" text="pro" type="" />
<previous_utterance comment="default value" end="78" id="pr0" start="75" text="pro" type="" />
</TAGS>
</ProTask>