<?xml version='1.0' encoding='UTF-8'?>
<ProTask>
<TEXT><![CDATA[
suid=s0 participant=136693
*pro* 认识 *OP* *T*-1 开 旅馆 的 吗
suid=s1 participant=136978
*OP* *T*-1 有 协议 的 酒店 行 吗 ？
*pro* 干 么 啊
suid=s2 participant=136693
大 酒店 吗 ， 还是 快捷 酒店
suid=s3 participant=136693
*pro* no
suid=s4 participant=136978
大 酒店 啊
suid=s5 participant=136693
我 想 *PRO* 开 一 家 快捷 酒店
suid=s6 participant=136693
*pro* 正在 考察 地段
suid=s7 participant=136693
具体 操作 流程 什么 的 *pro* 不 太 熟悉 *T*-1
suid=s8 participant=136693
*pro* 想 *PRO* 找 个 人 *PRO* 带带
suid=s9 participant=136693
*pro* 找 了
suid=s10 participant=136978
*pro* 这么 有 魄力 啊 ， 那 *pro* 就 找 陈彪 啊
suid=s11 participant=136693
我 只 想 *PRO* 开 纯 旅馆
suid=s12 participant=136693
*pro* 不 带 餐饮 的
suid=s13 participant=136693
*pro* 带 餐饮 太 麻烦 了
suid=s14 participant=136693
纯 旅馆 比较 好
suid=s15 participant=136978
哦 ， 那个 *pro* 不 熟 *T*-1 了
suid=s16 participant=136693
你 认识 ？
什么 关系
suid=s17 participant=136978
*pro* 有 个 *OP* *T*-1 开 小 旅馆 的 *pro* 不 是 那 种 规模 的 ， 就 是 那 种 和 火车站 附近 那 种 小 平房 一 类 的
suid=s18 participant=136693
*pro* 可以 啊
suid=s19 participant=136693
*pro* 给 点 经验 也 行 啊
suid=s20 participant=136693
qq *pro* 给 我 *T*-1
suid=s21 participant=136978
我 同事
suid=s22 participant=136693
*pro* 倒
suid=s23 participant=136693
年纪 那么 大 了
suid=s24 participant=136693
唉
suid=s25 participant=136978
[ 表情 ] 50多 的 人 了 不 会 QQ *pro* 好 吧
]]></TEXT>
<TAGS>
<我 comment="default value" end="318" id="我0" start="315" text="pro" type="" />
<我 comment="default value" end="374" id="我1" start="371" text="pro" type="" />
<我 comment="default value" end="420" id="我2" start="417" text="pro" type="" />
<我 comment="default value" end="476" id="我3" start="473" text="pro" type="" />
<我 comment="default value" end="758" id="我4" start="755" text="pro" type="" />
<我 comment="default value" end="1122" id="我5" start="1119" text="pro" type="" />
<你 comment="default value" end="32" id="你0" start="29" text="pro" type="" />
<你 comment="default value" end="115" id="你1" start="112" text="pro" type="" />
<你 comment="default value" end="514" id="你2" start="511" text="pro" type="" />
<你 comment="default value" end="534" id="你3" start="531" text="pro" type="" />
<你 comment="default value" end="1045" id="你4" start="1042" text="pro" type="" />
<他 comment="default value" end="995" id="他0" start="992" text="pro" type="" />
<它 comment="default value" end="624" id="它0" start="621" text="pro" type="" />
<existential comment="default value" end="845" id="e0" start="842" text="pro" type="" />
<event comment="default value" end="875" id="ev0" start="872" text="pro" type="" />
<pleonastic end="667" id="p0" start="664" text="pro" type="" />
<previous_utterance comment="default value" end="199" id="pr0" start="196" text="pro" type="" />
<previous_utterance comment="default value" end="956" id="pr1" start="953" text="pro" type="" />
<previous_utterance comment="default value" end="1250" id="pr2" start="1247" text="pro" type="" />
</TAGS>
</ProTask>