<?xml version='1.0' encoding='UTF-8'?>
<ProTask>
<TEXT><![CDATA[
suid=s0 participant=132620
*pro* 上班 ？
（ *pro* 来自 iPad QQ : http:／／mobile.qq.com ）
suid=s1 participant=130521
*pro* 对
suid=s2 participant=130521
*pro* 忙完 了 ？
suid=s3 participant=132620
*pro* 在家
suid=s4 participant=132620
*pro* 哪 能够 忙 得 完
suid=s5 participant=132620
你们 在 qq 有 同学 群 啊
suid=s6 participant=130521
*pro* 有
suid=s7 participant=130521
高中 的
suid=s8 participant=130521
文科班 和 理科班 都 有
suid=s9 participant=132620
*pro* 不 要 在 你 的 ## 群 中 去 提 我
suid=s10 participant=130521
*pro* 行
suid=s11 participant=132620
我 不 想 *PRO* 和 江西 有 什么 联系
suid=s12 participant=130521
*pro* 老 有 人 问起
suid=s13 participant=130521
爸妈 怎么样
suid=s14 participant=132620
*pro* 都 还 好
suid=s15 participant=132620
一 个 天天 要 吃
suid=s16 participant=132620
一 个 天天 要 骂
suid=s17 participant=130521
哦 ？
suid=s18 participant=132620
我 反正 一 周 也 见 不 了 他们 几 面
suid=s19 participant=132620
他们 俩 斗 去
suid=s20 participant=132620
以后 *pro* 不 要 在 你 的 ## 群 提 我 了
suid=s21 participant=132620
*pro* 就 说 *pro* 不 知道 我 情况 就 可以
suid=s22 participant=132620
你 干嘛 还 告诉 这些 人 我 的 电话 和 qq 啊
suid=s23 participant=130521
我 告诉 #瑶 了
suid=s24 participant=130521
其他 人 我 没有 说 呀
suid=s25 participant=132620
哦
suid=s26 participant=130521
怎么 你 对 #瑶 有 意见 ？
suid=s27 participant=132620
哦
suid=s28 participant=132620
*pro* 没有
suid=s29 participant=132620
但是 好像 不 只 她 知道 吧
suid=s30 participant=130521
那 *pro* 就 结 了 。
好歹 我们 也 是 *OP* *T*-1 从 小 长大 的 玩伴
suid=s31 participant=130521
其他 人 我 可 没 跟 他们 说 过 你 的 QQ 号
suid=s32 participant=130521
龙## 好像 问 过 你 的 电话 号码
suid=s33 participant=130521
你 记得 龙## 吗 ？
suid=s34 participant=132620
*pro* 不 认识
suid=s35 participant=130521
*pro* 就 这 两 个 了
suid=s36 participant=130521
*pro* 没 把 你 的 通讯 方式 告诉 过 别人 *-1
suid=s37 participant=130521
他们 可能 是 通过 其他 渠道 知道 的
suid=s38 participant=132620
*pro* 注意 就 可以
suid=s39 participant=132620
我 不 想 *PRO* 和 江西 有 任何 的 关系
suid=s40 participant=130521
*pro* 有 什么 了不起 了 呀 ? *pro* 弄 得 这么 神秘
suid=s41 participant=132620
*pro* 就 是 不 了不起
suid=s42 participant=132620
*pro* 才 不 想 *PRO* 去 落入 凡俗
suid=s43 participant=130521
*pro* 知道 了
suid=s44 participant=132620
*pro* 谢谢
]]></TEXT>
<TAGS>
<我 comment="default value" end="189" id="我0" start="186" text="pro" type="" />
<我 comment="default value" end="225" id="我1" start="222" text="pro" type="" />
<我 comment="default value" end="1243" id="我2" start="1240" text="pro" type="" />
<我 comment="default value" end="1549" id="我3" start="1546" text="pro" type="" />
<我 comment="default value" end="1632" id="我4" start="1629" text="pro" type="" />
<我 comment="default value" end="1904" id="我5" start="1901" text="pro" type="" />
<我 comment="default value" end="1948" id="我6" start="1945" text="pro" type="" />
<我 comment="default value" end="2002" id="我7" start="1999" text="pro" type="" />
<我 comment="default value" end="2041" id="我8" start="2038" text="pro" type="" />
<你 comment="default value" end="32" id="你0" start="29" text="pro" type="" />
<你 comment="default value" end="149" id="你1" start="146" text="pro" type="" />
<你 comment="default value" end="421" id="你2" start="418" text="pro" type="" />
<你 comment="default value" end="887" id="你3" start="884" text="pro" type="" />
<你 comment="default value" end="942" id="你4" start="939" text="pro" type="" />
<你 comment="default value" end="952" id="你5" start="949" text="pro" type="" />
<你 comment="default value" end="1327" id="你6" start="1324" text="pro" type="" />
<你 comment="default value" end="1742" id="你7" start="1739" text="pro" type="" />
<你 comment="default value" end="1860" id="你8" start="1857" text="pro" type="" />
<它 comment="default value" end="45" id="它0" start="42" text="pro" type="" />
<我们 comment="default value" end="313" id="我们0" start="310" text="pro" type="" />
<他们 comment="default value" end="645" id="他们0" start="642" text="pro" type="" />
<existential comment="default value" end="567" id="e0" start="564" text="pro" type="" />
<existential comment="default value" end="1839" id="e1" start="1836" text="pro" type="" />
<pleonastic end="1588" id="p0" start="1585" text="pro" type="" />
<previous_utterance comment="default value" end="114" id="pr0" start="111" text="pro" type="" />
<previous_utterance comment="default value" end="478" id="pr1" start="475" text="pro" type="" />
</TAGS>
</ProTask>