<?xml version='1.0' encoding='UTF-8'?>
<ProTask>
<TEXT><![CDATA[
suid=s0 participant=137803
潘 老师 我 先 睡 了 *pro* 晚安
suid=s1 participant=137844
李 老师
suid=s2 participant=137803
?
suid=s3 participant=137844
*pro* 对不起 *OP* *pro* *T*-1 打球 的 时候 *pro* 撞到 你
suid=s4 participant=137803
*pro* 昏 ……
suid=s5 participant=137803
你 看 微信 我 把 照片 发给 你 *-1 了
suid=s6 participant=137844
嗯 ， *pro* 看到 了 ， 哈哈
suid=s7 participant=137844
好 大 杯
suid=s8 participant=137803
*pro* 对 啊 *pro* 吓屎 了
suid=s9 participant=137803
潘 老师 我 没有 加 你 校内 啊 ？
suid=s10 participant=137844
*pro* 貌似 是 的
suid=s11 participant=137844
*pro* 没 看到 申请 呢
suid=s12 participant=137844
哦哦
suid=s13 participant=137844
我 赶紧 加 你
suid=s14 participant=137844
*pro* 争做 第一百
suid=s15 participant=137844
哈哈
suid=s16 participant=137803
哈哈
suid=s17 participant=137844
*pro* 有 了 哇 ？
suid=s18 participant=137803
恩 ~ *pro* 快 接受 圈人
suid=s19 participant=137844
*pro* 弱弱 的 问问 *pro* 怎么 接受 。。
suid=s20 participant=137803
你 就 看 请求 那里
suid=s21 participant=137844
*pro* 接受 了
suid=s22 participant=137803
*pro* 好 的
suid=s23 participant=137844
李 老师 还 不 睡 啊
suid=s24 participant=137803
*pro* 在 缓慢 的 写 作业 ……
suid=s25 participant=137844
*pro* 赶紧 休息 了 哈 不然 黑 眼圈 又 要 来 了
suid=s26 participant=137844
明早 *pro* 起来 再 写 吧
suid=s27 participant=137844
现在 效率 也 不 高
suid=s28 participant=137803
头发 也 没 干 反正
suid=s29 participant=137844
*pro* 太 苦 了
suid=s30 participant=137844
我 先 睡 去 了
suid=s31 participant=137803
*pro* 好 的 *pro* 好 的 *pro* 晚安 ~~
suid=s32 participant=137844
*pro* 晚安
]]></TEXT>
<TAGS>
<我 comment="default value" end="142" id="我0" start="139" text="pro" type="" />
<我 comment="default value" end="157" id="我1" start="154" text="pro" type="" />
<我 comment="default value" end="215" id="我2" start="212" text="pro" type="" />
<我 comment="default value" end="309" id="我3" start="306" text="pro" type="" />
<我 comment="default value" end="395" id="我4" start="392" text="pro" type="" />
<我 comment="default value" end="482" id="我5" start="479" text="pro" type="" />
<我 comment="default value" end="523" id="我6" start="520" text="pro" type="" />
<我 comment="default value" end="635" id="我7" start="632" text="pro" type="" />
<我 comment="default value" end="826" id="我8" start="823" text="pro" type="" />
<我 comment="default value" end="840" id="我9" start="837" text="pro" type="" />
<我 comment="default value" end="923" id="我10" start="920" text="pro" type="" />
<我 comment="default value" end="1041" id="我11" start="1038" text="pro" type="" />
<我 comment="default value" end="1153" id="我12" start="1150" text="pro" type="" />
<我 comment="default value" end="177" id="我13" start="174" text="pro" type="" />
<你 comment="default value" end="45" id="你0" start="42" text="pro" type="" />
<你 comment="default value" end="784" id="你1" start="781" text="pro" type="" />
<你 comment="default value" end="1090" id="你2" start="1087" text="pro" type="" />
<你 comment="default value" end="1276" id="你3" start="1273" text="pro" type="" />
<你 comment="default value" end="1374" id="你4" start="1371" text="pro" type="" />
<你 comment="default value" end="1414" id="你5" start="1411" text="pro" type="" />
<existential comment="default value" end="738" id="e0" start="735" text="pro" type="" />
<previous_utterance comment="default value" end="385" id="pr0" start="382" text="pro" type="" />
<previous_utterance comment="default value" end="962" id="pr1" start="959" text="pro" type="" />
<previous_utterance comment="default value" end="1354" id="pr2" start="1351" text="pro" type="" />
<previous_utterance comment="default value" end="1364" id="pr3" start="1361" text="pro" type="" />
</TAGS>
</ProTask>