<?xml version='1.0' encoding='UTF-8'?>
<ProTask>
<TEXT><![CDATA[
suid=s0 participant=131623
...
suid=s1 participant=131623
咱们 这 个 月 16号 去 拍 那 个 照片
suid=s2 participant=132663
恩恩
suid=s3 participant=132663
我 知道
suid=s4 participant=131623
你 带 谁 *PRO* 去 ？
suid=s5 participant=131623
*pro* 带 妹妹 ？
suid=s6 participant=131623
？
suid=s7 participant=132663
妹妹 不 一定 去
suid=s8 participant=131623
你 要 不 带 妹妹 *PRO* 去 的话 。
我 就 找 别的 人 了 [ 表情 ]
suid=s9 participant=131623
要不 你 带 姐姐 妹妹 一起 吧 [ 表情 ]
suid=s10 participant=132663
你 找 谁
suid=s11 participant=131623
你 又 不 认识
suid=s12 participant=132663
荣利 ？
suid=s13 participant=131623
*pro* 不 是
suid=s14 participant=131623
我 和 人家 不 熟 。
suid=s15 participant=132663
[ 表情 ] *pro* 到底 谁 啊
suid=s16 participant=131623
*pro* 找 个 别的 人 就 行 呗 。
*OP* 关系 *T*-1 好 的 。
非得 *pro* 带 对象 *PRO* 去 么 [ 表情 ]
suid=s17 participant=132663
那 你 俩 照 什么 主题
suid=s18 participant=131623
*pro* 可以 假装 情侣 啊
suid=s19 participant=132663
*pro* 可以 啊
suid=s20 participant=132663
我 可以 找 别人
suid=s21 participant=131623
*pro* 也 可以 是 *OP* *T*-1 随便 的 朋友 关系 啊
suid=s22 participant=131623
嗯 。
你 看看 吧 。
suid=s23 participant=131623
你 要 不 带 妹妹 的话 。
我 就 开始 找 人 了 [ 表情 ]
suid=s24 participant=131623
我 这边 看 你
suid=s25 participant=131623
你 问问 妹妹 吧 。。
suid=s26 participant=131623
反正 我 问 姐姐 了 。
姐姐 不 去
suid=s27 participant=131623
*pro* 对 了 。
*pro* 还 得 自己 准备 衣服 。。 大爷的 。
suid=s28 participant=132663
[ 表情 ] *pro* 不 是 他 提供 衣服 啊
suid=s29 participant=131623
*pro* 不 是
suid=s30 participant=132663
*pro* 是 吧
suid=s31 participant=132663
妹妹 去 的话 *pro* 怎样 ？
suid=s32 participant=131623
我 也 不 知道 。。 反正 我 拉 不 动 姐姐
suid=s33 participant=131623
*pro* 大不了 找 韩静 *PRO* 去 [ 表情 ]
suid=s34 participant=132663
[ 表情 ] 我 刚 想 *PRO* 找 她
suid=s35 participant=132663
那 我 找 别人 啊
suid=s36 participant=131623
.. *pro* 好 吧 。
那 你 找 吧 。
suid=s37 participant=131623
我 换 人
suid=s38 participant=132663
我 找 别的 系 的
suid=s39 participant=131623
我 可能 找 大二 的
suid=s40 participant=132663
我 还是 自己 去 吧
suid=s41 participant=131623
我 问问 徐荣莉 吧
suid=s42 participant=131623
我 最近 努力 的 拉 关系 吧 。。
suid=s43 participant=131623
你 认识 陈牧挥 么 ？
suid=s44 participant=131623
建筑 的
suid=s45 participant=132663
*pro* 不 认识 啊
suid=s46 participant=131623
*pro* 好 吧 。
*pro* 当 我 啥 也 没 说 *-1
suid=s47 participant=132663
[ 表情 ] *pro* 怎么 了
suid=s48 participant=131623
*pro* 没 事 。。。 *pro* 看看 *pro* 能 带 谁 *PRO* 去 吧 [ 表情 ]
suid=s49 participant=132663
[ 表情 ] 我 自己 去
suid=s50 participant=131623
[ 表情 ] *pro* 别 啊 。
suid=s51 participant=131623
那 显得 我 多 不 好
]]></TEXT>
<TAGS>
<我 comment="default value" end="726" id="我0" start="723" text="pro" type="" />
<我 comment="default value" end="1255" id="我1" start="1252" text="pro" type="" />
<我 comment="default value" end="1543" id="我2" start="1540" text="pro" type="" />
<我 comment="default value" end="2058" id="我3" start="2055" text="pro" type="" />
<我 comment="default value" end="2207" id="我4" start="2204" text="pro" type="" />
<我 comment="default value" end="2221" id="我5" start="2218" text="pro" type="" />
<我 comment="default value" end="2230" id="我6" start="2227" text="pro" type="" />
<你 comment="default value" end="219" id="你0" start="216" text="pro" type="" />
<你 comment="default value" end="680" id="你1" start="677" text="pro" type="" />
<你 comment="default value" end="1450" id="你2" start="1447" text="pro" type="" />
<你 comment="default value" end="2111" id="你3" start="2108" text="pro" type="" />
<你 comment="default value" end="2168" id="你4" start="2165" text="pro" type="" />
<你 comment="default value" end="2336" id="你5" start="2333" text="pro" type="" />
<她 comment="default value" end="639" id="她0" start="636" text="pro" type="" />
<我们 comment="default value" end="869" id="我们0" start="866" text="pro" type="" />
<你们 comment="default value" end="824" id="你们0" start="821" text="pro" type="" />
<他们 comment="default value" end="946" id="他们0" start="943" text="pro" type="" />
<pleonastic end="1318" id="p0" start="1315" text="pro" type="" />
<previous_utterance comment="default value" end="553" id="pr0" start="550" text="pro" type="" />
<previous_utterance comment="default value" end="1243" id="pr1" start="1240" text="pro" type="" />
<previous_utterance comment="default value" end="1366" id="pr2" start="1363" text="pro" type="" />
<previous_utterance comment="default value" end="1404" id="pr3" start="1401" text="pro" type="" />
<previous_utterance comment="default value" end="1694" id="pr4" start="1691" text="pro" type="" />
<previous_utterance comment="default value" end="2099" id="pr5" start="2096" text="pro" type="" />
</TAGS>
</ProTask>