<?xml version='1.0' encoding='UTF-8'?>
<ProTask>
<TEXT><![CDATA[
suid=s0 participant=134098
你 打算 *PRO* 什么 时候 去
suid=s1 participant=131226
我 不 去 厂部
suid=s2 participant=131226
我 是 找 你 和 董政 *PRO* 一块 看 西装 去 的
suid=s3 participant=131226
国人 西装
suid=s4 participant=134098
你 得 要 多 长 时间
suid=s5 participant=131226
15 分钟
suid=s6 participant=131226
关键 是 你 俩 得 试穿 下
suid=s7 participant=134098
那 行 *pro* 上 了 班 咱 就 走
suid=s8 participant=131226
*pro* 行
suid=s9 participant=134098
要不 咱 现在 去 也 行
suid=s10 participant=131226
这样 ， 我 中午 从 家 回来 就 在 一 楼 给 你 打 电话
suid=s11 participant=134098
*pro* 好 *pro* 有 我们 的 西装 没
suid=s12 participant=131226
*pro* 有 的
suid=s13 participant=131226
*pro* 所以 才 找 你 俩 *PRO* 先 去 试 一下 ， 提 下 意见
suid=s14 participant=134098
[ 表情 ] *pro* 不 要 钱 吧
suid=s15 participant=131226
*pro* 试穿 *pro* 不 要 钱
suid=s16 participant=131226
*pro* 定做 *pro* 就 要 要 钱 了 。
suid=s17 participant=134098
*pro* 刚 从 魏 总 那 回来 你 是 不 是 感觉 我 和 老董 的 体型 穿上 国人 西装 *pro* 很 容易 提 意见
suid=s18 participant=131226
*pro* 不 是 。
我 不 是 觉得 你 俩 和 我 关系 好 嘛
suid=s19 participant=134098
我 穿 300 的 衬衣 我 媳妇 说 *pro* 最多 值 30 [ 表情 ]
suid=s20 participant=131226
别人 我 都 叫 不 动 *T*-1 。
suid=s21 participant=131226
呵呵
suid=s22 participant=134098
下午 到 了 *pro* 就 叫 我们 就 行 了
suid=s23 participant=131226
*pro* 哪 有 ！
suid=s24 participant=131226
*pro* 行
suid=s25 participant=131226
*pro* 回来 了 吗 ？
]]></TEXT>
<TAGS>
<我 comment="default value" end="823" id="我0" start="820" text="pro" type="" />
<你 comment="default value" end="325" id="你0" start="322" text="pro" type="" />
<你 comment="default value" end="1138" id="你1" start="1135" text="pro" type="" />
<你 comment="default value" end="1261" id="你2" start="1258" text="pro" type="" />
<它 comment="default value" end="1002" id="它0" start="999" text="pro" type="" />
<你们 comment="default value" end="719" id="你们0" start="716" text="pro" type="" />
<他们 comment="default value" end="517" id="他们0" start="514" text="pro" type="" />
<他们 comment="default value" end="563" id="他们1" start="560" text="pro" type="" />
<他们 comment="default value" end="601" id="他们2" start="598" text="pro" type="" />
<他们 comment="default value" end="777" id="他们4" start="774" text="pro" type="" />
<他们 comment="default value" end="728" id="他们5" start="725" text="pro" type="" />
<event comment="default value" end="677" id="ev0" start="674" text="pro" type="" />
<event comment="default value" end="918" id="ev2" start="915" text="pro" type="" />
<generic comment="default value" end="768" id="g0" start="765" text="pro" type="" />
<generic comment="default value" end="874" id="g1" start="871" text="pro" type="" />
<previous_utterance comment="default value" end="370" id="pr0" start="367" text="pro" type="" />
<previous_utterance comment="default value" end="509" id="pr1" start="506" text="pro" type="" />
<previous_utterance comment="default value" end="1185" id="pr2" start="1182" text="pro" type="" />
<previous_utterance comment="default value" end="1225" id="pr3" start="1222" text="pro" type="" />
</TAGS>
</ProTask>