<?xml version='1.0' encoding='UTF-8'?>
<ProTask>
<TEXT><![CDATA[
suid=s0 participant=137830
你 的 明信片 *pro* 今天 收到 *T*-1 了 ， 你 还 找 了 个 *OP* *T*-2 有 cloud 的 图片 啊 呵呵
suid=s1 participant=137830
恩 你 回家 了 还是 还 在 外边 玩 呢 ？
suid=s2 participant=137830
喔
suid=s3 participant=137830
你们 在 那边 下 paper *pro* 也 是 ieee 么 ？
suid=s4 participant=137830
现在 *pro* 方便 不 ？
*pro* 帮 我 *PRO* 查查 你 能 不 能 下载 这 个 paper “ method of symmetrical coordinates applied to the solution of polyphase networks ” C.L.Fortescue
suid=s5 participant=137803
我 看看
suid=s6 participant=137830
*pro* Ok
suid=s7 participant=137803
这个 啊 ？
suid=s8 participant=137830
en
suid=s9 participant=137830
*pro* 能 下 不 ？
suid=s10 participant=137803
*pro* 可以 啊
suid=s11 participant=137830
哈哈 *pro* 牛逼 啊 *pro* 拿 给 我 传 下 吧
suid=s12 participant=137830
*pro* 太 牛逼 了 ， 这个 在 UK 下 不 了
suid=s13 participant=137803
*pro* 原来 是 这样 ……
suid=s14 participant=137830
这 是 1918年 的 paper
suid=s15 participant=137830
*pro* 谢谢 啊
suid=s16 participant=137803
*pro* 好 古老
suid=s17 participant=137803
*pro* 不 谢 不 谢
suid=s18 participant=137830
恩呢 *pro* 先 不 打扰 你 了 哈 我 先 看看 ， *pro* 回头 聊
suid=s19 participant=137803
*pro* 好 *pro* 88
suid=s20 participant=137830
*pro* 88 6
]]></TEXT>
<TAGS>
<我 comment="default value" end="40" id="我0" start="37" text="pro" type="" />
<我 comment="default value" end="626" id="我1" start="623" text="pro" type="" />
<我 comment="default value" end="873" id="我2" start="870" text="pro" type="" />
<我 comment="default value" end="996" id="我3" start="993" text="pro" type="" />
<你 comment="default value" end="274" id="你0" start="271" text="pro" type="" />
<你 comment="default value" end="287" id="你1" start="284" text="pro" type="" />
<你 comment="default value" end="584" id="你2" start="581" text="pro" type="" />
<你 comment="default value" end="668" id="你3" start="665" text="pro" type="" />
<你 comment="default value" end="679" id="你4" start="676" text="pro" type="" />
<你 comment="default value" end="725" id="你5" start="722" text="pro" type="" />
<你 comment="default value" end="912" id="你6" start="909" text="pro" type="" />
<你 comment="default value" end="951" id="你7" start="948" text="pro" type="" />
<我们 comment="default value" end="1024" id="我们0" start="1021" text="pro" type="" />
<我们 comment="default value" end="1071" id="我们1" start="1068" text="pro" type="" />
<我们 comment="default value" end="1108" id="我们2" start="1105" text="pro" type="" />
<pleonastic end="225" id="p0" start="222" text="pro" type="" />
<pleonastic end="782" id="p1" start="779" text="pro" type="" />
<previous_utterance comment="default value" end="484" id="pr0" start="481" text="pro" type="" />
<previous_utterance comment="default value" end="1063" id="pr1" start="1060" text="pro" type="" />
</TAGS>
</ProTask>