<?xml version='1.0' encoding='UTF-8'?>
<ProTask>
<TEXT><![CDATA[
suid=s0 participant=137803
亲爱 勒 你 星期五 要 上课 不 嘛 ？
suid=s1 participant=137803
*pro* 咋个 安排 啦 ？
suid=s2 participant=137834
青阿天 也 不 上班 ， 你 有 事 不得 ？
[ 表情 ]
suid=s3 participant=137803
*pro* 没得 撒 我 闲 得 很
suid=s4 participant=137803
*pro* 要 不 要 我们 克 金阳 找 你 ？
suid=s5 participant=137834
那 我们 就 星期五 出来 嘛 ， 我 *pro* 早上 考试 ， 考完 就 可以 走 哦
suid=s6 participant=137834
我们 可以 一起 吃 中午 饭 [ 表情 ]
suid=s7 participant=137803
*pro* 好 勒 ~~~ *pro* 要 不 要 我们 克 金阳 找 你 ？
suid=s8 participant=137834
*pro* 算咯 ， *pro* 难得 跑 ！
我们 就 在 贵阳 见 嘛 ~ 你 想 *PRO* 吃 哪样 ？
嘿嘿
suid=s9 participant=137803
*pro* 有 哪样 *OP* *T*-1 新鲜 勒 没得 嘛 ？？
suid=s10 participant=137834
你 吃 得 惯 豆士 不 ？
我 在 碧海 花园 吃到 一 家 豆士 火锅 我 觉得 *T*-1 还 不错 ， 就是 有点 重口味 [ 表情 ]
suid=s11 participant=137803
为哟 ！
我 就 喜欢 重口味 我 刚刚 看成 土豆 哦 我 还 在 想 土豆 有 哪样 *pro* 吃 不 来 勒
suid=s12 participant=137834
哈哈哈哈 那 我们 就 克 吃 这个 ？
那 你们 真的 要 来 金阳 找 我 哦
suid=s13 participant=137834
*pro* 吃完 身上 会 有 脚臭 [ 表情 ] [ 表情 ]
suid=s14 participant=137803
哈哈哈哈 *pro* 好 嘛 *pro* 好 嘛
suid=s15 participant=137834
我 明天 克 问 哈 *pro* 咋 坐车 再 给 你们 说 哈
suid=s16 participant=137803
*pro* 可以 可以
suid=s17 participant=137834
[ 表情 ] *pro* 星期五 见 哈 [ 表情 ] [ 表情 ] [ 表情 ]
suid=s18 participant=137803
*pro* 好 勒 么么么 ！
suid=s19 participant=137834
考试 时间 *pro* 还 没 通知 *T*-1 ， 不过 *pro* 一般 都 是 早上 9点 。
你们 十一点 左右 到 这边 就 可以 哦 ~
suid=s20 participant=137803
哦 *pro* 好 勒 ~~
]]></TEXT>
<TAGS>
<我 comment="default value" end="182" id="我0" start="179" text="pro" type="" />
<我 comment="default value" end="301" id="我1" start="298" text="pro" type="" />
<我 comment="default value" end="767" id="我3" start="764" text="pro" type="" />
<你 comment="default value" end="81" id="你0" start="78" text="pro" type="" />
<你 comment="default value" end="228" id="你1" start="225" text="pro" type="" />
<你 comment="default value" end="418" id="你2" start="415" text="pro" type="" />
<你 comment="default value" end="471" id="你3" start="468" text="pro" type="" />
<你 comment="default value" end="482" id="你4" start="479" text="pro" type="" />
<你 comment="default value" end="1004" id="你7" start="1001" text="pro" type="" />
<它 comment="default value" end="1238" id="它0" start="1235" text="pro" type="" />
<我们 comment="default value" end="879" id="我们0" start="876" text="pro" type="" />
<我们 comment="default value" end="1101" id="我们1" start="1098" text="pro" type="" />
<他们 comment="default value" end="1214" id="他们0" start="1211" text="pro" type="" />
<existential comment="default value" end="558" id="e1" start="555" text="pro" type="" />
<previous_utterance comment="default value" end="404" id="pr0" start="401" text="pro" type="" />
<previous_utterance comment="default value" end="945" id="pr1" start="942" text="pro" type="" />
<previous_utterance comment="default value" end="955" id="pr2" start="952" text="pro" type="" />
<previous_utterance comment="default value" end="1054" id="pr3" start="1051" text="pro" type="" />
<previous_utterance comment="default value" end="1164" id="pr4" start="1161" text="pro" type="" />
<previous_utterance comment="default value" end="1313" id="pr5" start="1310" text="pro" type="" />
</TAGS>
</ProTask>