<?xml version='1.0' encoding='UTF-8'?>
<ProTask>
<TEXT><![CDATA[
suid=s0 participant=133527
*pro* 出差 回来 啦
suid=s1 participant=133485
恩
suid=s2 participant=133527
*pro* 想 *PRO* 问 一下 你 家 宝贝 都 在 *pro* 走向 北大 培 作文 么
suid=s3 participant=133485
*pro* 没有 额
suid=s4 participant=133485
这 个 学期 *pro* 没有 去 了
suid=s5 participant=133485
*pro* 觉得 *pro* 没有 什么 作用
suid=s6 participant=133485
孩子 回来 *pro* 还 要 写 作文
suid=s7 participant=133527
那 *pro* 作文 不 培 *-1 啦 ？
suid=s8 participant=133485
*pro* 不 搞 了
suid=s9 participant=133485
*pro* 回来 *pro* 还 要 写 作文 ， 还 有 阅读
suid=s10 participant=133485
*pro* 全部 是 应付
suid=s11 participant=133485
*pro* 没有 多 大 意义
suid=s12 participant=133485
我们 也 是 的
suid=s13 participant=133485
*pro* 所以 就 取消 了 作文
suid=s14 participant=133485
*pro* 培优 作文 也 超 花 时间 的
suid=s15 participant=133485
*pro* 每 周 一 篇
suid=s16 participant=133485
*pro* 还 有 阅读
suid=s17 participant=133485
*pro* 哪 有 时间 做
suid=s18 participant=133485
我们 期中 考试 语文 也 是 超级 差劲
suid=s19 participant=133485
阅读 和 作文 一塌糊涂
suid=s20 participant=133485
*pro* 是 英语 吗
suid=s21 participant=133527
*pro* 是
suid=s22 participant=133527
你们 英语 学 音标 没 现在 *pro* 学 是否 太 早 了
suid=s23 participant=133485
*pro* 没有
suid=s24 participant=133485
*pro* 就是 学 了 语法
suid=s25 participant=133527
语法 更 难 了 *pro* 难为 娃们 [ 表情 ]
suid=s26 participant=133485
*pro* 裹 了 一 年 ， 几 个 *OP* *T*-1 简单 的 *pro* 总算 有点 清楚 *T*-2 了
suid=s27 participant=133485
一般 现在 时 ， *pro* 现在 进行 时 ， *pro* 过去 进行 时
suid=s28 participant=133485
*pro* 就 这 三 个 ， 裹 了 *T*-1 一 年
suid=s29 participant=133527
*pro* 对 了 *pro* 走向 北大 能 给 多少 楚才 杯 参赛 证 啊
suid=s30 participant=133485
*pro* 不 知道
suid=s31 participant=133485
我 就 没有 关心 这 个 问题
suid=s32 participant=133485
我们 作文 也 就 那样
suid=s33 participant=133485
*pro* 在 学校 都 不 拔尖
suid=s34 participant=133485
新慧 作文 在 哪里
suid=s35 participant=133485
*pro* 是 不 是 水果湖 那里 ‘
suid=s36 participant=133527
*pro* 是 的
]]></TEXT>
<TAGS>
<我 comment="default value" end="32" id="我0" start="29" text="pro" type="" />
<我 comment="default value" end="102" id="我1" start="99" text="pro" type="" />
<我 comment="default value" end="263" id="我2" start="260" text="pro" type="" />
<我 comment="default value" end="1507" id="我3" start="1504" text="pro" type="" />
<他 comment="default value" end="132" id="他0" start="129" text="pro" type="" />
<他 comment="default value" end="178" id="他1" start="175" text="pro" type="" />
<他 comment="default value" end="223" id="他2" start="220" text="pro" type="" />
<他 comment="default value" end="320" id="他3" start="317" text="pro" type="" />
<他 comment="default value" end="364" id="他4" start="361" text="pro" type="" />
<他 comment="default value" end="412" id="他5" start="409" text="pro" type="" />
<他 comment="default value" end="451" id="他6" start="448" text="pro" type="" />
<他 comment="default value" end="460" id="他7" start="457" text="pro" type="" />
<他 comment="default value" end="512" id="他8" start="509" text="pro" type="" />
<它 comment="default value" end="272" id="它0" start="269" text="pro" type="" />
<它 comment="default value" end="733" id="它1" start="730" text="pro" type="" />
<它 comment="default value" end="775" id="它2" start="772" text="pro" type="" />
<它 comment="default value" end="950" id="它3" start="947" text="pro" type="" />
<它 comment="default value" end="1717" id="它4" start="1714" text="pro" type="" />
<我们 comment="default value" end="635" id="我们0" start="632" text="pro" type="" />
<我们 comment="default value" end="1088" id="我们1" start="1085" text="pro" type="" />
<我们 comment="default value" end="1125" id="我们2" start="1122" text="pro" type="" />
<我们 comment="default value" end="1225" id="我们3" start="1222" text="pro" type="" />
<我们 comment="default value" end="1261" id="我们4" start="1258" text="pro" type="" />
<我们 comment="default value" end="1632" id="我们5" start="1629" text="pro" type="" />
<你们 comment="default value" end="1043" id="你们0" start="1040" text="pro" type="" />
<event comment="default value" end="554" id="ev0" start="551" text="pro" type="" />
<generic comment="default value" end="682" id="g0" start="679" text="pro" type="" />
<generic comment="default value" end="816" id="g1" start="813" text="pro" type="" />
<generic comment="default value" end="1322" id="g2" start="1319" text="pro" type="" />
<generic comment="default value" end="1338" id="g3" start="1335" text="pro" type="" />
<generic comment="default value" end="1448" id="g4" start="1445" text="pro" type="" />
<pleonastic end="1178" id="p0" start="1175" text="pro" type="" />
<pleonastic end="1380" id="p1" start="1377" text="pro" type="" />
<previous_utterance comment="default value" end="991" id="pr0" start="988" text="pro" type="" />
<previous_utterance comment="default value" end="1438" id="pr1" start="1435" text="pro" type="" />
<previous_utterance comment="default value" end="1766" id="pr2" start="1763" text="pro" type="" />
</TAGS>
</ProTask>