<?xml version='1.0' encoding='UTF-8'?>
<ProTask>
<TEXT><![CDATA[
suid=s0 participant=130521
近来 *pro* 可好
suid=s1 participant=132623
*pro* 很 久 没 见 你
suid=s2 participant=130521
你 也 嫌少 露面
suid=s3 participant=132623
*pro* 老 样子 ， 生活 单调
suid=s4 participant=130521
鲜少
suid=s5 participant=132623
*pro* 最近 在 暗处 [ 表情 ]
suid=s6 participant=130521
钓鱼 是 够 单调 的
suid=s7 participant=132623
你 最近 还 好
suid=s8 participant=130521
*pro* 忙
suid=s9 participant=130521
家里 来 了 客人
suid=s10 participant=130521
里外 都 忙
suid=s11 participant=132623
钓鱼 只是 周末
suid=s12 participant=132623
亲戚 ？
suid=s13 participant=130521
婆婆 一 家 来 了
suid=s14 participant=132623
我 后天 回 ## 。
suid=s15 participant=132623
那 你 习惯 吗
suid=s16 participant=130521
*pro* 忙 呗
suid=s17 participant=132623
*pro* 得 好好 表现 [ 表情 ]
suid=s18 participant=130521
生活 习惯 很 不 一样 ， 不过 我 不 乱 说话
suid=s19 participant=130521
*pro* 有 什么 要 说 老公 出面
suid=s20 participant=132623
婆媳 难 处 啊
suid=s21 participant=130521
*pro* 还好 不 是 常住
suid=s22 participant=132623
心态 放宽 就 是 了 [ 表情 ]
suid=s23 participant=130521
*pro* 保持 沉默
suid=s24 participant=132623
我 家 那 位 有时 乱 说 ， 尾巴 很 难 去 处理 ， 不过 我 已经 习惯 了 [ 表情 ]
suid=s25 participant=130521
那 你 做 夹心 饼 ？
suid=s26 participant=132623
心态 放宽 ， 面子 不 要 [ 表情 ]
suid=s27 participant=132623
夹心 饼 很 难受 的 。
suid=s28 participant=130521
*pro* 也 是
suid=s29 participant=130521
所以 我 选择 *PRO* 少 说话 ， 多 做事 ，
suid=s30 participant=130521
婆婆 认为 我 很 勤快 ， 所以 也 不 为难 我
suid=s31 participant=132623
*pro* 有 机会 *pro* 就 去 工厂 换换气 ， 或 钓钓鱼 ， 自己 调节 [ 表情 ]
suid=s32 participant=130521
你 爸妈 还 在 广州 跟 你 住 吗 ？
suid=s33 participant=132623
有时 *pro* 也 做做 鸵鸟 [ 表情 ]
suid=s34 participant=132623
他们 在 ## 市区 ， 我们 住 ##
suid=s35 participant=130521
*pro* 不 在 一 个 屋檐 下 好 很多 ， 就是 你 要 两 头 跑
suid=s36 participant=132623
我 一 个 星期 在 市区 呆 2 天
suid=s37 participant=132623
*pro* 可能 是 价值观 的 差异 吧
suid=s38 participant=130521
*pro* 有没有 想 过 自己 老 了 会 怎么样 ？
suid=s39 participant=130521
*pro* 是 不 是 也 会 巴巴 地 要 跟 孩子 在 一起 ？
suid=s40 participant=132623
*pro* 老 了 *pro* 好 打发 ： *pro* 一 支 鱼竿 闯 江湖 [ 表情 ]
suid=s41 participant=130521
你 老婆 肯定 想 *PRO* 跟 孩子 在 一起
suid=s42 participant=132623
*pro* 诂计 *pro* 是 这样
suid=s43 participant=132623
*pro* 老是 粘 着 也 不 好
suid=s44 participant=132623
你 忙 我 先 下 了
suid=s45 participant=130521
*pro* bye
]]></TEXT>
<TAGS>
<我 comment="default value" end="71" id="我0" start="68" text="pro" type="" />
<我 comment="default value" end="151" id="我1" start="148" text="pro" type="" />
<我 comment="default value" end="227" id="我2" start="224" text="pro" type="" />
<我 comment="default value" end="350" id="我3" start="347" text="pro" type="" />
<我 comment="default value" end="644" id="我4" start="641" text="pro" type="" />
<我 comment="default value" end="963" id="我5" start="960" text="pro" type="" />
<我 comment="default value" end="1364" id="我6" start="1361" text="pro" type="" />
<我 comment="default value" end="1375" id="我7" start="1372" text="pro" type="" />
<我 comment="default value" end="1496" id="我8" start="1493" text="pro" type="" />
<我 comment="default value" end="1879" id="我11" start="1876" text="pro" type="" />
<我 comment="default value" end="1889" id="我12" start="1886" text="pro" type="" />
<我 comment="default value" end="1902" id="我13" start="1899" text="pro" type="" />
<我 comment="default value" end="2009" id="我14" start="2006" text="pro" type="" />
<你 comment="default value" end="35" id="你0" start="32" text="pro" type="" />
<你 comment="default value" end="682" id="你1" start="679" text="pro" type="" />
<你 comment="default value" end="786" id="你2" start="783" text="pro" type="" />
<你 comment="default value" end="1759" id="你3" start="1756" text="pro" type="" />
<我们 comment="default value" end="1709" id="我们0" start="1706" text="pro" type="" />
<我们 comment="default value" end="2144" id="我们1" start="2141" text="pro" type="" />
<你们 comment="default value" end="1594" id="你们0" start="1591" text="pro" type="" />
<你们 comment="default value" end="1816" id="你们1" start="1813" text="pro" type="" />
<generic comment="default value" end="2057" id="g0" start="2054" text="pro" type="" />
<pleonastic end="872" id="p0" start="869" text="pro" type="" />
<pleonastic end="2018" id="p2" start="2015" text="pro" type="" />
<previous_utterance comment="default value" end="1215" id="pr0" start="1212" text="pro" type="" />
</TAGS>
</ProTask>