<?xml version='1.0' encoding='UTF-8'?>
<ProTask>
<TEXT><![CDATA[
suid=s0 participant=135610
*pro* 开学 上 了 课 ~~~ *pro* 好 晕 啊 ~~
suid=s1 participant=135817
呵呵 *pro* 怎么样
suid=s2 participant=135610
*pro* 还 好 吧
suid=s3 participant=135610
*pro* 这 两 天 到处 听课
suid=s4 participant=135610
*pro* 决定 *PRO* 选 课 真是 难 啊 。。。。。
suid=s5 participant=135817
你 不 认识 什么 你 那 个 专业 的 人 么 ？
suid=s6 participant=135817
他们 的 建议 很 有用
suid=s7 participant=135610
*pro* 有 啊
suid=s8 participant=135610
可是 我们 专业 真是 太 随意 了
suid=s9 participant=135610
什么 课 都 能 选 ……
suid=s10 participant=135817
哪 很 好 啊
suid=s11 participant=135610
然后 我 *OP* *pro* 这 两 天 上 *T*-1 的 课 虽然 听 不 太 懂 *-2
suid=s12 participant=135610
可是 我 觉得 *pro* 很 有意思
suid=s13 participant=135610
所以 *pro* 很 想 *PRO* 选 ~
suid=s14 participant=135817
哈哈
suid=s15 participant=135817
什么 课 呢
suid=s16 participant=135610
一 个 政府 关系 的
suid=s17 participant=135610
*pro* 还 有 一 个 risk management
suid=s18 participant=135817
呵呵 ， *pro* 听 起来 *pro* 蛮 不错 的
suid=s19 participant=135610
*pro* 是 啊
suid=s20 participant=135610
虽然 *OP* 老师 上课 讲 *T*-1 的 我 听 不 太 懂 *T*-2 。。。
suid=s21 participant=135817
*pro* 看 不 懂 *pro* 就 只 能 看 书 咯
suid=s22 participant=135817
*pro* 对 了
suid=s23 participant=135817
你 那 个 地方 住 的 *-1 怎么样
suid=s24 participant=135610
不过 我 觉得 *pro* 还 行 ~ *pro* 习惯 了 就 好 ~~~~
suid=s25 participant=135610
*pro* 挺 好 的
suid=s26 participant=135610
就是 房子 比较 酒
suid=s27 participant=135610
旧
suid=s28 participant=135610
但是 *pro* 离 学校 超级 近
suid=s29 participant=135817
*pro* 很 给力 哦
suid=s30 participant=135817
*pro* 觉得 中国 城 的 东西 好吃 么
suid=s31 participant=135610
嗯 ！
suid=s32 participant=135610
*pro* 超 好吃 ~
suid=s33 participant=135610
中国 超市 都 是 中文 ~~~~
suid=s34 participant=135817
那 当然 啊 ，，
suid=s35 participant=135610
*pro* 觉得 *pro* 很 亲切 ~~~~
suid=s36 participant=135610
*pro* 来到 这里 厨艺 都 变好 了 ~
suid=s37 participant=135817
哈哈 *pro* 厉害 哦
suid=s38 participant=135610
*pro* *pro* 开学 前 天天 煮饭 ~
suid=s39 participant=135610
不过 *pro* 开学 了 忙 了 *pro* 可能 就 没 时间 啦 ~
]]></TEXT>
<TAGS>
<我 comment="default value" end="32" id="我0" start="29" text="pro" type="" />
<我 comment="default value" end="51" id="我1" start="48" text="pro" type="" />
<我 comment="default value" end="133" id="我2" start="130" text="pro" type="" />
<我 comment="default value" end="172" id="我3" start="169" text="pro" type="" />
<我 comment="default value" end="217" id="我4" start="214" text="pro" type="" />
<我 comment="default value" end="541" id="我5" start="538" text="pro" type="" />
<我 comment="default value" end="659" id="我6" start="656" text="pro" type="" />
<我 comment="default value" end="1191" id="我7" start="1188" text="pro" type="" />
<我 comment="default value" end="1203" id="我8" start="1200" text="pro" type="" />
<我 comment="default value" end="1251" id="我9" start="1248" text="pro" type="" />
<我 comment="default value" end="1657" id="我10" start="1654" text="pro" type="" />
<我 comment="default value" end="1710" id="我11" start="1707" text="pro" type="" />
<我 comment="default value" end="1804" id="我12" start="1801" text="pro" type="" />
<我 comment="default value" end="1810" id="我13" start="1807" text="pro" type="" />
<你 comment="default value" end="96" id="你0" start="93" text="pro" type="" />
<你 comment="default value" end="1038" id="你1" start="1035" text="pro" type="" />
<你 comment="default value" end="1050" id="你2" start="1047" text="pro" type="" />
<你 comment="default value" end="1407" id="你3" start="1404" text="pro" type="" />
<你 comment="default value" end="1448" id="你4" start="1445" text="pro" type="" />
<你 comment="default value" end="1765" id="你5" start="1762" text="pro" type="" />
<你 comment="default value" end="1860" id="你6" start="1857" text="pro" type="" />
<你 comment="default value" end="1875" id="你7" start="1872" text="pro" type="" />
<它 comment="default value" end="616" id="它0" start="613" text="pro" type="" />
<它 comment="default value" end="876" id="它1" start="873" text="pro" type="" />
<它 comment="default value" end="1363" id="它2" start="1360" text="pro" type="" />
<它们 comment="default value" end="1532" id="它们0" start="1529" text="pro" type="" />
<existential comment="default value" end="813" id="e0" start="810" text="pro" type="" />
<event comment="default value" end="1666" id="ev0" start="1663" text="pro" type="" />
<pleonastic end="887" id="p0" start="884" text="pro" type="" />
<previous_utterance comment="default value" end="370" id="pr0" start="367" text="pro" type="" />
<previous_utterance comment="default value" end="928" id="pr1" start="925" text="pro" type="" />
<previous_utterance comment="default value" end="1096" id="pr2" start="1093" text="pro" type="" />
</TAGS>
</ProTask>