<?xml version='1.0' encoding='UTF-8'?>
<ProTask>
<TEXT><![CDATA[
suid=s0 participant=132375
淑莹 想 *PRO* 去 加勒比海 游轮 吗 *pro* 超 便宜
suid=s1 participant=132375
12月 10号 我 想 *PRO* 找 个 伴 一起 去
suid=s2 participant=135343
我 现在 不 确定 那时 我 有没有 结束 所有 的 工作 ， 我 要 改 期末 试卷 ， 但 那 个 老师 现在 没 说 *pro* 什么 时候 考试 。
suid=s3 participant=135343
我 很 感 兴趣 呢 ， 来回 多少 钱 啊
suid=s4 participant=132375
我 看 了 机票 来回 200 不 到 游轮 250 左右
suid=s5 participant=135343
那 还 真是 挺 超值 的 [ 表情 ] ， 但 *pro* 就 是 我 现在 还 不 能 确定 时间 呢 ， 你 再 找找 其他 同学 问问
suid=s6 participant=132375
*pro* 好 吧 *pro* 可惜 啊
suid=s7 participant=135343
*pro* 是 的 啊 ， 你 最近 还 好 吗
suid=s8 participant=132375
*pro* 还 行 *pro* 学习 累 你 呢
suid=s9 participant=135343
我 也 还 好 ， 这些 天 *pro* 不 怎么 忙 ， 下 周 *pro* 又 要 忙 了
suid=s10 participant=132375
唉 *pro* 真 不 容易
]]></TEXT>
<TAGS>
<我 comment="default value" end="561" id="我0" start="558" text="pro" type="" />
<我 comment="default value" end="571" id="我1" start="568" text="pro" type="" />
<我 comment="default value" end="628" id="我2" start="625" text="pro" type="" />
<我 comment="default value" end="647" id="我3" start="644" text="pro" type="" />
<你 comment="default value" end="691" id="你0" start="688" text="pro" type="" />
<我们 comment="default value" end="211" id="我们0" start="208" text="pro" type="" />
<event comment="default value" end="55" id="ev0" start="52" text="pro" type="" />
<event comment="default value" end="471" id="ev1" start="468" text="pro" type="" />
<pleonastic end="387" id="p0" start="384" text="pro" type="" />
<previous_utterance comment="default value" end="461" id="pr0" start="458" text="pro" type="" />
<previous_utterance comment="default value" end="509" id="pr1" start="506" text="pro" type="" />
</TAGS>
</ProTask>