<?xml version='1.0' encoding='UTF-8'?>
<ProTask>
<TEXT><![CDATA[
suid=s0 participant=137959
亲 ， 在 吗
suid=s1 participant=137959
*OP* *pro* 按 新 工资 结构 做 *T*-1 的 重庆 工资 表
suid=s2 participant=137903
驻外 补贴 都 算 在 前面 了 *pro* 是 吧
suid=s3 participant=137959
*pro* 单独 有 一 列
suid=s4 participant=137903
原芳 他们 都 没有 了
suid=s5 participant=137903
王玉龙
suid=s6 participant=137959
*pro* 没有
suid=s7 participant=137959
就 几 个 人 有
suid=s8 participant=137903
以后 他们 都 没有 了 ？
suid=s9 participant=137903
这个 谁 定 *T*-1 的
suid=s10 participant=137959
我 *pro* 接 过来 时 就 没有 了
suid=s11 participant=137959
宝贝
suid=s12 participant=137903
*pro* 是 吗
suid=s13 participant=137903
我 以前 没 注意 呢
suid=s14 participant=137959
据说 *pro* 是 10月份 调 的 ？
还是 9月份
suid=s15 participant=137903
o
suid=s16 participant=137959
*OP* 你 *T*-1 休 产假 期间 吧
suid=s17 participant=137903
昂
suid=s18 participant=137959
这 一 版本 的 数据 和 *OP* *pro* 早前 发给 你 *T*-1 的 数据 没 变化
suid=s19 participant=137959
就是 结构 变 了
suid=s20 participant=137903
重庆 的 基本 工资 比 济南 低 ？
suid=s21 participant=137959
技能 讲师 的 公式 不 大 好 算
suid=s22 participant=137903
*pro* 凭 什么 啊 ， 人家 不 是 *OP* 物价 *T*-1 高 的 吗
suid=s23 participant=137959
当地 最 低 标准
suid=s24 participant=137959
*pro* 是 呢
suid=s25 participant=137959
我 也 不 知道
suid=s26 participant=137959
咱们 这边 基本 工资 也 统一 调 了 1380
suid=s27 participant=137959
济南 最 低 标准
suid=s28 participant=137959
你 那 专家 呢
suid=s29 participant=137903
*pro* 太 不 合理 了
suid=s30 participant=137903
人家 工资 总额 比 我们 高 ， 社会 最低 比 我们 低
suid=s31 participant=137903
我们 怎么 这么 倒霉 啊
suid=s32 participant=137959
呵呵
suid=s33 participant=137959
你 知道 济南市 社平 工资 是 多少 吗
suid=s34 participant=137903
*pro* 不 知道
suid=s35 participant=137903
*pro* 不 会 又 让 我 *PRO* 受 刺激 了 吧
suid=s36 participant=137903
工资 表 难为 你 了 ， 很多 数 是 *OP* *pro* 硬 凑 *T*-1 的 吧
suid=s37 participant=137903
亲 ， 工资 表 我 看 着 *T*-1 没 什么 问题
suid=s38 participant=137903
你 发 邮件 吧
suid=s39 participant=137959
*pro* 好 的
suid=s40 participant=137959
我 刚 百度 了 一下 ， 社平 工资 比 济南 低 点
suid=s41 participant=137959
*pro* 好 ， 那 我 就 发 邮件 了
suid=s42 participant=137903
嗯
]]></TEXT>
<TAGS>
<我 comment="default value" end="72" id="我0" start="69" text="pro" type="" />
<我 comment="default value" end="804" id="我1" start="801" text="pro" type="" />
<我 comment="default value" end="1532" id="我2" start="1529" text="pro" type="" />
<你 comment="default value" end="1656" id="你0" start="1653" text="pro" type="" />
<它 comment="default value" end="620" id="它0" start="617" text="pro" type="" />
<它 comment="default value" end="1307" id="它1" start="1304" text="pro" type="" />
<它 comment="default value" end="1571" id="它2" start="1568" text="pro" type="" />
<他们 comment="default value" end="300" id="他们0" start="297" text="pro" type="" />
<他们 comment="default value" end="460" id="他们1" start="457" text="pro" type="" />
<他们 comment="default value" end="995" id="他们2" start="992" text="pro" type="" />
<existential comment="default value" end="187" id="e0" start="184" text="pro" type="" />
<previous_utterance comment="default value" end="150" id="pr0" start="147" text="pro" type="" />
<previous_utterance comment="default value" end="539" id="pr1" start="536" text="pro" type="" />
<previous_utterance comment="default value" end="1103" id="pr2" start="1100" text="pro" type="" />
<previous_utterance comment="default value" end="1893" id="pr3" start="1890" text="pro" type="" />
<previous_utterance comment="default value" end="1798" id="pr4" start="1795" text="pro" type="" />
</TAGS>
</ProTask>