<?xml version='1.0' encoding='UTF-8'?>
<ProTask>
<TEXT><![CDATA[
suid=s0 participant=138433
恩恩 ， *pro* 系 啊 [ 表情 ]
suid=s1 participant=135882
你 不 用 回 学校 了 么
suid=s2 participant=138433
*pro* 要 啊 ， 不过 星期五 *pro* 没 课 ， 所以 今天 *pro* 就 回家 了
suid=s3 participant=135882
噢 ~
suid=s4 participant=138433
你 现在 怎样 啦
suid=s5 participant=135882
*pro* 就 这样 咯 ， *pro* 等 *pro* 毕业 然后 读 研
suid=s6 participant=135882
你 呢 ， 还 读 么 ？
suid=s7 participant=138433
*pro* 有 申请 学校 ， 但 也 一边 找 工作 ， *pro* 能 找到 *OP* *T*-1 好 的 ， 就 工作 ， 那 你 现在 在 中山 吗
suid=s8 participant=135882
*pro* 在 广州 呢 ， 在 华师
suid=s9 participant=135882
*pro* 申请 啊 ， 你 打算 *PRO* 出国 ？
suid=s10 participant=138433
*pro* 没有 啦 ， *pro* 是 香港 [ 表情 ]
suid=s11 participant=135882
HK 竞争 好 大 呢 ， *pro* 比 *pro* 出国 还 难
suid=s12 participant=135882
不过 *pro* 胜 在 *pro* 有 得 吃 有 得 玩 ， *pro* 回家 *pro* 又 近 [ 表情 ]
suid=s13 participant=138433
*pro* 还 好 ， 因为 我 现在 的 学校 是 *OP* 香港 浸会 在 珠海 办 *T*-1 的 学校 ， 所以 *pro* 申请 也 容易 些 [ 表情 ]
suid=s14 participant=135882
如果 *pro* 进 了 HK 浸会 的话 ， 你 就 是 张小娴 的 校友 了 耶
suid=s15 participant=138433
哈哈 ， 其实 在 我们 学校 *pro* 进 浸会 不 会 好 难 ， 只不过 我 不 太 喜欢 我 的 专业 ， 我 是 读 经济 的 ， *pro* 觉得 *pro* 不 太 实用 ， 所以 *pro* 如果 可以 找到 *OP* *T*-1 好 的 工作 *pro* 就 不 读 了 [ 表情 ] ， 那 你 什么 时候 考研 啊
suid=s16 participant=135882
我 也 是 申请 ， 所以 *pro* 不 用 考 了
suid=s17 participant=138433
你 出国 吗
suid=s18 participant=135882
嗯
suid=s19 participant=138433
哦哦
suid=s20 participant=135882
你 表妹 在 人人 上面 好 活跃 ， 我 整天 看到 她 的 照片 ， O（∩＿∩）O
suid=s21 participant=138433
哈哈 ， *pro* 系 啊 ， 因为 她 的 同学 都 上 人人 的 ， 所以 *pro* 就 这样
suid=s22 participant=138433
她 去 了 新加坡 读书
suid=s23 participant=135882
恩 ， 我 看到 她 在 上面 说 了
suid=s24 participant=135882
*pro* 还 看到 你 的 一 张 照片
suid=s25 participant=135882
阿燕 的 也 有
suid=s26 participant=138433
哈哈 ， 你 这 也 记得 *-1 啊 [ 表情 ] 我 刚刚 加 你 微博 啦 ， 我 先 睡 啦 ， *pro* 有空 *pro* 多 联系 啊 [ 表情 ]
suid=s27 participant=135882
噢噢 ， *pro* 好 咧 ， *pro* 晚安
]]></TEXT>
<TAGS>
<我 comment="default value" end="37" id="我0" start="34" text="pro" type="" />
<我 comment="default value" end="123" id="我1" start="120" text="pro" type="" />
<我 comment="default value" end="142" id="我2" start="139" text="pro" type="" />
<我 comment="default value" end="160" id="我3" start="157" text="pro" type="" />
<我 comment="default value" end="268" id="我4" start="265" text="pro" type="" />
<我 comment="default value" end="283" id="我5" start="280" text="pro" type="" />
<我 comment="default value" end="291" id="我6" start="288" text="pro" type="" />
<我 comment="default value" end="375" id="我7" start="372" text="pro" type="" />
<我 comment="default value" end="405" id="我8" start="402" text="pro" type="" />
<我 comment="default value" end="481" id="我9" start="478" text="pro" type="" />
<我 comment="default value" end="585" id="我10" start="582" text="pro" type="" />
<我 comment="default value" end="855" id="我11" start="852" text="pro" type="" />
<我 comment="default value" end="993" id="我12" start="990" text="pro" type="" />
<我 comment="default value" end="1049" id="我13" start="1046" text="pro" type="" />
<我 comment="default value" end="1076" id="我14" start="1073" text="pro" type="" />
<我 comment="default value" end="1109" id="我15" start="1106" text="pro" type="" />
<我 comment="default value" end="1189" id="我16" start="1186" text="pro" type="" />
<我 comment="default value" end="1569" id="我17" start="1566" text="pro" type="" />
<你 comment="default value" end="528" id="你0" start="525" text="pro" type="" />
<你 comment="default value" end="740" id="你1" start="737" text="pro" type="" />
<你 comment="default value" end="909" id="你2" start="906" text="pro" type="" />
<你 comment="default value" end="1783" id="你3" start="1780" text="pro" type="" />
<她 comment="default value" end="1441" id="她0" start="1438" text="pro" type="" />
<它 comment="default value" end="598" id="它0" start="595" text="pro" type="" />
<它 comment="default value" end="710" id="它1" start="707" text="pro" type="" />
<它 comment="default value" end="720" id="它2" start="717" text="pro" type="" />
<它 comment="default value" end="749" id="它3" start="746" text="pro" type="" />
<它 comment="default value" end="794" id="它4" start="791" text="pro" type="" />
<它 comment="default value" end="1058" id="它5" start="1055" text="pro" type="" />
<我们 comment="default value" end="1709" id="我们0" start="1706" text="pro" type="" />
<我们 comment="default value" end="1718" id="我们1" start="1715" text="pro" type="" />
<event comment="default value" end="658" id="ev0" start="655" text="pro" type="" />
<generic comment="default value" end="666" id="g0" start="663" text="pro" type="" />
<previous_utterance comment="default value" end="1405" id="pr0" start="1402" text="pro" type="" />
<previous_utterance comment="default value" end="1771" id="pr1" start="1768" text="pro" type="" />
</TAGS>
</ProTask>