<?xml version='1.0' encoding='UTF-8'?>
<ProTask>
<TEXT><![CDATA[
suid=s0 participant=135610
嗨
suid=s1 participant=135610
你 神马 时候 去 纽约 呀 ~
suid=s2 participant=135610
我 也 想 *PRO* 去 诶 ~~~ 到时候 我们 可以 在 纽约 相见 ~~~~
suid=s3 participant=135820
*pro* 916 到
suid=s4 participant=135820
我 刚刚 出去 健身
suid=s5 participant=135820
*pro* 好 啊
suid=s6 participant=135610
那 你 在 纽约 玩 多久 呀 ？
suid=s7 participant=135820
*pro* 3 天 吧
suid=s8 participant=135820
四 天
suid=s9 participant=135610
然后 呢 ？
suid=s10 participant=135610
*pro* 是 不 是 九月份 你 就 可以 回国 啦 ？
suid=s11 participant=135820
*pro* 然后 去 拉斯维加斯 LA
suid=s12 participant=135610
……
suid=s13 participant=135820
*pro* 大峡谷 玩
suid=s14 participant=135610
*pro* 太 潇洒 了 ！
suid=s15 participant=135610
你 一 个 人 么 ？
suid=s16 participant=135820
*pro* 10月 1豪 回去
suid=s17 participant=135610
*pro* 还是 跟 同学 一块 呀 ？
suid=s18 participant=135820
*pro* 不 是
suid=s19 participant=135610
嗯 ~~~
suid=s20 participant=135610
*pro* 好 呀 ~~~
suid=s21 participant=135610
*pro* 对 了 你 电话 号码 给 我 一下 *-1 吧
suid=s22 participant=135610
到时候 我们 好 联系
suid=s23 participant=135610
9.16号 神马 时候 *pro* 到 纽约 呀
suid=s24 participant=135820
我 电话 号码 买 了 *-1 但是 *pro* 现在 好像 不 能 用 了
suid=s25 participant=135820
*pro* 没 交钱
suid=s26 participant=135610
*pro* 这样 啊 ……
suid=s27 participant=135820
*pro* 没用
suid=s28 participant=135610
那 我 怎么 联系 你 呢 ？
suid=s29 participant=135820
我 把 我 学姐 你 电话 给 你 *-1 吧
suid=s30 participant=135610
*pro* 行
suid=s31 participant=135820
我 问问
suid=s32 participant=135820
他 还 没 上
suid=s33 participant=135610
*pro* 没 事 ~
suid=s34 participant=135820
*pro* 晚上 到 吧
suid=s35 participant=135610
你 问 了 再 跟 我 说 ~
suid=s36 participant=135610
我 加 你 微信 了 ~~~~
suid=s37 participant=135820
*pro* 好 的
suid=s38 participant=135820
*pro* OK
suid=s39 participant=135610
你们 16号 几点 到 纽约 呀
suid=s40 participant=135820
我 看看
suid=s41 participant=135820
*pro* 晚上 到 我 看看 *OP* *pro* 定 *T*-1 的 机票
suid=s42 participant=135610
*pro* 行 到时候 你 把 行程 跟 我 说 一下 *-1 ~~~~
suid=s43 participant=135820
*pro* ok
suid=s44 participant=135610
*pro* 呆 几 天 什么 的
suid=s45 participant=135610
我 先 睡 啦
suid=s46 participant=135610
*pro* 今天 上课 好 累 ……
suid=s47 participant=135610
*pro* 晚安 哈 ~~~~
suid=s48 participant=135820
*pro* ok
suid=s49 participant=135820
*pro* 晚安
]]></TEXT>
<TAGS>
<我 comment="default value" end="175" id="我0" start="172" text="pro" type="" />
<我 comment="default value" end="497" id="我1" start="494" text="pro" type="" />
<我 comment="default value" end="576" id="我2" start="573" text="pro" type="" />
<我 comment="default value" end="699" id="我3" start="696" text="pro" type="" />
<我 comment="default value" end="1125" id="我4" start="1122" text="pro" type="" />
<我 comment="default value" end="1766" id="我5" start="1763" text="pro" type="" />
<我 comment="default value" end="2017" id="我6" start="2014" text="pro" type="" />
<我 comment="default value" end="334" id="我7" start="331" text="pro" type="" />
<我 comment="default value" end="792" id="我8" start="789" text="pro" type="" />
<我 comment="default value" end="1787" id="我9" start="1784" text="pro" type="" />
<你 comment="default value" end="616" id="你0" start="613" text="pro" type="" />
<你 comment="default value" end="743" id="你1" start="740" text="pro" type="" />
<你 comment="default value" end="1017" id="你2" start="1014" text="pro" type="" />
<你 comment="default value" end="1484" id="你3" start="1481" text="pro" type="" />
<你 comment="default value" end="1936" id="你4" start="1933" text="pro" type="" />
<你 comment="default value" end="2064" id="你5" start="2061" text="pro" type="" />
<你 comment="default value" end="2145" id="你6" start="2142" text="pro" type="" />
<它 comment="default value" end="1077" id="它0" start="1074" text="pro" type="" />
<它 comment="default value" end="1206" id="它1" start="1203" text="pro" type="" />
<event comment="default value" end="1164" id="ev0" start="1161" text="pro" type="" />
<pleonastic end="439" id="p1" start="436" text="pro" type="" />
<pleonastic end="1444" id="p2" start="1441" text="pro" type="" />
<previous_utterance comment="default value" end="252" id="pr0" start="249" text="pro" type="" />
<previous_utterance comment="default value" end="906" id="pr1" start="903" text="pro" type="" />
<previous_utterance comment="default value" end="1339" id="pr2" start="1336" text="pro" type="" />
<previous_utterance comment="default value" end="1613" id="pr3" start="1610" text="pro" type="" />
<previous_utterance comment="default value" end="1651" id="pr4" start="1648" text="pro" type="" />
<previous_utterance comment="default value" end="1834" id="pr5" start="1831" text="pro" type="" />
<previous_utterance comment="default value" end="1899" id="pr6" start="1896" text="pro" type="" />
<previous_utterance comment="default value" end="2108" id="pr7" start="2105" text="pro" type="" />
<previous_utterance comment="default value" end="864" id="pr8" start="861" text="pro" type="" />
</TAGS>
</ProTask>