<?xml version='1.0' encoding='UTF-8'?>
<ProTask>
<TEXT><![CDATA[
suid=s0 participant=138194
嘉忆 我 在 [ 表情 ]
suid=s1 participant=138376
你 的 gMAIL 是 多少 呀 ？
suid=s2 participant=138194
*pro* 怎么 啦 ？
suid=s3 participant=138376
噢 ！
刘畅 说 你 想 *PRO* 加入 我们 的 SOCIOLINX 的 复习 吸走
suid=s4 participant=138376
小组
suid=s5 participant=138194
哦 哈哈 *pro* 是 啊
suid=s6 participant=138376
我们 在 GOOGLEDOC 上面 每 个 人 选 两 个 词 准备
suid=s7 participant=138194
哈哈 *pro* 好 的 哈
suid=s8 participant=138376
所以 我 把 你 的 邮箱 加 进去 *ICH*-2 SHARE *-1 以后 你 就 可以 在 上面 选 了
suid=s9 participant=138194
*pro* 好 的 *pro* 辛苦 啦
suid=s10 participant=138194
*pro* 还 可以 自己 选 啊
suid=s11 participant=138376
嗯 ！
*pro* 没 事 ！
你 知道 安琪 的 GMAIL 吗 ？
suid=s12 participant=138194
嗯 *pro* 稍等
suid=s13 participant=138376
*pro* 好 滴 ！
suid=s14 participant=138376
她 好像 不 在线 所以 *pro* 没法 问 她
suid=s15 participant=138376
喔 ~ 她 没有 GMAIL 啊 ？
suid=s16 participant=138376
好像 GOOGLEDOC 只 能 GMAIL 的 才 行
suid=s17 participant=138194
她 以前 好像 也 用 这个 建 过 你 在 稍等 我 查查 gmail 邮箱
suid=s18 participant=138376
*pro* 好 滴 ！！
suid=s19 participant=138376
*pro* 没 关系 要不 我 等 她 上线 了 再说 吧 ！
[ 图片 ]
suid=s20 participant=138194
*pro* 没 事 因为 我 平时 都 不 怎么 用 gmail 我 和 她 有 好几 个 group work 每 次 *pro* 都 是 她 建 googledox *pro* 所以 一定 有
suid=s21 participant=138376
噢 ！！ 哈哈 ！
*pro* 好 吧 ！
*pro* 麻烦 你 咯 ！
]]></TEXT>
<TAGS>
<我 comment="default value" end="589" id="我1" start="586" text="pro" type="" />
<我 comment="default value" end="539" id="我2" start="536" text="pro" type="" />
<我 comment="default value" end="741" id="我3" start="738" text="pro" type="" />
<我 comment="default value" end="1062" id="我4" start="1059" text="pro" type="" />
<我 comment="default value" end="1211" id="我5" start="1208" text="pro" type="" />
<你 comment="default value" end="500" id="你0" start="497" text="pro" type="" />
<你 comment="default value" end="651" id="你1" start="648" text="pro" type="" />
<她 comment="default value" end="1147" id="她0" start="1144" text="pro" type="" />
<我们 comment="default value" end="1123" id="我们0" start="1120" text="pro" type="" />
<pleonastic end="119" id="p0" start="116" text="pro" type="" />
<pleonastic end="995" id="p1" start="992" text="pro" type="" />
<previous_utterance comment="default value" end="266" id="pr0" start="263" text="pro" type="" />
<previous_utterance comment="default value" end="368" id="pr1" start="365" text="pro" type="" />
<previous_utterance comment="default value" end="490" id="pr2" start="487" text="pro" type="" />
<previous_utterance comment="default value" end="688" id="pr3" start="685" text="pro" type="" />
<previous_utterance comment="default value" end="954" id="pr4" start="951" text="pro" type="" />
<previous_utterance comment="default value" end="1199" id="pr5" start="1196" text="pro" type="" />
</TAGS>
</ProTask>