<?xml version='1.0' encoding='UTF-8'?>
<ProTask>
<TEXT><![CDATA[
suid=s0 participant=136693
你 好
suid=s1 participant=136693
*pro* 请问 您 是 华东区 7天 加盟 推广 经理 吗 ？
suid=s2 participant=137122
您 好 ！
suid=s3 participant=137122
*pro* 是 的
suid=s4 participant=137122
*pro* 有 什么 可以 帮 你 ？
suid=s5 participant=136693
我 想 *PRO* 做 7天 的 加盟 啊
suid=s6 participant=137122
*pro* 在 哪里 加盟 ？
房子 准备 好 了 吗 ？
suid=s7 participant=136693
*pro* 在 章丘市 ， *pro* 正在 考察 物业
suid=s8 participant=136693
*pro* 想 *PRO* 先 问问 *pro* 现在 没有 *OP* *T*-1 在 章丘 做 7天 的 吧 ？
suid=s9 participant=136693
章丘 *pro* 能 做 7天 加盟 吗 ？
suid=s10 participant=137122
目前 *pro* 没有
suid=s11 participant=137122
章丘 是 百 强 县级 市 ， 可以 加盟
suid=s12 participant=136693
哦 ， 那 就 好
suid=s13 participant=136693
现在 除了 *pro* 寻找 物业 ， 我 还 有 什么 要 准备 的 吗 ？
suid=s14 participant=136693
*pro* 已经 看 了 几 个 地方 了
suid=s15 participant=137122
你 怎么 称呼 ？
suid=s16 participant=136693
*pro* 姓 王
suid=s17 participant=137122
相关 资料 *pro* 已 发送 *T*-1 你 到 QQ 邮箱 ， *pro* 请 查收 ！
suid=s18 participant=136693
*pro* 收到
suid=s19 participant=136693
最初 这 个 流程 我 还 不 是 特别 清楚 *T*-1 ， *pro* 能否 给 解答 一下
suid=s20 participant=136693
*pro* 就 是 物业 的 选择 是 我们 先 找好 你 再 审核 吗 ？
suid=s21 participant=137122
*pro* 是 的
suid=s22 participant=136693
如果 *pro* 感觉 *pro* 不 行 *pro* 就 全 推翻 再 重新 找 ？
suid=s23 participant=137122
我们 附件 里 说明 了 ， *OP* 你 要 找 *T*-1 的 物业 条件
suid=s24 participant=136693
现在 章丘 市区 只 有 如家 和 锦江之星 ， *pro* 没有 7天 和 汉庭 ， 我 依 此 考虑 *pro* 加盟 7天 的话 *pro* 可能 会 比较 有 优势
suid=s25 participant=137122
*pro* 多谢 认可 ！
7天 的 运营 模式 也许 更 适合
suid=s26 participant=136693
*pro* 正在 下载 附件 ， *pro* 有 问题 *pro* 再 联系 您 吧 ， *pro* 谢谢
suid=s27 participant=136693
加盟 方 对 投资 方 的 组织 形式 有 要求 吗 ？
suid=s28 participant=137122
*pro* 没有 要求 ， *pro* 已 管理 直营 模式 加盟 即 可
suid=s29 participant=137122
你们 可 一 人 或 多 人 加盟 都 可 ， *pro* 只 作为 投资人 和 监督者 ， 7天 帮忙 *PRO* 统一 管理
suid=s30 participant=136693
*pro* 不 要求 投资 方 成立 公司 或 合作 企业 吗 ？
suid=s31 participant=136693
我们 现在 是 几 个 投资人 合伙 加盟
]]></TEXT>
<TAGS>
<我 comment="default value" end="63" id="我0" start="60" text="pro" type="" />
<我 comment="default value" end="193" id="我1" start="190" text="pro" type="" />
<我 comment="default value" end="346" id="我2" start="343" text="pro" type="" />
<我 comment="default value" end="360" id="我3" start="357" text="pro" type="" />
<我 comment="default value" end="402" id="我4" start="399" text="pro" type="" />
<我 comment="default value" end="490" id="我5" start="487" text="pro" type="" />
<我 comment="default value" end="672" id="我6" start="669" text="pro" type="" />
<我 comment="default value" end="734" id="我7" start="731" text="pro" type="" />
<我 comment="default value" end="822" id="我8" start="819" text="pro" type="" />
<我 comment="default value" end="866" id="我9" start="863" text="pro" type="" />
<我 comment="default value" end="936" id="我10" start="933" text="pro" type="" />
<我 comment="default value" end="1158" id="我11" start="1155" text="pro" type="" />
<我 comment="default value" end="1177" id="我12" start="1174" text="pro" type="" />
<我 comment="default value" end="1348" id="我13" start="1345" text="pro" type="" />
<我 comment="default value" end="1363" id="我14" start="1360" text="pro" type="" />
<我 comment="default value" end="1410" id="我15" start="1407" text="pro" type="" />
<我 comment="default value" end="1471" id="我16" start="1468" text="pro" type="" />
<我 comment="default value" end="1488" id="我17" start="1485" text="pro" type="" />
<我 comment="default value" end="1499" id="我18" start="1496" text="pro" type="" />
<我 comment="default value" end="1516" id="我19" start="1513" text="pro" type="" />
<你 comment="default value" end="289" id="你0" start="286" text="pro" type="" />
<你 comment="default value" end="895" id="你1" start="892" text="pro" type="" />
<你 comment="default value" end="1005" id="你2" start="1002" text="pro" type="" />
<你 comment="default value" end="1624" id="你4" start="1621" text="pro" type="" />
<你 comment="default value" end="1700" id="你5" start="1697" text="pro" type="" />
<它 comment="default value" end="1167" id="它0" start="1164" text="pro" type="" />
<你们 comment="default value" end="1769" id="你们0" start="1766" text="pro" type="" />
<existential comment="default value" end="421" id="e0" start="418" text="pro" type="" />
<existential comment="default value" end="541" id="e1" start="538" text="pro" type="" />
<existential comment="default value" end="1320" id="e2" start="1317" text="pro" type="" />
<existential comment="default value" end="1610" id="e3" start="1607" text="pro" type="" />
<pleonastic end="1050" id="p0" start="1047" text="pro" type="" />
<previous_utterance comment="default value" end="156" id="pr0" start="153" text="pro" type="" />
<previous_utterance comment="default value" end="1117" id="pr1" start="1114" text="pro" type="" />
</TAGS>
</ProTask>