<?xml version='1.0' encoding='UTF-8'?>
<ProTask>
<TEXT><![CDATA[
suid=s0 participant=137701
你 要 我 *PRO* 帮 你 *PRO* 带 一 个 iphone 回去 吗 ？
suid=s1 participant=137701
你 的 kindle 还 在 不 在 ？
还有 我 的 手机 你 会 不 会 还给 我 *T*-1 ？
suid=s2 participant=131603
*pro* 会 ！
suid=s3 participant=131603
*pro* 要 的
suid=s4 participant=131603
你 要不 就 帮 我 *PRO* 带 一 个 iphone5
suid=s5 participant=131603
正好 ， 你 帮 我 *PRO* 看看 好多 钱
suid=s6 participant=137701
所以 *pro* 暂时 没 办法 回答 你 好多 钱
suid=s7 participant=131603
[ 表情 ] *pro* 好 的 *pro* 好 的 ， 你 真 是 好 孩子 ！！
suid=s8 participant=131603
我们 得 见 个 面
suid=s9 participant=131603
或者 我 把 手机 寄给 你 妈妈 *-1
suid=s10 participant=137701
*pro* 好 ， *pro* 麻烦 你 *PRO* 寄给 我 老妈 好了 ， 我 回去 *pro* 还 早
suid=s11 participant=137701
美国 这里 ， *OP* *T*-1 unlocked 的 iphone5 ， 在 Ebay 上市 925
suid=s12 participant=137701
所以 你 看 *pro* 还 要 考虑 下 吗 ？
suid=s13 participant=137701
*pro* 还 有 800 的 ， 775 的
suid=s14 participant=137701
我 觉得 *pro* 略 贵 呀
]]></TEXT>
<TAGS>
<我 comment="default value" end="180" id="我0" start="177" text="pro" type="" />
<我 comment="default value" end="217" id="我1" start="214" text="pro" type="" />
<我 comment="default value" end="367" id="我2" start="364" text="pro" type="" />
<我 comment="default value" end="586" id="我3" start="583" text="pro" type="" />
<你 comment="default value" end="748" id="你0" start="745" text="pro" type="" />
<它们 comment="default value" end="852" id="它们0" start="849" text="pro" type="" />
<existential comment="default value" end="795" id="e0" start="792" text="pro" type="" />
<pleonastic end="621" id="p0" start="618" text="pro" type="" />
<previous_utterance comment="default value" end="425" id="pr0" start="422" text="pro" type="" />
<previous_utterance comment="default value" end="435" id="pr1" start="432" text="pro" type="" />
<previous_utterance comment="default value" end="576" id="pr2" start="573" text="pro" type="" />
</TAGS>
</ProTask>