<?xml version='1.0' encoding='UTF-8'?>
<ProTask>
<TEXT><![CDATA[
suid=s0 participant=137903
*OP* *pro* 看中 *T*-1 的 衣服 *pro* 怎么 找 你 *PRO* 拿 *T*-2 呢
suid=s1 participant=137977
亲 在 哪 啊
suid=s2 participant=137903
山大路
suid=s3 participant=137977
要不 哪 天 我 路过 捎 过去
suid=s4 participant=137977
[ 表情 ] 长裤 绿 的 lazy 定 了
suid=s5 participant=137903
浅灰 还 有 没 ？
suid=s6 participant=137903
3 岁 小朋友 ， 不 到 1 米 ， 能 穿 不 ？
suid=s7 participant=137977
[ 表情 ] *pro* 有
suid=s8 participant=137977
*pro* 会 不 会 长 啊 我 都 标 裤 长 了 亲 *pro* 最好 拿 小宝 的 裤子 量 下 不过 *OP* *T*-1 不 合适 的 包 退换
suid=s9 participant=137977
我 没 宝宝 *pro* 怕 *pro* 推荐 不 准 啊
suid=s10 participant=137903
*pro* 没 事 啊 ， *pro* 长 了 *pro* 就 折 一 块 就 行
suid=s11 participant=137903
*pro* 这么 便宜 ， *pro* 不 退 不 换
suid=s12 participant=137977
哈哈 你们 包 退换
suid=s13 participant=137903
我 从 你 店 里 拍 别的 吧 ， *pro* 帮 你 *PRO* 炒 一下
suid=s14 participant=137977
*pro* 先 不 用 亲 我 懒 还 没 弄好 我 给 你 记下 先 给 你 *pro* 什么 时候 弄好 我 通知 你 *pro* 再 拍
suid=s15 participant=137903
*pro* 好 来
suid=s16 participant=137977
你 是 白天 在 那 还是 晚上 啊
suid=s17 participant=137903
白天
suid=s18 participant=137903
我 单位 在 这边
suid=s19 participant=137977
山大 哪 啊 其实 我 倒是 经常 走 那
suid=s20 participant=137903
*pro* 就 是 山大路 和 和平路 交接口 ， 新东方 这里
suid=s21 participant=137903
老 浪潮
suid=s22 participant=137977
哦 *pro* 再 联系 我 看看 什么 时候 *pro* 有空 [ 表情 ]
suid=s23 participant=137903
*pro* 好 的 呢
]]></TEXT>
<TAGS>
<我 comment="default value" end="37" id="我0" start="34" text="pro" type="" />
<我 comment="default value" end="57" id="我1" start="54" text="pro" type="" />
<我 comment="default value" end="521" id="我2" start="518" text="pro" type="" />
<我 comment="default value" end="529" id="我3" start="526" text="pro" type="" />
<我 comment="default value" end="596" id="我4" start="593" text="pro" type="" />
<我 comment="default value" end="656" id="我5" start="653" text="pro" type="" />
<我 comment="default value" end="756" id="我6" start="753" text="pro" type="" />
<我 comment="default value" end="845" id="我7" start="842" text="pro" type="" />
<我 comment="default value" end="1227" id="我8" start="1224" text="pro" type="" />
<你 comment="default value" end="438" id="你0" start="435" text="pro" type="" />
<你 comment="default value" end="805" id="你1" start="802" text="pro" type="" />
<你 comment="default value" end="867" id="你2" start="864" text="pro" type="" />
<它 comment="default value" end="408" id="它0" start="405" text="pro" type="" />
<它 comment="default value" end="586" id="它1" start="583" text="pro" type="" />
<它 comment="default value" end="642" id="它2" start="639" text="pro" type="" />
<它 comment="default value" end="1109" id="它3" start="1106" text="pro" type="" />
<我们 comment="default value" end="1205" id="我们0" start="1202" text="pro" type="" />
<existential comment="default value" end="373" id="e0" start="370" text="pro" type="" />
<event comment="default value" end="572" id="ev0" start="569" text="pro" type="" />
<previous_utterance comment="default value" end="905" id="pr0" start="902" text="pro" type="" />
<previous_utterance comment="default value" end="1271" id="pr1" start="1268" text="pro" type="" />
</TAGS>
</ProTask>