<?xml version='1.0' encoding='UTF-8'?>
<ProTask>
<TEXT><![CDATA[
suid=s0 participant=133623
*pro* 在 吗 ?
suid=s1 participant=133628
*pro* 刚 开会
suid=s2 participant=133628
*pro* 现在 在
suid=s3 participant=133628
*pro* 怎么 了
suid=s4 participant=133623
*OP* *pro* 上 次 给 我们 测试 *T*-1 的 外接 天线 可以 接 WCDMA 模块 吧 .
suid=s5 participant=133628
*pro* 可以
suid=s6 participant=133623
信号 不 是 很 好 , *pro* 读到 只有 18 左右 .
suid=s7 participant=133628
嗯
suid=s8 participant=133628
*pro* 是 这样 的
suid=s9 participant=133628
*pro* 有 18 已经 完全 够 了 啊
suid=s10 participant=133623
EVDO 能 达到 30
suid=s11 participant=133623
18 的 网速 比较 慢 !
suid=s12 participant=133628
嗯
suid=s13 participant=133628
联通 的 3G 网络 信号 不 好
suid=s14 participant=133628
你 可以 去 其他 地方 测试 一下
suid=s15 participant=133628
2G 的 联通 网络 就 是 31
suid=s16 participant=133623
WCDMA 模块 效果 差 点 吗 ?
suid=s17 participant=133628
我 测试 过 很多 词 了
suid=s18 participant=133623
哦
suid=s19 participant=133623
*pro* 好 我们 这里 再 测测 吧 .
suid=s20 participant=133628
嗯
suid=s21 participant=133628
*pro* 在 不
suid=s22 participant=133623
*pro* 现在 在 .
suid=s23 participant=133628
额
suid=s24 participant=133628
你 要 10 个 模块 啊
suid=s25 participant=133628
？
suid=s26 participant=133623
嗯
suid=s27 participant=133628
ME800 的 模块 要 带 GPS 功能 ？
suid=s28 participant=133623
*pro* 先 拿 10 个
suid=s29 participant=133623
*pro* 不 用
suid=s30 participant=133623
*pro* 都 不 用
suid=s31 participant=133628
*pro* 不 带 GPS 功能 也 行 ？
suid=s32 participant=133623
*pro* 是 的
suid=s33 participant=133628
*pro* 好 的
suid=s34 participant=133623
那 张 借条 你们 要 发回 给 我们 *T*-1 .
suid=s35 participant=133628
*pro* 什么 借条 啊
suid=s36 participant=133623
哦
suid=s37 participant=133623
*pro* 不 是 借 了 你们 两 个 模块 吗 ?
suid=s38 participant=133628
额 ， 那 两 个 已经 付款 了 的话 ， 你 跟 袁 经理 说 下 就 行
suid=s39 participant=133628
借条 在 他 那里 *pro* 估计 *T*-1
suid=s40 participant=133623
哦
suid=s41 participant=133623
*pro* 好 的 , 我们 采购 和 他 联系 .
suid=s42 participant=133628
嗯
suid=s43 participant=133628
*OP* 你 需要 *T*-1 的 模块 需要 语音 功能 吗
suid=s44 participant=133623
*pro* 要
suid=s45 participant=133623
全 功能
suid=s46 participant=133623
除了 GPS
suid=s47 participant=133628
嗯
]]></TEXT>
<TAGS>
<我 comment="default value" end="71" id="我0" start="68" text="pro" type="" />
<我 comment="default value" end="109" id="我1" start="106" text="pro" type="" />
<我 comment="default value" end="975" id="我2" start="972" text="pro" type="" />
<我 comment="default value" end="1200" id="我3" start="1197" text="pro" type="" />
<我 comment="default value" end="1576" id="我4" start="1573" text="pro" type="" />
<我 comment="default value" end="1710" id="我5" start="1707" text="pro" type="" />
<我 comment="default value" end="1928" id="我6" start="1925" text="pro" type="" />
<你 comment="default value" end="32" id="你0" start="29" text="pro" type="" />
<你 comment="default value" end="190" id="你1" start="187" text="pro" type="" />
<你 comment="default value" end="937" id="你2" start="934" text="pro" type="" />
<它 comment="default value" end="267" id="它0" start="264" text="pro" type="" />
<它 comment="default value" end="316" id="它1" start="313" text="pro" type="" />
<它 comment="default value" end="392" id="它2" start="389" text="pro" type="" />
<它 comment="default value" end="432" id="它3" start="429" text="pro" type="" />
<它 comment="default value" end="1243" id="它4" start="1240" text="pro" type="" />
<它们 comment="default value" end="1281" id="它们0" start="1278" text="pro" type="" />
<它们 comment="default value" end="1321" id="它们1" start="1318" text="pro" type="" />
<pleonastic end="147" id="p0" start="144" text="pro" type="" />
<pleonastic end="1504" id="p1" start="1501" text="pro" type="" />
<previous_utterance comment="default value" end="856" id="pr0" start="853" text="pro" type="" />
<previous_utterance comment="default value" end="1372" id="pr1" start="1369" text="pro" type="" />
<previous_utterance comment="default value" end="1410" id="pr2" start="1407" text="pro" type="" />
<previous_utterance comment="default value" end="1783" id="pr3" start="1780" text="pro" type="" />
</TAGS>
</ProTask>