<?xml version='1.0' encoding='UTF-8'?>
<ProTask>
<TEXT><![CDATA[
suid=s0 participant=137912
你 还 在 [ 图片 ] ？？
suid=s1 participant=137903
农 吧
suid=s2 participant=137903
北京 遇上 西雅图
suid=s3 participant=137912
次奥 ， 那 种 脑残 片 ， 哥 早 听说 *T*-1 了 ， *pro* 不 去 看 。
suid=s4 participant=137903
你 脑 不 残
suid=s5 participant=137912
我 没 脑 。
suid=s6 participant=137912
我 是 农XX
suid=s7 participant=137903
*pro* 比较 有 自知之明
suid=s8 participant=137912
这 年头 ， 你 别 惹 农XX ， *pro* 闹死 你 。
suid=s9 participant=137912
劳资 是 弱势 群体 。。。 *pro* 打 你 都 是 应该 的 。
suid=s10 participant=137912
*pro* 上班 了 没 ？
suid=s11 participant=137903
*pro* 早 上 了 *pro* 好 吧
suid=s12 participant=137912
西雅图 那 片子 ， 我 本来 也 打算 *PRO* 去 看 的 ， 因为 汤唯 啊 。。。 可是 剧情 太 膈应 我 了 ， 我 就 不 去 了 。
*OP* *T*-1 像 我 这样 的 穷 屌丝 ， 怎么 去 面对 自己 的 女神 那么 作贱 自己 。
suid=s13 participant=137912
这 岁月 ， 好 女人 都 是 被 *OP* 富 公子 搞 *T*-1 的 。
suid=s14 participant=137903
我 哪 有 时间 去 电影院 啊
suid=s15 participant=137912
我 以为 你 都 是 看 首映式 的 。
suid=s16 participant=137903
那 是 以前 *pro* 好 吧
suid=s17 participant=137912
现在 你 家 钱 够用 吗 ？
suid=s18 participant=137903
*pro* 够 啊
suid=s19 participant=137912
你 家 那个 不 烧 钱 了 ？
suid=s20 participant=137903
*pro* 不 是 钱 的 问题 是 时间 的 问题
suid=s21 participant=137912
次奥 ， 你 这 是 富人 的 语气 。
suid=s22 participant=137912
我 现在 生活 压力 大 啊 。
suid=s23 participant=137903
你 看 不 起 一 场 电影 ？
suid=s24 participant=137912
每 月 *pro* 还 得 努力 存 钱 。
suid=s25 participant=137912
我 看 电影 从 不 花钱 。
suid=s26 participant=137912
*pro* 都 是 积分 换 票
suid=s27 participant=137912
*pro* 1 年 也 看 不 了 几 次 电影 。
suid=s28 participant=137903
*pro* 结婚 前 我 都 是 看 到 电影院 没有 新 电影 了 ， *pro* 结婚 后 *pro* 都 是 在 家 看 蓝光 ， *pro* 生 了 孩子 后 *pro* 是 什么 都 不 看 *-1 了
suid=s29 participant=137912
我 现在 除了 *pro* 上班 就 是 打 麻将 。。
suid=s30 participant=137912
*pro* 存 钱 准备 *PRO* 装修 房子 。
suid=s31 participant=137912
*pro* 寄宿 在 人家 屋里 住 的 感觉 也 不 怎么地 啊 。
suid=s32 participant=137903
你 是 地主 啊
suid=s33 participant=137903
我们 什么 都 没有 *-1
suid=s34 participant=137903
房子 车子 都 不 是 我们 的 名字
suid=s35 participant=137912
*pro* 算了 吧 ， 我 的 车子 是 老婆 的 名字 ， 房子 是 夫妻 共同 的 名字 。
suid=s36 participant=137912
有时候 *pro* 真 觉得 人家 外国人 不 结婚 甚至 中年 再 结婚 ， 是 有 道理 的 。
中国 这 社会 ， *pro* 结婚 就是 *pro* 烦躁 。
suid=s37 participant=137912
我 现在 有 婚姻 恐惧 症 了 。
suid=s38 participant=137903
你 过 的 不 是 挺 滋 的 吗
suid=s39 participant=137912
*pro* 跟 你 一样 ， *pro* 装得 *PRO* 很 舒服 ， 内心 有点 苦 。
suid=s40 participant=137903
我 现在 挺 滋 的
suid=s41 participant=137912
哈哈 ， 你 说 什么 就 是 什么 了 。
suid=s42 participant=137903
*pro* 确实 是 这样 的
suid=s43 participant=137912
你 男人 的 毛病 都 改好 了 ？
suid=s44 participant=137903
昂
suid=s45 participant=137912
*pro* 牛逼 啊 。
我 觉得 *pro* 太 不可思议 了 。
suid=s46 participant=137903
*pro* 想 *PRO* 挑事 *pro* 是 吧
suid=s47 participant=137912
*pro* 不 敢 不 敢 。
射手座 的 惹 不 起 。
suid=s48 participant=137912
你 还 生 二 胎 不 ？
suid=s49 participant=137903
*pro* 应该 是 吧
suid=s50 participant=137912
我 不 要 二 胎 了 。
、
suid=s51 participant=137912
*pro* 懒得 *PRO* 生养
suid=s52 participant=137903
*pro* 结扎 去 吧
]]></TEXT>
<TAGS>
<我 comment="default value" end="176" id="我0" start="173" text="pro" type="" />
<我 comment="default value" end="322" id="我1" start="319" text="pro" type="" />
<我 comment="default value" end="531" id="我2" start="528" text="pro" type="" />
<我 comment="default value" end="1271" id="我3" start="1268" text="pro" type="" />
<我 comment="default value" end="1362" id="我4" start="1359" text="pro" type="" />
<我 comment="default value" end="1407" id="我5" start="1404" text="pro" type="" />
<我 comment="default value" end="1531" id="我6" start="1528" text="pro" type="" />
<我 comment="default value" end="1546" id="我7" start="1543" text="pro" type="" />
<我 comment="default value" end="1605" id="我8" start="1602" text="pro" type="" />
<我 comment="default value" end="1654" id="我9" start="1651" text="pro" type="" />
<我 comment="default value" end="1709" id="我10" start="1706" text="pro" type="" />
<我 comment="default value" end="1983" id="我11" start="1980" text="pro" type="" />
<我 comment="default value" end="2184" id="我12" start="2181" text="pro" type="" />
<我 comment="default value" end="2199" id="我13" start="2196" text="pro" type="" />
<我 comment="default value" end="2349" id="我14" start="2346" text="pro" type="" />
<我 comment="default value" end="2588" id="我15" start="2585" text="pro" type="" />
<我 comment="default value" end="2773" id="我16" start="2770" text="pro" type="" />
<我 comment="default value" end="2688" id="我17" start="2685" text="pro" type="" />
<你 comment="default value" end="488" id="你0" start="485" text="pro" type="" />
<你 comment="default value" end="1901" id="你1" start="1898" text="pro" type="" />
<你 comment="default value" end="2470" id="你2" start="2467" text="pro" type="" />
<你 comment="default value" end="2488" id="你3" start="2485" text="pro" type="" />
<你 comment="default value" end="2533" id="你4" start="2530" text="pro" type="" />
<你 comment="default value" end="2819" id="你5" start="2816" text="pro" type="" />
<我们 comment="default value" end="990" id="我们0" start="987" text="pro" type="" />
<我们 comment="default value" end="1462" id="我们1" start="1459" text="pro" type="" />
<我们 comment="default value" end="1499" id="我们2" start="1496" text="pro" type="" />
<我们 comment="default value" end="1510" id="我们3" start="1507" text="pro" type="" />
<他们 comment="default value" end="439" id="他们0" start="436" text="pro" type="" />
<他们 comment="default value" end="384" id="他们1" start="381" text="pro" type="" />
<generic comment="default value" end="2040" id="g1" start="2037" text="pro" type="" />
<generic comment="default value" end="2052" id="g2" start="2049" text="pro" type="" />
<pleonastic end="1073" id="p0" start="1070" text="pro" type="" />
<previous_utterance comment="default value" end="543" id="pr0" start="540" text="pro" type="" />
<previous_utterance comment="default value" end="908" id="pr1" start="905" text="pro" type="" />
<previous_utterance comment="default value" end="2550" id="pr2" start="2547" text="pro" type="" />
</TAGS>
</ProTask>