<?xml version='1.0' encoding='UTF-8'?>
<ProTask>
<TEXT><![CDATA[
suid=s0 participant=137803
你 一直 木有 碎叫 ？？
suid=s1 participant=137803
??
suid=s2 participant=137837
*pro* 有 热水 ！！！！！！！！！！！！
suid=s3 participant=137837
哈哈哈哈哈哈哈哈哈哈
suid=s4 participant=137803
*pro* ok
suid=s5 participant=137837
你 快 洗洗 吐 吧
suid=s6 participant=137837
*pro* 不 是 ， *pro* 洗洗 睡 吧
suid=s7 participant=137837
哈哈哈哈哈 ， 今天 *pro* 辛苦 啦 ~
suid=s8 participant=137803
*pro* 为啥 ？
suid=s9 participant=137803
哦
suid=s10 participant=137837
*pro* 做到 这么 晚 呀
suid=s11 participant=137803
*pro* 不 辛苦 不 辛苦 大家 一起 的 嘛
suid=s12 participant=137837
哈哈哈哈哈哈哈哈 ， *pro* 不错 ， 好 孩纸 ！！！
suid=s13 participant=137837
我 突然 想到
suid=s14 participant=137837
Jobs 是 去 登 船 去 了
suid=s15 participant=137803
*pro* 有 道理 ……
suid=s16 participant=137837
*pro* 肿么办 ？？？？
suid=s17 participant=137803
我 一直 很 想 *PRO* 来 美国 是 因为 我 想 2012 的 时候 *PRO* 跟 我 男朋友 在 一起
suid=s18 participant=137837
。。。。。。。。。。。。
suid=s19 participant=137837
我 就 不 要 ， 死相 太 难看 了 。。。
suid=s20 participant=137803
到时候 *pro* 那么 快 *pro* 肯定 看 不 见 的
suid=s21 participant=137837
哈哈哈哈哈哈
suid=s22 participant=137803
我 想到 *pro* 要 考试 什么 的 就 希望 2012 提前 点 到来
suid=s23 participant=137837
。。。。。。。。。。。。。
suid=s24 participant=137837
我 要 好好 锻炼 身体
suid=s25 participant=137837
2012 的 时候 *pro* 乱 跑 ！！！！
suid=s26 participant=137803
*pro* 怪不得 ！！
suid=s27 participant=137803
*pro* 好 有 心机 ！！
suid=s28 participant=137837
*pro* 必须 啊 。。。
suid=s29 participant=137837
我 去 洗澡 了 ！！！！
suid=s30 participant=137837
*pro* 太 爽 了 ！！！！
suid=s31 participant=137837
*pro* 洗完 再 学 5 个 小时 ！！！！
suid=s32 participant=137803
鸭梨 好 大 ……
suid=s33 participant=137803
[ 表情 ] 你 去 吧 *pro* 白白
suid=s34 participant=137837
哈哈哈哈哈哈哈哈哈哈哈哈哈哈哈哈哈哈哈
suid=s35 participant=137837
目的 达到 了
]]></TEXT>
<TAGS>
<我 comment="default value" end="329" id="我0" start="326" text="pro" type="" />
<我 comment="default value" end="481" id="我1" start="478" text="pro" type="" />
<我 comment="default value" end="1039" id="我2" start="1036" text="pro" type="" />
<我 comment="default value" end="1237" id="我3" start="1234" text="pro" type="" />
<我 comment="default value" end="1322" id="我4" start="1319" text="pro" type="" />
<我 comment="default value" end="1452" id="我5" start="1449" text="pro" type="" />
<我 comment="default value" end="1407" id="我6" start="1404" text="pro" type="" />
<你 comment="default value" end="278" id="你0" start="275" text="pro" type="" />
<你 comment="default value" end="369" id="你1" start="366" text="pro" type="" />
<你 comment="default value" end="437" id="你2" start="434" text="pro" type="" />
<你 comment="default value" end="546" id="你3" start="543" text="pro" type="" />
<你 comment="default value" end="717" id="你4" start="714" text="pro" type="" />
<你 comment="default value" end="1194" id="你5" start="1191" text="pro" type="" />
<你 comment="default value" end="1278" id="你6" start="1275" text="pro" type="" />
<你 comment="default value" end="954" id="你7" start="951" text="pro" type="" />
<我们 comment="default value" end="1556" id="我们0" start="1553" text="pro" type="" />
<existential comment="default value" end="103" id="e0" start="100" text="pro" type="" />
<existential comment="default value" end="675" id="e1" start="672" text="pro" type="" />
<event comment="default value" end="943" id="ev0" start="940" text="pro" type="" />
<previous_utterance comment="default value" end="192" id="pr0" start="189" text="pro" type="" />
<previous_utterance comment="default value" end="266" id="pr1" start="263" text="pro" type="" />
</TAGS>
</ProTask>