<?xml version='1.0' encoding='UTF-8'?>
<ProTask>
<TEXT><![CDATA[
suid=s0 participant=138074
龟 ， 在 吗 ？
suid=s1 participant=138074
*pro* 看到 QQ *pro* 快 给 我 回复 啊 ， 急事 。
suid=s2 participant=138062
*pro* zai
suid=s3 participant=138062
我 正 给 你 找 呢
suid=s4 participant=138062
*pro* 发 你 qq 邮箱 里
suid=s5 participant=138062
阿牛 发给 你 了 *pro* 上线 看看 啊
suid=s6 participant=138074
*pro* 好 的
suid=s7 participant=138074
龟 在 吗
suid=s8 participant=138062
*pro* zai
suid=s9 participant=138074
龟 哥 求助
suid=s10 participant=138062
*pro* 怎么 了
suid=s11 participant=138074
*pro* 看看 *pro* 能 帮 我 *PRO* 在 你们 院 师弟 师妹 那 找到 这些 不
suid=s12 participant=138062
嗯 *pro* 行 我 帮 你 *PRO* 问问
suid=s13 participant=138074
毕设 做 的 咋样 了 ？
suid=s14 participant=138062
*pro* 没 怎么 做 呢
suid=s15 participant=138062
*pro* 等 五一 做
suid=s16 participant=138074
老师 催 着 我 *PRO* 交 初稿 呢
suid=s17 participant=138074
考
suid=s18 participant=138074
一 片 大 作业 论文 初稿 四 篇 实验
suid=s19 participant=138074
*pro* 弄死 我 了 快
suid=s20 participant=138062
我们 没有 初稿 这 一 说
suid=s21 participant=138062
*pro* 觉 他
suid=s22 participant=138062
擦
suid=s23 participant=138074
鸭子 真 把 我 当 *-1 机器人 了
suid=s24 participant=138062
你 弄 的 怎么样 了
suid=s25 participant=138062
你 电话 又 换 了 么
suid=s26 participant=138062
*pro* 对 啊
suid=s27 participant=138062
昨天 *pro* 打 无法 接通
suid=s28 participant=138074
*pro* 昨天 ？
suid=s29 participant=138074
*pro* 不 可能 啊
suid=s30 participant=138074
我 在 宿舍 经常 没 型号 的
suid=s31 participant=138062
晚上 你 交代 吧 哈哈
suid=s32 participant=138074
*pro* 真 的 啊
suid=s33 participant=138062
*pro* 好 吧 我 相信 你
suid=s34 participant=138062
我 先 吃饭 了 你 先 整 吧
suid=s35 participant=138074
*pro* 老早 都 断电 了 我 睡 得 早
suid=s36 participant=138074
*pro* 中
suid=s37 participant=138074
你 那 有 应杰 电话 没 ？
suid=s38 participant=138062
*pro* 没有
suid=s39 participant=138074
色猪 的 呢 ？
suid=s40 participant=138062
*pro* 不 知道 以前 *pro* 知道 *pro* 现在 换 手机 了 *pro* 没有 了
suid=s41 participant=138062
你 问 张恒
suid=s42 participant=138062
他 知道
suid=s43 participant=138062
他 在线 呢
suid=s44 participant=138074
MM 来 聊天 了 *pro* 先 不 说 了 啊 哈哈
suid=s45 participant=138074
哈哈
]]></TEXT>
<TAGS>
<我 comment="default value" end="132" id="我0" start="129" text="pro" type="" />
<我 comment="default value" end="208" id="我1" start="205" text="pro" type="" />
<我 comment="default value" end="374" id="我2" start="371" text="pro" type="" />
<我 comment="default value" end="658" id="我3" start="655" text="pro" type="" />
<我 comment="default value" end="701" id="我4" start="698" text="pro" type="" />
<我 comment="default value" end="958" id="我5" start="955" text="pro" type="" />
<我 comment="default value" end="1197" id="我6" start="1194" text="pro" type="" />
<我 comment="default value" end="1667" id="我7" start="1664" text="pro" type="" />
<我 comment="default value" end="1741" id="我8" start="1738" text="pro" type="" />
<我 comment="default value" end="1755" id="我9" start="1752" text="pro" type="" />
<我 comment="default value" end="1780" id="我10" start="1777" text="pro" type="" />
<我 comment="default value" end="1932" id="我11" start="1929" text="pro" type="" />
<你 comment="default value" end="69" id="你0" start="66" text="pro" type="" />
<你 comment="default value" end="263" id="你1" start="260" text="pro" type="" />
<你 comment="default value" end="446" id="你2" start="443" text="pro" type="" />
<你 comment="default value" end="485" id="你3" start="482" text="pro" type="" />
<你 comment="default value" end="494" id="你4" start="491" text="pro" type="" />
<你 comment="default value" end="81" id="你5" start="78" text="pro" type="" />
<他 comment="default value" end="1764" id="他0" start="1761" text="pro" type="" />
<它 comment="default value" end="872" id="它0" start="869" text="pro" type="" />
<它 comment="default value" end="1278" id="它1" start="1275" text="pro" type="" />
<我们 comment="default value" end="1535" id="我们0" start="1532" text="pro" type="" />
<pleonastic end="1405" id="p1" start="1402" text="pro" type="" />
<previous_utterance comment="default value" end="304" id="pr0" start="301" text="pro" type="" />
<previous_utterance comment="default value" end="565" id="pr1" start="562" text="pro" type="" />
<previous_utterance comment="default value" end="1156" id="pr2" start="1153" text="pro" type="" />
<previous_utterance comment="default value" end="1239" id="pr3" start="1236" text="pro" type="" />
<previous_utterance comment="default value" end="1445" id="pr4" start="1442" text="pro" type="" />
<previous_utterance comment="default value" end="1587" id="pr5" start="1584" text="pro" type="" />
</TAGS>
</ProTask>