<?xml version='1.0' encoding='UTF-8'?>
<ProTask>
<TEXT><![CDATA[
suid=s0 participant=134220
你 在 吗
suid=s1 participant=134224
*pro* 在 呀 我 隐身
suid=s2 participant=134220
我 看 出来 了
suid=s3 participant=134220
你 不 要 问 王勇 了
suid=s4 participant=134220
事情 有 变化
suid=s5 participant=134224
哦 *pro* 好
suid=s6 participant=134220
你 还 没 问 他 吧
suid=s7 participant=134224
*OP* *T*-1 条件 太 好 的 容易 把 他 吓到 *-2 呵呵
suid=s8 participant=134224
*pro* 没有 *pro* 压根 没 见到 他
suid=s9 participant=134220
*pro* 不 是 的
suid=s10 participant=134220
我 打 电话 告诉 你 吧
suid=s11 participant=134224
啊 ？
*pro* 不 用 打 电话 *pro* 浪费 话费
suid=s12 participant=134220
*pro* 没 事
suid=s13 participant=134224
*pro* 跟 我 没 关系 吧
suid=s14 participant=134220
*pro* 没有
suid=s15 participant=134220
电话 号
suid=s16 participant=134220
*pro* 发 过来
suid=s17 participant=134220
你 的
suid=s18 participant=134224
那 *pro* 就 更 不 用 打 电话 了 明天 我 去 找 你 聊天 反正 我 中午 就 去 你们 办公室 找 崔 吃饭
]]></TEXT>
<TAGS>
<我 comment="default value" end="65" id="我0" start="62" text="pro" type="" />
<你 comment="default value" end="704" id="你0" start="701" text="pro" type="" />
<她 comment="default value" end="367" id="她0" start="364" text="pro" type="" />
<我们 comment="default value" end="496" id="我们0" start="493" text="pro" type="" />
<我们 comment="default value" end="511" id="我们1" start="508" text="pro" type="" />
<我们 comment="default value" end="777" id="我们2" start="774" text="pro" type="" />
<existential comment="default value" end="358" id="e0" start="355" text="pro" type="" />
<event comment="default value" end="589" id="ev0" start="586" text="pro" type="" />
<pleonastic end="551" id="p0" start="548" text="pro" type="" />
<previous_utterance comment="default value" end="220" id="pr0" start="217" text="pro" type="" />
<previous_utterance comment="default value" end="410" id="pr1" start="407" text="pro" type="" />
<previous_utterance comment="default value" end="634" id="pr2" start="631" text="pro" type="" />
</TAGS>
</ProTask>