<?xml version='1.0' encoding='UTF-8'?>
<ProTask>
<TEXT><![CDATA[
suid=s0 participant=131623
丽 姐 ？
suid=s1 participant=131623
*pro* 在
suid=s2 participant=131623
嗯 。
*pro* 接 一下
suid=s3 participant=131623
*pro* 收到
suid=s4 participant=131623
恩恩 。
你 看 下 。
*pro* 还 有 很多 *OP* *T*-1 需要 修改 的 。
suid=s5 participant=132651
*pro* 好
suid=s6 participant=132651
我 先 看看 吧
suid=s7 participant=131623
嗯 。。 你 瞅瞅 吧 。。 这 也 是 *OP* 在 网上 我 找 *T*-1 的 。
时间 很 匆忙
suid=s8 participant=132651
哦
suid=s9 participant=132651
那个
suid=s10 participant=131623
啊 ？
suid=s11 participant=131623
哪个 ？
suid=s12 participant=132651
等会
suid=s13 participant=132651
传
suid=s14 participant=131623
你 加上 她 了 么 ?
suid=s15 participant=132651
*pro* 没有
suid=s16 participant=132651
你 直接 向 他 燕鸥 就 可以 了
suid=s17 participant=132651
要
suid=s18 participant=132651
我 就 不 加 了
suid=s19 participant=132651
*pro* 怎么 了
suid=s20 participant=131623
*pro* 没 事 。
suid=s21 participant=132651
你 不 是 有 他 的 号 吗
suid=s22 participant=131623
*pro* 有 啊 。。 你 俩 不 沟通 下 么 ？
suid=s23 participant=131623
*pro* 不 太 好 吧 [ 表情 ]
suid=s24 participant=132651
额额 我 俩 认识 的
suid=s25 participant=131623
*pro* 对 啊 。。 但是 辩论赛 这 需要 具体 沟通 啊 。
suid=s26 participant=131623
你 俩 咋 认识 的 啊 ？
[ 表情 ]
suid=s27 participant=132651
*pro* 不 告诉 你 哈
suid=s28 participant=131623
.... *pro* 好 吧 。。 *OP* *pro* 不 能 说 *T*-1 的 秘密 [ 表情 ]
suid=s29 participant=132651
你 是 他 的 部下 我 给 你们 提供 机会 [ 表情 ]
suid=s30 participant=131623
[ 表情 ] *pro* 好 吧 。。 其实 我们 沟通 很 多 的
suid=s31 participant=132651
哈哈 ··· *pro* 再 多 一点 也 无妨 我 有 什么 问题 直接 找 她 就 好
suid=s32 participant=131623
嘿嘿 。
*pro* 不 闹 了 。。 你 看 下 *OP* *pro* 发 过去 *T*-1 的 东西 吧 。。 我 再 找找 。。 详细 的 整理 一 份
suid=s33 participant=132651
*pro* 好 的
suid=s34 participant=132651
*pro* 早点 休息 哈
suid=s35 participant=131623
嗯 。
*pro* 哦 了 。。 丽 姐 加油 哈 [ 表情 ]
suid=s36 participant=132651
*pro* 好 的 *pro* 一起 加油 ！
suid=s37 participant=131623
恩恩 。。 [ 表情 ]
suid=s38 participant=132651
我 下 了 哈
suid=s39 participant=131623
嗯 。
*pro* 去 吧 。
丽 姐
suid=s40 participant=131623
*pro* 安 啦
suid=s41 participant=132651
*pro* 晚安 。
]]></TEXT>
<TAGS>
<我 comment="default value" end="65" id="我0" start="62" text="pro" type="" />
<我 comment="default value" end="142" id="我2" start="139" text="pro" type="" />
<我 comment="default value" end="191" id="我3" start="188" text="pro" type="" />
<我 comment="default value" end="630" id="我4" start="627" text="pro" type="" />
<我 comment="default value" end="821" id="我5" start="818" text="pro" type="" />
<我 comment="default value" end="905" id="我6" start="902" text="pro" type="" />
<我 comment="default value" end="1163" id="我7" start="1160" text="pro" type="" />
<我 comment="default value" end="1514" id="我8" start="1511" text="pro" type="" />
<你 comment="default value" end="104" id="你0" start="101" text="pro" type="" />
<你 comment="default value" end="782" id="你1" start="779" text="pro" type="" />
<你 comment="default value" end="1229" id="你2" start="1226" text="pro" type="" />
<你 comment="default value" end="1629" id="你3" start="1626" text="pro" type="" />
<你 comment="default value" end="1865" id="你4" start="1862" text="pro" type="" />
<你 comment="default value" end="1909" id="你5" start="1906" text="pro" type="" />
<你 comment="default value" end="1947" id="你6" start="1944" text="pro" type="" />
<它 comment="default value" end="1416" id="它0" start="1413" text="pro" type="" />
<我们 comment="default value" end="1488" id="我们0" start="1485" text="pro" type="" />
<我们 comment="default value" end="1742" id="我们1" start="1739" text="pro" type="" />
<pleonastic end="961" id="p0" start="958" text="pro" type="" />
<previous_utterance comment="default value" end="252" id="pr0" start="249" text="pro" type="" />
<previous_utterance comment="default value" end="1050" id="pr1" start="1047" text="pro" type="" />
<previous_utterance comment="default value" end="1211" id="pr2" start="1208" text="pro" type="" />
<previous_utterance comment="default value" end="1353" id="pr3" start="1350" text="pro" type="" />
<previous_utterance comment="default value" end="1591" id="pr4" start="1588" text="pro" type="" />
<previous_utterance comment="default value" end="1675" id="pr5" start="1672" text="pro" type="" />
<previous_utterance comment="default value" end="1732" id="pr6" start="1729" text="pro" type="" />
</TAGS>
</ProTask>