<?xml version='1.0' encoding='UTF-8'?>
<ProTask>
<TEXT><![CDATA[
suid=s0 participant=134716
*pro* 在 不 在 啊 ~~~~
suid=s1 participant=134167
*pro* 在
suid=s2 participant=134167
*pro* 好久 不 见 ~~
suid=s3 participant=134716
恩恩 ~~
suid=s4 participant=134716
*OP* 你 *T*-1 去年 申请 联培 的 时候 *pro* 网上 申请 *pro* 不 是 要 有 国内 导师 推荐 意见 么 ？
suid=s5 participant=134167
*pro* 是 的 ， 当时 我 是 写好 ， 让 我 导师 *PRO* 帮忙 *PRO* 抄 一下
suid=s6 participant=134716
其 重要 说明 推荐人 的 学术 业务 水平 发展 潜力 综合 素质 外语 水平 *OP* *pro* *T*-1 出国 研修 的 必要性 和 可行性 *pro* 回国 后 使用 计划 等等
suid=s7 participant=134716
草稿 还 在 不 在 啊 ？
suid=s8 participant=134167
*pro* 不 一定 在 。。
suid=s9 participant=134716
额 。。。
suid=s10 participant=134167
我 找找
suid=s11 participant=134716
恩恩
suid=s12 participant=134167
这个 ， 我 得 去 邮箱 看看 *T*-1
suid=s13 participant=134716
*pro* 好 ～
suid=s14 participant=134167
其实 我 那 份 *OP* 老师 抄写 *T*-1 的 应该 在 我 宿舍 的 柜子 上
suid=s15 participant=134167
电子版 ， 由于 中间 *pro* 搞 了 一下 倒 资料 ， *pro* 都 不 是 很 全
suid=s16 participant=134716
那 我 还是 自己 写写 好了 。。。
suid=s17 participant=134716
嘿嘿
suid=s18 participant=134716
*pro* 谢谢 啦 ～～
suid=s19 participant=134167
陈衍 你 问 过 吗 ， 我 当时 就 是 个人 小结 + 研修 计划 ， 剪接 成 的
suid=s20 participant=134167
你 都 填 过 这么 多 资料 了 ， *pro* 复制 黏贴 很 简单 的
suid=s21 participant=134716
她 说 *pro* 随便 写写
suid=s22 participant=134716
*pro* 好 吧 。。。。
suid=s23 participant=134167
我 那 个 时候 是 在 *OP* *pro* *T*-1 过年 的 时候 写 的 ， 电脑 的 资料 后面 *pro* 清 过 一 次 *T*-2 ， 那 时候 你 都 知道 的 了
suid=s24 participant=134167
什么 东西 *pro* 都 搞 不 清楚 *T*-1
suid=s25 participant=134716
*pro* 明白 ～～
suid=s26 participant=134167
现在 我 只 有 一 个 联培 的 文件夹 ， 但是 发现 *pro* 不 是 *OP* *T*-1 最 新 的 ， *pro* 都 是 *OP* *pro* 从 移动 硬盘 搞 过来 *T*-2 的 ，
suid=s27 participant=134716
哦哦
suid=s28 participant=134167
这个 不 难 的 ， 就是 你 要 简练 一点 ， 充实 一点 ， 不然 你 老板 抄写 *pro* 也 很 累 的
suid=s29 participant=134167
当时 我 老板 帮 我 *PRO* 精简 很多 ， *pro* 也 抄 了 小 20 分钟
suid=s30 participant=134716
那 我 先 自己 写写 那 个 东东 去 了 老师 很 难 见到 1 小时 内 我 要 写完 赶到 医院 让 他 *PRO* 签字
suid=s31 participant=134716
我 现在 弄弄 哈
suid=s32 participant=134167
*pro* 好 的
suid=s33 participant=134167
*pro* 祝 好运 哦 ~~
suid=s34 participant=134167
*pro* 有空 *pro* 给 我 发 个 地址 ， 我 给 你 寄 个 明信片
suid=s35 participant=134716
*pro* 就 是 华家池 啦 ~~ ·
suid=s36 participant=134716
*pro* 谢谢 咯 ~~
]]></TEXT>
<TAGS>
<我 comment="default value" end="78" id="我0" start="75" text="pro" type="" />
<我 comment="default value" end="843" id="我1" start="840" text="pro" type="" />
<我 comment="default value" end="986" id="我2" start="983" text="pro" type="" />
<我 comment="default value" end="1273" id="我3" start="1270" text="pro" type="" />
<我 comment="default value" end="1310" id="我4" start="1307" text="pro" type="" />
<我 comment="default value" end="1382" id="我5" start="1379" text="pro" type="" />
<我 comment="default value" end="1431" id="我6" start="1428" text="pro" type="" />
<我 comment="default value" end="1545" id="我7" start="1542" text="pro" type="" />
<我 comment="default value" end="1964" id="我8" start="1961" text="pro" type="" />
<我 comment="default value" end="2127" id="我9" start="2124" text="pro" type="" />
<你 comment="default value" end="32" id="你0" start="29" text="pro" type="" />
<你 comment="default value" end="216" id="你1" start="213" text="pro" type="" />
<你 comment="default value" end="1121" id="你2" start="1118" text="pro" type="" />
<你 comment="default value" end="2008" id="你3" start="2005" text="pro" type="" />
<你 comment="default value" end="2017" id="你4" start="2014" text="pro" type="" />
<他 comment="default value" end="1678" id="他1" start="1675" text="pro" type="" />
<他 comment="default value" end="1746" id="他2" start="1743" text="pro" type="" />
<她 comment="default value" end="1172" id="她0" start="1169" text="pro" type="" />
<它 comment="default value" end="228" id="它0" start="225" text="pro" type="" />
<它 comment="default value" end="528" id="它1" start="525" text="pro" type="" />
<它 comment="default value" end="863" id="它2" start="860" text="pro" type="" />
<它 comment="default value" end="1501" id="它3" start="1498" text="pro" type="" />
<它 comment="default value" end="2078" id="它4" start="2075" text="pro" type="" />
<我们 comment="default value" end="113" id="我们0" start="110" text="pro" type="" />
<它们 comment="default value" end="1530" id="它们0" start="1527" text="pro" type="" />
<generic comment="default value" end="409" id="g0" start="406" text="pro" type="" />
<generic comment="default value" end="439" id="g1" start="436" text="pro" type="" />
<previous_utterance comment="default value" end="285" id="pr0" start="282" text="pro" type="" />
<previous_utterance comment="default value" end="720" id="pr1" start="717" text="pro" type="" />
<previous_utterance comment="default value" end="1212" id="pr2" start="1209" text="pro" type="" />
<previous_utterance comment="default value" end="1926" id="pr3" start="1923" text="pro" type="" />
</TAGS>
</ProTask>