<?xml version='1.0' encoding='UTF-8'?>
<ProTask>
<TEXT><![CDATA[
suid=s0 participant=133485
呵呵
suid=s1 participant=133485
自己 最近 想 *PRO* 安静 下
suid=s2 participant=133485
*pro* 没 什么
suid=s3 participant=133543
哦
suid=s4 participant=133543
你 一 走 群 里 变 冷清 很多 了 !
suid=s5 participant=133485
*pro* 不 会 吧
suid=s6 participant=133485
呵呵
suid=s7 participant=133543
*pro* 是 的
suid=s8 participant=133543
*pro* 几 天 没有 人 说话
suid=s9 participant=133543
小燕 也 离 群 了
suid=s10 participant=133485
啊
suid=s11 participant=133543
风气 *pro* 带坏 *T*-1 了 .
suid=s12 participant=133485
我 是 有 原因 的
suid=s13 participant=133485
小燕 怎么 啦 ？
suid=s14 participant=133543
*pro* 不 知道
suid=s15 participant=133485
我 想 *PRO* 安静 下
suid=s16 participant=133543
上 次 *pro* 看 他们 留言
suid=s17 participant=133485
自己 处理 点 自己 的 事情
suid=s18 participant=133543
哦
suid=s19 participant=133543
*pro* 什么 时候 回归 ?
suid=s20 participant=133485
就 他们 两 个 老 骚扰 我
suid=s21 participant=133485
*pro* 还 好意思 说
suid=s22 participant=133485
呵呵
suid=s23 participant=133543
哦 *pro* 这样 啊
suid=s24 participant=133543
*pro* 要 批评 他们
suid=s25 participant=133485
*pro* 没 事
suid=s26 participant=133485
等 *pro* 过 段 时间 自己 整理 好 了 再 加回
suid=s27 participant=133485
*pro* 不 要 在 群 里 说 ， 宇翔
suid=s28 participant=133543
嗯 , *pro* 知道 .
suid=s29 participant=133485
我 *pro* 安静 下 再 加回
suid=s30 participant=133485
*pro* 谢谢 理解
suid=s31 participant=133543
呵呵
]]></TEXT>
<TAGS>
<我 comment="default value" end="108" id="我0" start="105" text="pro" type="" />
<我 comment="default value" end="571" id="我1" start="568" text="pro" type="" />
<我 comment="default value" end="657" id="我2" start="654" text="pro" type="" />
<我 comment="default value" end="976" id="我3" start="973" text="pro" type="" />
<我 comment="default value" end="1018" id="我4" start="1015" text="pro" type="" />
<我 comment="default value" end="1058" id="我5" start="1055" text="pro" type="" />
<我 comment="default value" end="1169" id="我6" start="1166" text="pro" type="" />
<我 comment="default value" end="1210" id="我7" start="1207" text="pro" type="" />
<我 comment="default value" end="1254" id="我8" start="1251" text="pro" type="" />
<你 comment="default value" end="447" id="你1" start="444" text="pro" type="" />
<你 comment="default value" end="773" id="你2" start="770" text="pro" type="" />
<你 comment="default value" end="1114" id="你3" start="1111" text="pro" type="" />
<他们 comment="default value" end="862" id="他们0" start="859" text="pro" type="" />
<existential comment="default value" end="330" id="e0" start="327" text="pro" type="" />
<pleonastic end="224" id="p0" start="221" text="pro" type="" />
<pleonastic end="937" id="p1" start="934" text="pro" type="" />
<previous_utterance comment="default value" end="293" id="pr0" start="290" text="pro" type="" />
</TAGS>
</ProTask>