<?xml version='1.0' encoding='UTF-8'?>
<ProTask>
<TEXT><![CDATA[
suid=s0 participant=132631
*pro* 毕竟 有 用电 的 领导 ， 营销 的 总监 应该 都 在 ， *pro* 搞 不 好 *pro* 还 有 营销 的 副总 也 被 邀请 去 *-1 了 ， 我 担心 影响 不 好 。
suid=s1 participant=132631
*pro* 是否 值得 商榷 ？？
suid=s2 participant=131944
*pro* 不 要紧 ， *pro* 不 去 的话 *pro* 更 没有 人 ， 发言 我 来 弄 *T*-1
suid=s3 participant=131944
*pro* 没 人 去 不 好 ，
suid=s4 participant=132631
我 的 意思 是 我们 3 个 人 去 一 个 ， 结果 *pro* 都 没空 ， *pro* 让 陈娇 小阮 *PRO* 去 有点 不妥 。
suid=s5 participant=131944
*pro* 如果 是 很 正规 ， *pro* 就 是 办公室 来 通知 的 ， 为何 李进 通知 ？
suid=s6 participant=132631
毕竟 她们 俩 达 不 到 那 个 高度 和 意识 的 。
suid=s7 participant=132631
而且 用电 现在 是 在 和 国家 国际 公司 单干 的 ， 我 昨天 也 和 仇 总 和 左 总 说 了 ， *pro* 包括 用电 直接 对 国际 公司 报价 和 提供 成本 ， 本身 就 是 *pro* 违规 的 。
suid=s8 participant=132631
仇 总 表示 *pro* 会 找 时间 和 用电 领导 进行 沟通 的 。
suid=s9 participant=131944
所以 老总 不 会 去 的
suid=s10 participant=131944
嗯 ， 所以 *pro* 不 说 伊朗 电表 的 项目
suid=s11 participant=132631
意思 我 懂 *T*-1 ！
*pro* 为 兄弟 姐妹们 争取 利益 无可厚非 ， 但是 会 产生 *OP* *T*-1 不 可控 的 因素 ， 兄弟 ， 你 再 考虑 一下 ？？
suid=s12 participant=131944
*pro* 放心 ， *pro* 去 吧 ，
suid=s13 participant=132631
其实 我们 两 个 人 真 应该 去 一 个 的 ！！！ 你 真 没 时间 ？？
suid=s14 participant=131944
我 老丈人 明天 请 吃饭 要 我 *PRO* 开车 接人
suid=s15 participant=132631
我 丈母娘 从 南通 过来 看病 ， 我 明天 要 陪 她 *PRO* 去 二院 的 ， 专家 门诊 都 约好 了 ， 我 去 不 了 的 。
suid=s16 participant=131944
他 难得 叫 我 *PRO* 干活
suid=s17 participant=132631
*pro* 这样 吧 ， *pro* 不 行 我 明天 去 吧 ， 丈母娘 我 不 管 *T*-1 了 。
suid=s18 participant=131944
你 要 知道 ， 如果 我们 2 个 去 一 个 ， *pro* 反而 不妥 ；
suid=s19 participant=131944
*pro* 听 我 *PRO* 分析
suid=s20 participant=131944
你 我 去 了 *pro* 就 要 我们 *PRO* 在 项目 上 表态 ， *pro* 很 难 的
suid=s21 participant=131944
如果 一 个 人 都 去 ， *pro* 未免 冷落 别人 ， 其实 *pro* 最 合适 就 是 厚才
suid=s22 participant=131944
一 个 人 都 不 去
suid=s23 participant=132631
我 去 *pro* 肯定 是 忽悠 ， 玩 *OP* *T*-1 虚 的 。
suid=s24 participant=131944
*pro* 是 让 你 *PRO* 表态 ， *pro* 可能 落入 他们 的 圈套
suid=s25 participant=131944
你 考虑 下 ，
suid=s26 participant=132631
我 思考 10 分钟 ， 稿子 你 照 些 *T*-1 。
suid=s27 participant=132631
李晋 房 都 订 了 *-1 ， 我 靠 。
suid=s28 participant=131944
*pro* 没 事 ， 你 加 一 个 也 可以
suid=s29 participant=131944
*pro* 没有 *OP* *T*-1 多 大 的 事情 ， *pro* 是 给 他们 出谋划策 的
suid=s30 participant=131944
用电
suid=s31 participant=132631
其实 我 就 想 我们 国际 这边 一 个 也 不 去 ， *pro* 去 了 *pro* 就 得 有 表态 ，
suid=s32 participant=132631
用电 这块 国际 市场 上 很多 事情 还 没有 扯 清楚 ， *pro* 远 没有 农电 、 电网 、 变电 配合 的 那么 密切 。
suid=s33 participant=131944
所以 *pro* 不 去 不 好 ， *pro* 明白 么
suid=s34 participant=132631
*pro* 去 了 更 不 好 ， *pro* 明白 吧 ？
suid=s35 participant=131944
但 你 去 目标 太 大 了 ， *pro* 不 是 很 好 ，
suid=s36 participant=132631
我 去 比 她们 两 去 更 好 。
suid=s37 participant=131944
那 你 去 吧
suid=s38 participant=132631
*pro* 算了 ， *pro* 不 扯 了 ， *pro* 晚上 吃饭 *pro* 再 说 吧 ！
]]></TEXT>
<TAGS>
<我 comment="default value" end="999" id="我1" start="996" text="pro" type="" />
<我 comment="default value" end="1714" id="我2" start="1711" text="pro" type="" />
<你 comment="default value" end="216" id="你0" start="213" text="pro" type="" />
<你 comment="default value" end="883" id="你2" start="880" text="pro" type="" />
<你 comment="default value" end="988" id="你3" start="985" text="pro" type="" />
<你 comment="default value" end="1325" id="你4" start="1322" text="pro" type="" />
<你 comment="default value" end="1463" id="你5" start="1460" text="pro" type="" />
<你 comment="default value" end="1800" id="你6" start="1797" text="pro" type="" />
<你 comment="default value" end="2187" id="你7" start="2184" text="pro" type="" />
<你 comment="default value" end="2197" id="你8" start="2194" text="pro" type="" />
<你 comment="default value" end="2358" id="你9" start="2355" text="pro" type="" />
<你 comment="default value" end="2415" id="你10" start="2412" text="pro" type="" />
<他 comment="default value" end="665" id="他0" start="662" text="pro" type="" />
<他 comment="default value" end="712" id="他1" start="709" text="pro" type="" />
<我们 comment="default value" end="360" id="我们0" start="357" text="pro" type="" />
<我们 comment="default value" end="373" id="我们1" start="370" text="pro" type="" />
<我们 comment="default value" end="286" id="我们2" start="283" text="pro" type="" />
<我们 comment="default value" end="819" id="我们3" start="816" text="pro" type="" />
<我们 comment="default value" end="2078" id="我们4" start="2075" text="pro" type="" />
<我们 comment="default value" end="2342" id="我们5" start="2339" text="pro" type="" />
<我们 comment="default value" end="2397" id="我们6" start="2394" text="pro" type="" />
<我们 comment="default value" end="2600" id="我们7" start="2597" text="pro" type="" />
<我们 comment="default value" end="2611" id="我们8" start="2608" text="pro" type="" />
<我们 comment="default value" end="2625" id="我们9" start="2622" text="pro" type="" />
<我们 comment="default value" end="2637" id="我们10" start="2634" text="pro" type="" />
<他们 comment="default value" end="1518" id="他们0" start="1515" text="pro" type="" />
<他们 comment="default value" end="1777" id="他们1" start="1774" text="pro" type="" />
<existential comment="default value" end="32" id="e0" start="29" text="pro" type="" />
<existential comment="default value" end="82" id="e1" start="79" text="pro" type="" />
<existential comment="default value" end="229" id="e2" start="226" text="pro" type="" />
<event comment="default value" end="158" id="ev0" start="155" text="pro" type="" />
<event comment="default value" end="430" id="ev1" start="427" text="pro" type="" />
<event comment="default value" end="1421" id="ev3" start="1418" text="pro" type="" />
<event comment="default value" end="1549" id="ev4" start="1546" text="pro" type="" />
<event comment="default value" end="1604" id="ev5" start="1601" text="pro" type="" />
<event comment="default value" end="2473" id="ev6" start="2470" text="pro" type="" />
<pleonastic end="70" id="p0" start="67" text="pro" type="" />
<pleonastic end="203" id="p2" start="200" text="pro" type="" />
<pleonastic end="448" id="p3" start="445" text="pro" type="" />
<pleonastic end="622" id="p4" start="619" text="pro" type="" />
<pleonastic end="1312" id="p5" start="1309" text="pro" type="" />
<pleonastic end="1624" id="p7" start="1621" text="pro" type="" />
<pleonastic end="1994" id="p8" start="1991" text="pro" type="" />
<pleonastic end="2047" id="p9" start="2044" text="pro" type="" />
<pleonastic end="2274" id="p10" start="2271" text="pro" type="" />
</TAGS>
</ProTask>