<?xml version='1.0' encoding='UTF-8'?>
<ProTask>
<TEXT><![CDATA[
suid=s0 participant=132620
视频 呢 ？
suid=s1 participant=130521
*pro* 刚刚 在 开会
suid=s2 participant=130521
我 给 你 传 啊
suid=s3 participant=132620
*pro* 现在 传给 我 吧
suid=s4 participant=132620
我 还 在 办公室 呢
suid=s5 participant=132620
今天 *pro* 估计 *pro* 又 要 到 2点 了
suid=s6 participant=130521
*pro* 每 天 睡 几 个 小时 ？
suid=s7 participant=132620
*pro* 5 个 小时 左右 吧
suid=s8 participant=130521
*pro* 有 午睡 吗 ？
suid=s9 participant=132620
*pro* 没有
suid=s10 participant=132620
*pro* 那 有 时间 午睡 啊
suid=s11 participant=130521
那 哪 够 呀
suid=s12 participant=130521
*pro* 小心 身体 吃 不 消
suid=s13 participant=130521
*pro* 还 有 几 张 照片
suid=s14 participant=130521
你 这样 工作 ， 老婆 会 有 意见 的
suid=s15 participant=132620
她 能够 理解 的
suid=s16 participant=132620
我 这 还 不 是 为了 家 以后 过 得 更 好 啊
suid=s17 participant=130521
但是 *pro* 想想 *pro* 赚 了 钱 ， *pro* 没 机会 享受 生活 ， *pro* 不 是 没有 什么 意义 吗 ？
suid=s18 participant=132620
小孩 的 2 个 眼睛 怎么 不 一样 大 的
suid=s19 participant=132620
样子 和 我 小时候 一模一样
suid=s20 participant=130521
*pro* 对 ， 一 个 大 一 个 小
suid=s21 participant=130521
*pro* 没 问题
suid=s22 participant=130521
我 也 一样
suid=s23 participant=130521
眼皮 的 问题
suid=s24 participant=130521
一 个 双 一 个 单
suid=s25 participant=132620
*pro* 走 会 说 英文 ？
suid=s26 participant=132620
*pro* 只 会 说 英文 ？
suid=s27 participant=130521
*pro* 会 说 中文
suid=s28 participant=130521
*pro* 在 家 里 只 跟 他 说 中文 ， 偶尔 用 英文 。
他 中文 比 英文 好
suid=s29 participant=132620
*pro* 不 要 到时 中文 和 英文 都 是 半 桶 水 哦
suid=s30 participant=132620
那 就 麻烦 了
suid=s31 participant=130521
*pro* 怎么 可能
suid=s32 participant=132620
现在 中国 的 小孩 英文 都 比 中文 好
suid=s33 participant=130521
英文 是 他 的 母语 ， *pro* 挡 都 挡 不 住 的
suid=s34 participant=132620
*pro* 但是 都 不 会 写 文章
suid=s35 participant=132620
一 代 比 一 代 差
suid=s36 participant=130521
那 是 教育 的 问题
suid=s37 participant=132620
快餐 文化 的 产品
suid=s38 participant=130521
我 天天 跟 牛牛 讲 故事 ， 他 很 喜欢 *PRO* 读书 的
suid=s39 participant=132620
那 是 最 好
suid=s40 participant=130521
你 有没有 当当 帐号 ？
suid=s41 participant=132620
*pro* 没有
suid=s42 participant=132620
*pro* 怎么 啦
suid=s43 participant=130521
*pro* 给 牛牛 买 书
suid=s44 participant=132620
哦 ， *pro* 让 ##霞 *PRO* 买
suid=s45 participant=132620
她 有
suid=s46 participant=132620
你 把 书单 开好 发给 我 *-1
suid=s47 participant=130521
我 先 看看 他们 接 不 接受 境外 信用卡
suid=s48 participant=130521
如果 *pro* 接受 的话 ， 我 从 这里 也 可以 买 的
suid=s49 participant=132620
*pro* 好 的
suid=s50 participant=132620
我 下 了
suid=s51 participant=130521
*pro* bye
suid=s52 participant=132620
*pro* ８８
]]></TEXT>
<TAGS>
<我 comment="default value" end="66" id="我0" start="63" text="pro" type="" />
<我 comment="default value" end="229" id="我1" start="226" text="pro" type="" />
<我 comment="default value" end="238" id="我2" start="235" text="pro" type="" />
<我 comment="default value" end="330" id="我3" start="327" text="pro" type="" />
<我 comment="default value" end="417" id="我4" start="414" text="pro" type="" />
<我 comment="default value" end="454" id="我5" start="451" text="pro" type="" />
<我 comment="default value" end="582" id="我6" start="579" text="pro" type="" />
<我 comment="default value" end="1294" id="我7" start="1291" text="pro" type="" />
<我 comment="default value" end="1572" id="我8" start="1569" text="pro" type="" />
<我 comment="default value" end="1926" id="我9" start="1923" text="pro" type="" />
<我 comment="default value" end="2002" id="我10" start="1999" text="pro" type="" />
<你 comment="default value" end="144" id="你0" start="141" text="pro" type="" />
<你 comment="default value" end="282" id="你1" start="279" text="pro" type="" />
<你 comment="default value" end="375" id="你2" start="372" text="pro" type="" />
<你 comment="default value" end="536" id="你3" start="533" text="pro" type="" />
<你 comment="default value" end="774" id="你4" start="771" text="pro" type="" />
<你 comment="default value" end="783" id="你5" start="780" text="pro" type="" />
<你 comment="default value" end="797" id="你6" start="794" text="pro" type="" />
<你 comment="default value" end="1963" id="你8" start="1960" text="pro" type="" />
<你 comment="default value" end="2049" id="你9" start="2046" text="pro" type="" />
<他 comment="default value" end="1208" id="他0" start="1205" text="pro" type="" />
<他 comment="default value" end="1253" id="他1" start="1250" text="pro" type="" />
<他 comment="default value" end="1369" id="他2" start="1366" text="pro" type="" />
<他 comment="default value" end="1163" id="他3" start="1160" text="pro" type="" />
<我们 comment="default value" end="2361" id="我们0" start="2358" text="pro" type="" />
<我们 comment="default value" end="2399" id="我们1" start="2396" text="pro" type="" />
<他们 comment="default value" end="1618" id="他们0" start="1615" text="pro" type="" />
<他们 comment="default value" end="2231" id="他们1" start="2228" text="pro" type="" />
<event comment="default value" end="816" id="ev0" start="813" text="pro" type="" />
<event comment="default value" end="1467" id="ev1" start="1464" text="pro" type="" />
<pleonastic end="1013" id="p0" start="1010" text="pro" type="" />
<previous_utterance comment="default value" end="963" id="pr0" start="960" text="pro" type="" />
<previous_utterance comment="default value" end="2289" id="pr1" start="2286" text="pro" type="" />
</TAGS>
</ProTask>