<?xml version='1.0' encoding='UTF-8'?>
<ProTask>
<TEXT><![CDATA[
suid=s0 participant=135717
*pro* 没 看到 Dupont 在 招 人 。
suid=s1 participant=137787
我 可能 要 去 加州 了
suid=s2 participant=137787
*pro* 今天 有 个 口头 offer
suid=s3 participant=135717
*pro* 换 工作 ？
suid=s4 participant=137787
*pro* 现在 只 是 实习生
suid=s5 participant=137787
而且 *pro* 不 一定 留 的 下来
suid=s6 participant=135717
*OP* *T*-1 新 的 工作 *pro* 可以 申 H1B
suid=s7 participant=137787
*pro* 不 知道 那 还
suid=s8 participant=135717
*pro* 比 你 现在 的 工作 要 好 ? *pro* 做 什么 的 ？
suid=s9 participant=137787
*OP* *T*-1 一样 的 工作 ， *pro* 不过 是 正式 的
suid=s10 participant=137787
*pro* 不 是 实习生
suid=s11 participant=137787
工资 高 一点
suid=s12 participant=135717
那 挺 好 。
*pro* 先 有 个 好 名分 。
suid=s13 participant=137787
*pro* 一般般 啦
suid=s14 participant=137787
*pro* 主要 是 要 留 着
suid=s15 participant=135717
恩 。
*pro* 恭喜 你 啦 。
就是 搬家 挺 累 的 。
suid=s16 participant=137787
*pro* 是 啊
suid=s17 participant=137787
第一 个 正式 offer *pro* 好 激动
suid=s18 participant=135717
恩 。
*pro* 有 时间 在 *pro* 去 加州 前 ， *pro* 回 学校 玩 下 吗 ？
suid=s19 participant=137787
嗯
suid=s20 participant=137787
*pro* 早 呢
suid=s21 participant=137787
要 *PRO* 搬 不 是 那么 容易 的
suid=s22 participant=135717
*pro* 好 。
*pro* 下 次 有空 *pro* 过来 聚聚 啊 。
*pro* 对 了 ， 你 的 车 买 了 没 ？
suid=s23 participant=137787
*pro* 买 了 ， 这 就 是 悲剧 所在
suid=s24 participant=135717
*pro* 买 在 什么 价位 的 ？
suid=s25 participant=135717
*pro* 这么 贵 呀 。
那 你 是 慢慢 开去 加州 ？
suid=s26 participant=137787
*pro* 不 知道 *pro* 不 一定 去
]]></TEXT>
<TAGS>
<我 comment="default value" end="126" id="我0" start="123" text="pro" type="" />
<我 comment="default value" end="215" id="我1" start="212" text="pro" type="" />
<我 comment="default value" end="262" id="我2" start="259" text="pro" type="" />
<我 comment="default value" end="367" id="我3" start="364" text="pro" type="" />
<我 comment="default value" end="673" id="我4" start="670" text="pro" type="" />
<我 comment="default value" end="762" id="我5" start="759" text="pro" type="" />
<我 comment="default value" end="871" id="我6" start="868" text="pro" type="" />
<我 comment="default value" end="1117" id="我7" start="1114" text="pro" type="" />
<我 comment="default value" end="1130" id="我8" start="1127" text="pro" type="" />
<我 comment="default value" end="1200" id="我9" start="1197" text="pro" type="" />
<我 comment="default value" end="1360" id="我10" start="1357" text="pro" type="" />
<我 comment="default value" end="1371" id="我11" start="1368" text="pro" type="" />
<你 comment="default value" end="32" id="你0" start="29" text="pro" type="" />
<你 comment="default value" end="175" id="你1" start="172" text="pro" type="" />
<你 comment="default value" end="626" id="你3" start="623" text="pro" type="" />
<你 comment="default value" end="713" id="你4" start="710" text="pro" type="" />
<你 comment="default value" end="914" id="你5" start="911" text="pro" type="" />
<你 comment="default value" end="942" id="你6" start="939" text="pro" type="" />
<你 comment="default value" end="1252" id="你7" start="1249" text="pro" type="" />
<你 comment="default value" end="927" id="你2" start="924" text="pro" type="" />
<它 comment="default value" end="409" id="它0" start="406" text="pro" type="" />
<它 comment="default value" end="433" id="它1" start="430" text="pro" type="" />
<它 comment="default value" end="496" id="它2" start="493" text="pro" type="" />
<它 comment="default value" end="1300" id="它3" start="1297" text="pro" type="" />
<generic comment="default value" end="325" id="g0" start="322" text="pro" type="" />
<pleonastic end="540" id="p1" start="537" text="pro" type="" />
<pleonastic end="1019" id="p2" start="1016" text="pro" type="" />
<previous_utterance comment="default value" end="819" id="pr0" start="816" text="pro" type="" />
<previous_utterance comment="default value" end="1107" id="pr1" start="1104" text="pro" type="" />
<previous_utterance comment="default value" end="1146" id="pr2" start="1143" text="pro" type="" />
</TAGS>
</ProTask>