<?xml version='1.0' encoding='UTF-8'?>
<ProTask>
<TEXT><![CDATA[
suid=s0 participant=138369
这 事 不 会 黄 了 吧
suid=s1 participant=138369
你 问问 刘 老师 啦 ， *pro* 或许 有 什么 变化 ？
suid=s2 participant=138194
*pro* 不 会 的
suid=s3 participant=138194
你 不 要 急
suid=s4 participant=138369
小唐 有 跟 你 联系 吗
suid=s5 participant=138194
我 周一 交 了 作业 再 和 她 打 个 电话 吧
suid=s6 participant=138194
周五 *pro* 去 团旗 有 见 啊
suid=s7 participant=138194
哎 我 觉得 *pro* 和 他 不 怎么 可能
suid=s8 participant=138194
他 马上 要 回国 了
suid=s9 participant=138369
恩 ， *pro* 好 的 ， *pro* 为什么 呢 ， 如果 他 对 你 有意 ， 你 对 他 也 满意 ， 即使 他 回国 了 *pro* 也 不 要紧 啊 ， 他 是 在 美国 的 公司 工作 ， 可以 经常 去 美国 啊
suid=s10 participant=138194
*pro* 好 吧 我 今天 没 去 教会 他 应该 又 会 很 不 高兴
suid=s11 participant=138369
关键 是 他 对 你 是否 有意 ， 你 请 不 清楚 ， 我 知道 你 对 他 是 有 好感 的 ， 有的 时候 你 还是 要 把握 下 *OP* *T*-1 好 的 男生 ， *pro* 免得 错过 了 机会
suid=s12 participant=138194
*pro* 好 的 *pro* 知道 了
suid=s13 participant=138369
你 不 去 教会 活动 *pro* 有没有 告诉 他 你 的 作业 很 多 ， 他 应该 很 理解 的 啊 ， 而 *pro* 不 是 不 高兴 啊
suid=s14 participant=138369
他 不 高兴 也 说明 他 也 还是 在意 你 的 啊
suid=s15 participant=138194
哎呀 我 待会儿 还 有 小组 讨论 真 没 时间 讨论 这 个 事 现在 他 能 理解 的
suid=s16 participant=138194
*pro* 不 是 他 是 在意 我 远离 神
suid=s17 participant=138194
*pro* 不 说 这个 了 先 啊
suid=s18 participant=138369
*pro* 好 的 ， 那 你 忙 吧 ， *pro* 好好 保重 自己 啊 [ 表情 ]
suid=s19 participant=138194
*pro* 是 下下周三 结束
suid=s20 participant=138194
刚才 小组 讨论 完 明天 *pro* 有 presentation
suid=s21 participant=138369
下 周 是 " 五一 " , 我们 又 有 几 天 的 休假
suid=s22 participant=138194
*pro* 是 啊 *pro* 真 好 我 以后 还是 当 老师 吧
suid=s23 participant=138369
*pro* 是 啥 ， 你 是 到 5月 2号 的 那 周 结束 啥
suid=s24 participant=138194
嗯
suid=s25 participant=138194
你 今天 没有 课 吗
suid=s26 participant=138194
你们 现在 是 周一 早上 吧
suid=s27 participant=138369
*pro* 是 啊 ， *pro* 当 老师 *pro* 每 年 有 3 个 月 的 时间 是 *OP* *pro* *T*-1 休息 的 ， *pro* 再 加上 每 年 法定 的 十几 天 假期 当然 是 可以 的 啊 ， *pro* 是 的 今天 周一 我 上 下午 的 课
suid=s28 participant=138194
哦 你 看 了 眼睛 怎么样 了 啊 ？
suid=s29 participant=138369
眼睛 是 丛血 ， 没 什么 问题 ， 还 是 因为 干眼 的 原因 ， 眼睛 的 调节 功能 较 差 ， 所以 *pro* 只要 注意 *PRO* 多 休息 眼睛 不 过量 用眼 *pro* 就 没 事 了 ， *OP* *pro* 昨天 开 *T*-1 的 眼药 还 蛮 好 ，
suid=s30 participant=138369
*pro* 是 *OP* *T*-1 不 含 防腐剂 的 ， 每 小 支 8 ml ， *pro* 用 一 天 就 不 用 了 ， 眼睛 也 感觉 *PRO* 蛮 舒服 的 ， 不 像 先前 的 眼药水 *pro* 滴 进去 眼药 不 舒服
suid=s31 participant=138194
哦 那 就 好
suid=s32 participant=138369
*pro* 没 事 ， 哎 不过 两 周 *pro* 过 起来 还是 蛮 快 的 ， 哎 ， 你 终于 盼到 *OP* *pro* *T*-1 要 解放 的 时候 啦 ， 呵呵
suid=s33 participant=138194
嗯嗯 我 要 做事 了 不 多 说 了 啊 先
suid=s34 participant=138194
你 有空 先 休息 哈子 眼睛
suid=s35 participant=138369
*pro* 好 ， 你 去 忙 吧 ， [ 表情 ]
]]></TEXT>
<TAGS>
<我 comment="default value" end="305" id="我0" start="302" text="pro" type="" />
<我 comment="default value" end="356" id="我1" start="353" text="pro" type="" />
<我 comment="default value" end="795" id="我2" start="792" text="pro" type="" />
<我 comment="default value" end="1922" id="我3" start="1919" text="pro" type="" />
<我 comment="default value" end="1956" id="我4" start="1953" text="pro" type="" />
<我 comment="default value" end="1977" id="我5" start="1974" text="pro" type="" />
<我 comment="default value" end="2079" id="我6" start="2076" text="pro" type="" />
<我 comment="default value" end="2137" id="我7" start="2134" text="pro" type="" />
<你 comment="default value" end="740" id="你0" start="737" text="pro" type="" />
<你 comment="default value" end="846" id="你1" start="843" text="pro" type="" />
<你 comment="default value" end="1189" id="你2" start="1186" text="pro" type="" />
<你 comment="default value" end="2220" id="你3" start="2217" text="pro" type="" />
<你 comment="default value" end="2241" id="你4" start="2238" text="pro" type="" />
<你 comment="default value" end="2280" id="你5" start="2277" text="pro" type="" />
<他 comment="default value" end="892" id="他0" start="889" text="pro" type="" />
<他 comment="default value" end="1068" id="他1" start="1065" text="pro" type="" />
<它 comment="default value" end="87" id="它0" start="84" text="pro" type="" />
<它 comment="default value" end="133" id="它1" start="130" text="pro" type="" />
<它 comment="default value" end="2035" id="它2" start="2032" text="pro" type="" />
<我们 comment="default value" end="1120" id="我们0" start="1117" text="pro" type="" />
<我们 comment="default value" end="1241" id="我们1" start="1238" text="pro" type="" />
<我们 comment="default value" end="1299" id="我们2" start="1296" text="pro" type="" />
<他们 comment="default value" end="1700" id="他们0" start="1697" text="pro" type="" />
<existential comment="default value" end="1670" id="e0" start="1667" text="pro" type="" />
<generic comment="default value" end="1659" id="g0" start="1656" text="pro" type="" />
<pleonastic end="456" id="p0" start="453" text="pro" type="" />
<pleonastic end="507" id="p1" start="504" text="pro" type="" />
<pleonastic end="1417" id="p3" start="1414" text="pro" type="" />
<pleonastic end="1719" id="p4" start="1716" text="pro" type="" />
<previous_utterance comment="default value" end="444" id="pr0" start="441" text="pro" type="" />
<previous_utterance comment="default value" end="584" id="pr1" start="581" text="pro" type="" />
<previous_utterance comment="default value" end="785" id="pr2" start="782" text="pro" type="" />
<previous_utterance comment="default value" end="1167" id="pr3" start="1164" text="pro" type="" />
<previous_utterance comment="default value" end="1407" id="pr4" start="1404" text="pro" type="" />
<previous_utterance comment="default value" end="1470" id="pr5" start="1467" text="pro" type="" />
<previous_utterance comment="default value" end="1647" id="pr6" start="1644" text="pro" type="" />
<previous_utterance comment="default value" end="1761" id="pr7" start="1758" text="pro" type="" />
<previous_utterance comment="default value" end="2433" id="pr9" start="2430" text="pro" type="" />
</TAGS>
</ProTask>