<?xml version='1.0' encoding='UTF-8'?>
<ProTask>
<TEXT><![CDATA[
suid=s0 participant=138504
师姐 ， 你 好 ！
suid=s1 participant=135882
你 好
suid=s2 participant=138504
*pro* 能 不 能 请教 你 个 问题 ？
suid=s3 participant=135882
*pro* 好 的
suid=s4 participant=138504
*pro* 关于 春之歌 音响 租借 有没有 什么 *OP* *pro* 需要 注意 *T*-1 的 呀 ？
suid=s5 participant=135882
*pro* 建议 *pro* 最好 签约 ， 关于 订金 以及 最后 款项 的 数量 和 交款 日期 ， *OP* 租借 公司 需要 提供 *T*-1 的 设备 清单 之类 的
suid=s6 participant=138504
嗯嗯
suid=s7 participant=138504
师姐 ， 关于 那些 器材 的话 ， *pro* 有 很多 *OP* 我 是 不 知道 *T*-1 用来 *pro* 干 嘛 的 ， 关于 那些 东西 *pro* 该 怎么 选 啊
suid=s8 participant=135882
这个 不 用 你 *PRO* 来 ， 你 跟 对方 公司 说 你 的 预算 ， 还有 预期 效果 ， *pro* 是否 有 一些 *OP* *T*-1 特殊 的 节目 有 灯光 音响 要求
suid=s9 participant=135882
然后 你 让 对方 *PRO* 给 你 一 份 大概 的 清单 就 可以 了
suid=s10 participant=135882
*pro* 不 需要 自己 去 一一 的 弄懂 这些 事情 ， *OP* 你 要 做 *T*-1 的 是 *pro* 协商 好 ， 把 舞台 效果 弄 出来 *-2 就 OK
suid=s11 participant=138504
那 *pro* 应该 要 提前 跟 他们 说 我们 的 节目 ， 然后 告诉 他们 *OP* 我们 想要 *PRO* 达到 *T*-1 的 效果 就 行 了
suid=s12 participant=138504
然后 舞台 效果 怎么 设计 都 是 由 他们 来 弄 *-1 *pro* 是 吧 ？
suid=s13 participant=135882
*pro* 也 不 完全 是
suid=s14 participant=135882
但 你 不 需要 去 一一 的 弄懂 那些 器材 的 作用 和 价钱
suid=s15 participant=135882
舞台 效果 当然 是 由 我们 来 设计 *-1 ， *pro* 结合 宣传部 的 帮忙 ， 还有 灯光 音响 公司 的 效果
suid=s16 participant=138504
我 大概 明白 了 ， 就是 跟 他们 说 我们 的 节目 要 达到 什么 效果 ， 然后 这 个 效果 怎么 达到 *pro* 就 交给 他们 *PRO* 来 完成 *T*-1
suid=s17 participant=138504
然后 我们 只 需要 起 一 个 *pro* “ 指导 ” 和 协调 的 作用 吧
suid=s18 participant=135882
嗯 ， *pro* 对 的
suid=s19 participant=138504
师姐 ， 那 这个 *pro* 大概 要 提前 多 长 时间 去 联系 他们 ？
suid=s20 participant=135882
*pro* 现在 就 可以 了 吧
suid=s21 participant=135882
今年 *pro* 是 在 511 吗
suid=s22 participant=138504
*pro* 是 的
suid=s23 participant=135882
那 *pro* 可以 开始 了 ， 而且 *pro* 本来 是 应该 找 几 个 公司 ， 对比 价格 效果 和 风评 的
suid=s24 participant=138504
恩 ， 公司 我 已经 找 了 几 个 *T*-1 了 ， 不过 之前 *pro* 有些 不 熟悉 ， 看 着 一些 价格 清单
suid=s25 participant=138504
*pro* 都 不 知道 那些 是 *OP* *T*-1 做 什么 用 的
suid=s26 participant=138504
现在 *pro* 知道 *PRO* 大概 怎么 做 了 ， *pro* 谢谢 师姐
suid=s27 participant=135882
*pro* 没 事 ， *pro* 加油 ~ *pro* 期待 你们 的 舞台
suid=s28 participant=138504
嗯嗯
suid=s29 participant=138504
师姐 ， 那 我 就 不 打扰 你
suid=s30 participant=135882
*pro* 没 事
suid=s31 participant=135882
师弟 ， *pro* 昨天 忘记 *PRO* 告诉 你 ， 我们 之前 是 找 海之声 的 ， *pro* 建议 你们 不 要 找 她们 咯 ... 那 个 老板 不 是 很 好 说话 ~
suid=s32 participant=138504
*pro* 好 的 ， 我 知道 了 ， *pro* 谢谢 你 啊 师姐
]]></TEXT>
<TAGS>
<我 comment="default value" end="101" id="我0" start="98" text="pro" type="" />
<我 comment="default value" end="220" id="我1" start="217" text="pro" type="" />
<我 comment="default value" end="271" id="我2" start="268" text="pro" type="" />
<我 comment="default value" end="493" id="我3" start="490" text="pro" type="" />
<我 comment="default value" end="842" id="我4" start="839" text="pro" type="" />
<我 comment="default value" end="1276" id="我5" start="1273" text="pro" type="" />
<我 comment="default value" end="1457" id="我6" start="1454" text="pro" type="" />
<我 comment="default value" end="1773" id="我7" start="1770" text="pro" type="" />
<我 comment="default value" end="1830" id="我8" start="1827" text="pro" type="" />
<我 comment="default value" end="1899" id="我9" start="1896" text="pro" type="" />
<我 comment="default value" end="1926" id="我10" start="1923" text="pro" type="" />
<我 comment="default value" end="1989" id="我11" start="1986" text="pro" type="" />
<我 comment="default value" end="2154" id="我12" start="2151" text="pro" type="" />
<我 comment="default value" end="2197" id="我13" start="2194" text="pro" type="" />
<我 comment="default value" end="2293" id="我14" start="2290" text="pro" type="" />
<你 comment="default value" end="280" id="你0" start="277" text="pro" type="" />
<你 comment="default value" end="586" id="你1" start="583" text="pro" type="" />
<你 comment="default value" end="724" id="你2" start="721" text="pro" type="" />
<你 comment="default value" end="777" id="你3" start="774" text="pro" type="" />
<你 comment="default value" end="1516" id="你4" start="1513" text="pro" type="" />
<你 comment="default value" end="1649" id="你5" start="1646" text="pro" type="" />
<你 comment="default value" end="1668" id="你6" start="1665" text="pro" type="" />
<你 comment="default value" end="1978" id="你7" start="1975" text="pro" type="" />
<它 comment="default value" end="1019" id="它0" start="1016" text="pro" type="" />
<我们 comment="default value" end="1152" id="我们0" start="1149" text="pro" type="" />
<我们 comment="default value" end="1352" id="我们1" start="1349" text="pro" type="" />
<我们 comment="default value" end="1565" id="我们2" start="1562" text="pro" type="" />
<existential comment="default value" end="189" id="e0" start="186" text="pro" type="" />
<existential comment="default value" end="436" id="e1" start="433" text="pro" type="" />
<generic comment="default value" end="470" id="g0" start="467" text="pro" type="" />
<pleonastic end="1966" id="p0" start="1963" text="pro" type="" />
<pleonastic end="2111" id="p1" start="2108" text="pro" type="" />
<previous_utterance comment="default value" end="152" id="pr0" start="149" text="pro" type="" />
<previous_utterance comment="default value" end="979" id="pr1" start="976" text="pro" type="" />
<previous_utterance comment="default value" end="1409" id="pr2" start="1406" text="pro" type="" />
<previous_utterance comment="default value" end="1609" id="pr3" start="1606" text="pro" type="" />
<previous_utterance comment="default value" end="2272" id="pr4" start="2269" text="pro" type="" />
</TAGS>
</ProTask>