<?xml version='1.0' encoding='UTF-8'?>
<ProTask>
<TEXT><![CDATA[
suid=s0 participant=135765
老师 *pro* 昨晚 照完 电镜 *pro* 七点多 了 *pro* 然后 出去 吃饭 回来 的 晚 昨晚 就 没 给 你 信息
suid=s1 participant=135208
*pro* 没 关系 你 把 数据 总结 一下 *-1 发给 我
suid=s2 participant=135765
*pro* 这 周 没有 *pro* 还 没 制备 *OP* *T*-1 新 的 材料 主要 把 *OP* *pro* 原来 做 *T*-3 的 测试 下 *-2
suid=s3 participant=135765
今晚 我 把 电竞 照片 给 您 发 过去 *-1
suid=s4 participant=135765
那 个 超声 喷雾 做 的 是 球形 的
suid=s5 participant=135208
*pro* 好 的
suid=s6 participant=135208
*pro* 均匀 吗 ？
粒径 多少 ？
suid=s7 participant=135765
恩恩 *pro* 还 算 好
suid=s8 participant=135208
*pro* 好 *pro* 发给 我 再说
suid=s9 participant=135208
孙 老师 还 在 吗 ？
suid=s10 participant=135208
你们 什么 时候 怎么 做 中期 ？
suid=s11 participant=135765
粒径 几百 纳米
suid=s12 participant=135765
孙 老师 走 了
suid=s13 participant=135765
中期 还 没 听说
suid=s14 participant=135765
老师 我 晚上 照片 再 发给 你 *-1
suid=s15 participant=135208
*pro* 好 的
suid=s16 participant=135208
实验 *pro* 尽量 往前 推 *T*-1
suid=s17 participant=135208
*pro* 辛苦 点
suid=s18 participant=135765
恩恩
suid=s19 participant=135765
老师 那 个 *OP* *pro* 共沉淀 做 *T*-1 的 富锂 照 电镜 那个 好像 都 是 *OP* *T*-2 六边形 五边形 这样 的 形貌
suid=s20 participant=135765
老师
suid=s21 participant=135208
*pro* zai
suid=s22 participant=135208
你 再 传 一下
suid=s23 participant=135765
网速 有点 慢 啊
suid=s24 participant=135208
*pro* 再 试试
suid=s25 participant=135208
你 发到 我 信箱 吧
suid=s26 participant=135765
恩恩
suid=s27 participant=135765
今天 寝室 网速 慢
suid=s28 participant=135765
老师 *pro* 给 你 发去 了
]]></TEXT>
<TAGS>
<我 comment="default value" end="35" id="我0" start="32" text="pro" type="" />
<我 comment="default value" end="62" id="我1" start="59" text="pro" type="" />
<我 comment="default value" end="185" id="我2" start="182" text="pro" type="" />
<我 comment="default value" end="198" id="我3" start="195" text="pro" type="" />
<我 comment="default value" end="239" id="我4" start="236" text="pro" type="" />
<我 comment="default value" end="1116" id="我5" start="1113" text="pro" type="" />
<我 comment="default value" end="1229" id="我6" start="1226" text="pro" type="" />
<我 comment="default value" end="1381" id="我7" start="1378" text="pro" type="" />
<你 comment="default value" end="530" id="你0" start="527" text="pro" type="" />
<你 comment="default value" end="862" id="你1" start="859" text="pro" type="" />
<你 comment="default value" end="910" id="你2" start="907" text="pro" type="" />
<它 comment="default value" end="432" id="它0" start="429" text="pro" type="" />
<它 comment="default value" end="483" id="它1" start="480" text="pro" type="" />
<generic comment="default value" end="992" id="g0" start="989" text="pro" type="" />
<pleonastic end="50" id="p0" start="47" text="pro" type="" />
<pleonastic end="125" id="p1" start="122" text="pro" type="" />
<previous_utterance comment="default value" end="395" id="pr0" start="392" text="pro" type="" />
<previous_utterance comment="default value" end="522" id="pr1" start="519" text="pro" type="" />
<previous_utterance comment="default value" end="821" id="pr2" start="818" text="pro" type="" />
</TAGS>
</ProTask>