<?xml version='1.0' encoding='UTF-8'?>
<ProTask>
<TEXT><![CDATA[
suid=s0 participant=134658
*pro* 在 美国 ？
suid=s1 participant=134167
嗯 ？
suid=s2 participant=134658
过年 *pro* 没 见 你 回 海丰 啊 我 是 玉凤
suid=s3 participant=134167
*pro* 是 啊 ， 过年 这边 又 不 放假
suid=s4 participant=134167
来回 机票 也 贵
suid=s5 participant=134658
那 寒假 呢 ？
suid=s6 participant=134167
我 明年 过年 就 回来 ~~
suid=s7 participant=134167
这里 我们 主要 是 要 去 实验室 的 。。
suid=s8 participant=134167
实验室 没有 那么 多 假期 ， 我 就 来 一 年 ， *pro* 结束 了 *pro* 就 回国 了
suid=s9 participant=134658
*pro* 做 手术 好 恐怖 啊 *pro* 真是 佩服 你 勇气 了 *pro* 想 当年 我 爸 也 想 我 去 当 医生
suid=s10 participant=134167
*pro* 习惯 了 *pro* 就 好 ~~ 你们 小两口 ， 现在 日子 也 很 好 啊 ~
suid=s11 participant=134167
你们 这 次 过年 还 派 双 封 的 ， *pro* 错过 了
suid=s12 participant=134658
两 个 人 都 累死 了 天天 都 很 晚 下班 *pro* 还 是 要 有 一 个 人 照顾 家庭 的
suid=s13 participant=134167
那 一开始 *pro* 估计 *pro* 也 是 这样 吧 ， *pro* 慢慢 会 好 起来 ~
suid=s14 participant=134658
*pro* 是 行业 问题 *pro* 没 办法 的 *pro* 做 医生 也 很 辛苦 的 *pro* 不过 不 用 自己 营销 *pro* 少 了 一 层 压力
suid=s15 participant=134167
*pro* 说成 *pro* 这么 累 ， *pro* 啥 时候 准备 *PRO* 让 你 老爸 *PRO* 抱 外孙 哪 。。 呵呵
suid=s16 participant=134658
*pro* 期待 你 以后 回国 发展 啊
suid=s17 participant=134167
我 就 是 *OP* *T*-1 晃荡 日子 的 ， 到 哪里 都 一样
suid=s18 participant=134658
这个 是 现在 头 等 大事 *pro* 努力 吧
suid=s19 participant=134167
[ 图片 ] *pro* 造 人 大计 ，
suid=s20 participant=134658
你 在 美国 哪 家 大学
suid=s21 participant=134167
宾夕法尼亚 大学 ， *pro* 在 费城 ~
suid=s22 participant=134658
*pro* 有 球赛 看 吗
suid=s23 participant=134167
NBA ？
suid=s24 participant=134167
*pro* 有 的 啊 ， *OP* *T*-1 便宜 的 门票 20 刀 ， 费城 76人 的
suid=s25 participant=134167
*pro* 没 啥 球星 看 ， *OP* 湖人 热火 *T*-1 过来 做 客场 的 时候 ， 门票 倒 是 火爆 的
suid=s26 participant=134658
*pro* 感觉 *pro* 在 美国 生活 怎样 ？
suid=s27 participant=134167
*OP* *pro* 现在 花 *T*-1 的 是 国家 的 钱 ， *pro* 所以 满 滋润 的
suid=s28 participant=134167
吃 喝 住 都 很 好
suid=s29 participant=134167
吃 喝 住 用 都 很 好
]]></TEXT>
<TAGS>
<我 comment="default value" end="106" id="我0" start="103" text="pro" type="" />
<我 comment="default value" end="407" id="我1" start="404" text="pro" type="" />
<我 comment="default value" end="418" id="我2" start="415" text="pro" type="" />
<我 comment="default value" end="476" id="我3" start="473" text="pro" type="" />
<我 comment="default value" end="495" id="我4" start="492" text="pro" type="" />
<我 comment="default value" end="551" id="我5" start="548" text="pro" type="" />
<我 comment="default value" end="562" id="我6" start="559" text="pro" type="" />
<我 comment="default value" end="650" id="我7" start="647" text="pro" type="" />
<我 comment="default value" end="776" id="我8" start="773" text="pro" type="" />
<我 comment="default value" end="1055" id="我10" start="1052" text="pro" type="" />
<我 comment="default value" end="1327" id="我11" start="1324" text="pro" type="" />
<我 comment="default value" end="1672" id="我12" start="1669" text="pro" type="" />
<我 comment="default value" end="1702" id="我13" start="1699" text="pro" type="" />
<你 comment="default value" end="32" id="你0" start="29" text="pro" type="" />
<你 comment="default value" end="785" id="你2" start="782" text="pro" type="" />
<你 comment="default value" end="875" id="你3" start="872" text="pro" type="" />
<你 comment="default value" end="895" id="你4" start="892" text="pro" type="" />
<你 comment="default value" end="914" id="你5" start="911" text="pro" type="" />
<你 comment="default value" end="959" id="你6" start="956" text="pro" type="" />
<你 comment="default value" end="968" id="你7" start="965" text="pro" type="" />
<你 comment="default value" end="981" id="你8" start="978" text="pro" type="" />
<你 comment="default value" end="1611" id="你9" start="1608" text="pro" type="" />
<你 comment="default value" end="1620" id="你10" start="1617" text="pro" type="" />
<它 comment="default value" end="862" id="它0" start="859" text="pro" type="" />
<我们 comment="default value" end="714" id="我们0" start="711" text="pro" type="" />
<我们 comment="default value" end="802" id="我们1" start="799" text="pro" type="" />
<我们 comment="default value" end="1185" id="我们2" start="1182" text="pro" type="" />
<你们 comment="default value" end="1231" id="你们0" start="1228" text="pro" type="" />
<existential comment="default value" end="1368" id="e0" start="1365" text="pro" type="" />
<existential comment="default value" end="1522" id="e1" start="1519" text="pro" type="" />
<generic comment="default value" end="458" id="g0" start="455" text="pro" type="" />
<pleonastic end="848" id="p0" start="845" text="pro" type="" />
<previous_utterance comment="default value" end="159" id="pr0" start="156" text="pro" type="" />
<previous_utterance comment="default value" end="1445" id="pr1" start="1442" text="pro" type="" />
</TAGS>
</ProTask>