<?xml version='1.0' encoding='UTF-8'?>
<ProTask>
<TEXT><![CDATA[
suid=s0 participant=136507
*pro* 啥 事 啊
suid=s1 participant=136507
*pro* 说说 呗
suid=s2 participant=136495
*pro* 足球场 上 踢 着 踢 着 *pro* 死 了 个 男 的 == 。。
suid=s3 participant=136507
[ 表情 ] 什么 时候 得 事 啊
suid=s4 participant=136495
昨天 。。 要不 前天 。。
suid=s5 participant=136507
*pro* 好 倒霉
suid=s6 participant=136495
那 男 的 是 我们 同学 室友 == 。。
suid=s7 participant=136495
所以 *pro* 要 好好 注意 身体 *pro* 打球 神马 不 宜 过 猛 。。
suid=s8 participant=136507
*pro* 好 的 [ 表情 ]
suid=s9 participant=136507
*pro* 好 吓人 啊
suid=s10 participant=136495
*pro* 就 是 *pro* 踢 着 踢 着 就 倒下 了 。。 *pro* 特别 吓人 。。
suid=s11 participant=136507
*pro* 别 说 了 。
哥 很 怕 。。
suid=s12 participant=136495
你 等 感冒 好 利索 了 再 碰 球 。。
suid=s13 participant=136507
*pro* 今天 下午 还 训练 了 。。
suid=s14 participant=136507
*pro* 没 办法 嘛 。
明天 *pro* 有 比赛 。。
suid=s15 participant=136495
*pro* 量力而行 好 不 。。
suid=s16 participant=136507
额 。
*pro* 下 次 注意
suid=s17 participant=136507
*pro* 咋 了 。
[ 表情 ]
suid=s18 participant=136495
*pro* 看 你 姐 多 关心 你
suid=s19 participant=136507
那 是 那 是 。
*pro* 是 个 好 妹妹 [ 表情 ]
suid=s20 participant=136507
哥 在 偷偷 得 跟 你 聊天
suid=s21 participant=136495
？？
suid=s22 participant=136507
我们 熄灯 了
suid=s23 participant=136495
。。
suid=s24 participant=136495
*pro* *pro* 这么 早 就 熄灯
suid=s25 participant=136507
*pro* 当然 neng
suid=s26 participant=136507
*pro* 很 累 得 *pro* 好 吧
suid=s27 participant=136507
公大 得 孩子 很 苦逼 得
suid=s28 participant=136495
你们 连 专业 课 都 木有 *-1 [ 表情 ] [ 表情 ]
suid=s29 participant=136507
下 学期 *pro* 就 会 有 了
suid=s30 participant=136495
*OP* *T*-1 多 清闲 的 大一 。。
suid=s31 participant=136507
内务 好 麻烦 得
suid=s32 participant=136495
哈哈哈哈 。。
suid=s33 participant=136495
你 早 休息 吧 ， 我 去 看 集 剧 然后 还 得 学习 [ 表情 ] [ 表情 ]
suid=s34 participant=136507
[ 表情 ] *pro* 非得 看 剧 嘛
suid=s35 participant=136507
*pro* 早 休息 。
*pro* 别 透支 生命 呐
suid=s36 participant=136495
*pro* 不 看 *pro* 难受 的 *pro* 好 不 。。 *pro* 暴殄天物 啊 这 是 *T*-1 。。
suid=s37 participant=136495
*pro* 好 滴 ~~ [ 表情 ] [ 表情 ]
suid=s38 participant=136507
[ 表情 ] *pro* 别 超 12点 啊 . *pro* 晚安
]]></TEXT>
<TAGS>
<我 comment="default value" end="738" id="我0" start="735" text="pro" type="" />
<我 comment="default value" end="848" id="我1" start="845" text="pro" type="" />
<我 comment="default value" end="1235" id="我2" start="1232" text="pro" type="" />
<我 comment="default value" end="1784" id="我3" start="1781" text="pro" type="" />
<你 comment="default value" end="32" id="你0" start="29" text="pro" type="" />
<你 comment="default value" end="71" id="你1" start="68" text="pro" type="" />
<你 comment="default value" end="586" id="你2" start="583" text="pro" type="" />
<你 comment="default value" end="798" id="你3" start="795" text="pro" type="" />
<你 comment="default value" end="889" id="你4" start="886" text="pro" type="" />
<你 comment="default value" end="936" id="你5" start="933" text="pro" type="" />
<你 comment="default value" end="993" id="你6" start="990" text="pro" type="" />
<你 comment="default value" end="1277" id="你7" start="1274" text="pro" type="" />
<你 comment="default value" end="1684" id="你8" start="1681" text="pro" type="" />
<你 comment="default value" end="1727" id="你9" start="1724" text="pro" type="" />
<你 comment="default value" end="1740" id="你10" start="1737" text="pro" type="" />
<你 comment="default value" end="1818" id="你11" start="1815" text="pro" type="" />
<你 comment="default value" end="1934" id="你12" start="1931" text="pro" type="" />
<你 comment="default value" end="1952" id="你13" start="1949" text="pro" type="" />
<他 comment="default value" end="519" id="他1" start="516" text="pro" type="" />
<我们 comment="default value" end="109" id="我们0" start="106" text="pro" type="" />
<我们 comment="default value" end="266" id="我们1" start="263" text="pro" type="" />
<我们 comment="default value" end="357" id="我们2" start="354" text="pro" type="" />
<我们 comment="default value" end="374" id="我们3" start="371" text="pro" type="" />
<我们 comment="default value" end="688" id="我们4" start="685" text="pro" type="" />
<我们 comment="default value" end="756" id="我们5" start="753" text="pro" type="" />
<我们 comment="default value" end="1436" id="我们6" start="1433" text="pro" type="" />
<你们 comment="default value" end="1191" id="你们0" start="1188" text="pro" type="" />
<event comment="default value" end="468" id="ev0" start="465" text="pro" type="" />
<event comment="default value" end="543" id="ev1" start="540" text="pro" type="" />
<generic comment="default value" end="1794" id="g0" start="1791" text="pro" type="" />
<pleonastic end="129" id="p0" start="126" text="pro" type="" />
<pleonastic end="509" id="p1" start="506" text="pro" type="" />
<pleonastic end="1185" id="p2" start="1182" text="pro" type="" />
<previous_utterance comment="default value" end="424" id="pr0" start="421" text="pro" type="" />
<previous_utterance comment="default value" end="1289" id="pr1" start="1286" text="pro" type="" />
<previous_utterance comment="default value" end="1805" id="pr2" start="1802" text="pro" type="" />
<previous_utterance comment="default value" end="1872" id="pr3" start="1869" text="pro" type="" />
</TAGS>
</ProTask>