<?xml version='1.0' encoding='UTF-8'?>
<ProTask>
<TEXT><![CDATA[
suid=s0 participant=137939
姐
suid=s1 participant=137903
我 也 不 知道
suid=s2 participant=137903
*pro* 等 领导 信 呢
suid=s3 participant=137939
姐 ， 你 还 好 吗
suid=s4 participant=137903
*pro* 挺 好 的 啊
suid=s5 participant=137903
*pro* 能 吃 能 睡 的
suid=s6 participant=137939
我 这 头 海天 驴 又 要 拉磨 了
suid=s7 participant=137903
*pro* 胖 了 40多 斤 了
suid=s8 participant=137939
哇
suid=s9 participant=137939
*OP* *T*-1 幸福 的 妈
suid=s10 participant=137939
*pro* 当 妈 不 容易 吧
suid=s11 participant=137903
*pro* 是 啊
suid=s12 participant=137903
*pro* 可 胖 了
suid=s13 participant=137903
*pro* 现在 就是 觉得 *pro* 特别 不 公平 所以 挺 想 *PRO* 生 个 儿子 的
suid=s14 participant=137903
以后 *pro* 不 用 受罪 了
suid=s15 participant=137939
我 也 觉得 男 的 好
suid=s16 participant=137939
儿子 也 爱 妈
suid=s17 participant=137939
*pro* 就 怕 同性恋 啊
suid=s18 participant=137939
现在 世界 同性恋 太 多 了
suid=s19 participant=137903
我 倒是 没有 考虑 过 这 个 问题
suid=s20 participant=137939
*pro* 只要 孩子 快乐 健康 就 好
suid=s21 participant=137939
以后 你 就 是 海天 杨贵妃 了
suid=s22 participant=137939
*pro* 丰腴 的 很 啊
suid=s23 participant=137903
*pro* 生完 了 我 要 减肥 哒
suid=s24 participant=137903
*pro* 不 能 这么 胖
suid=s25 participant=137903
*pro* 现在 是 为了 小盆友 ， 所以 多 吃
suid=s26 participant=137939
*pro* 不 知道 *pro* 是 你 吸收 了 ， 还是 宝儿 吸收 了
suid=s27 participant=137903
*pro* 是 这么 回 事
suid=s28 participant=137903
*pro* 就 *OP* 我 *T*-1 胖 的 这 个 重量 来 说 ， 大部分 上 我 身上 了
suid=s29 participant=137939
所以 *pro* 有 营养 餐 啊
suid=s30 participant=137939
*pro* 看看 小s
suid=s31 participant=137903
人家 都 是 有 专业 人士 照顾 的
suid=s32 participant=137939
*pro* 想 破 济南 了
suid=s33 participant=137903
*pro* 什么 时候 能 回来
suid=s34 participant=137939
天 知道
suid=s35 participant=137939
除非 *pro* 辞职
]]></TEXT>
<TAGS>
<我 comment="default value" end="97" id="我0" start="94" text="pro" type="" />
<我 comment="default value" end="178" id="我1" start="175" text="pro" type="" />
<我 comment="default value" end="219" id="我2" start="216" text="pro" type="" />
<我 comment="default value" end="309" id="我3" start="306" text="pro" type="" />
<我 comment="default value" end="512" id="我4" start="509" text="pro" type="" />
<我 comment="default value" end="552" id="我5" start="549" text="pro" type="" />
<我 comment="default value" end="634" id="我6" start="631" text="pro" type="" />
<我 comment="default value" end="755" id="我7" start="752" text="pro" type="" />
<我 comment="default value" end="891" id="我8" start="888" text="pro" type="" />
<我 comment="default value" end="987" id="我9" start="984" text="pro" type="" />
<我 comment="default value" end="1030" id="我10" start="1027" text="pro" type="" />
<我 comment="default value" end="1078" id="我11" start="1075" text="pro" type="" />
<我 comment="default value" end="1121" id="我12" start="1118" text="pro" type="" />
<我 comment="default value" end="1176" id="我13" start="1173" text="pro" type="" />
<我 comment="default value" end="1368" id="我14" start="1365" text="pro" type="" />
<我 comment="default value" end="1499" id="我15" start="1496" text="pro" type="" />
<我 comment="default value" end="1623" id="我16" start="1620" text="pro" type="" />
<你 comment="default value" end="1411" id="你1" start="1408" text="pro" type="" />
<你 comment="default value" end="1542" id="你2" start="1539" text="pro" type="" />
<它 comment="default value" end="1243" id="它0" start="1240" text="pro" type="" />
<generic comment="default value" end="429" id="g0" start="426" text="pro" type="" />
<pleonastic end="567" id="p0" start="564" text="pro" type="" />
<pleonastic end="1187" id="p1" start="1184" text="pro" type="" />
<pleonastic end="1286" id="p2" start="1283" text="pro" type="" />
<previous_utterance comment="default value" end="474" id="pr0" start="471" text="pro" type="" />
</TAGS>
</ProTask>