<?xml version='1.0' encoding='UTF-8'?>
<ProTask>
<TEXT><![CDATA[
suid=s0 participant=136693
阿冉 ， 帮 我 *PRO* 问 得 怎么样 了 啊 ， *pro* 等 信儿 呢 啊 还
suid=s1 participant=137014
教育局 还 没 下 政策 呢 ， 光 哥
suid=s2 participant=136693
哦 ， *pro* 好 的 ， 我 随时 等 消息
suid=s3 participant=137014
*pro* 好 ， 我 再 确认 一下 ， 孩子 的 户口 ， 父母 的 户口 都 在 阳光100 对 吗
suid=s4 participant=136693
*pro* 是 的
suid=s5 participant=137014
阳光100 的 房产证 也 有 *pro* 是 么 ？
suid=s6 participant=136693
*pro* 有
suid=s7 participant=137014
房子 卖 了 的话 *pro* 不 是 房产证 应该 没 了 么
suid=s8 participant=136693
*pro* 还 有
suid=s9 participant=137014
如果 这些 东西 都 有 的话 ， *pro* 应该 问题 不 大
suid=s10 participant=136693
里面 有 一些 纠纷 ， *OP* *pro* *T*-1 卖 的 时候 *pro* 保留 了 房产证
suid=s11 participant=137014
房产证 ， 证明 *pro* 在 阳光100 有 房子 ， 户口 也 在 这 证明 *pro* 就 是 在 小区 里 住
suid=s12 participant=137014
领导 说 *pro* 这样 的话 *pro* 应该 符合 条件
suid=s13 participant=136693
[ 表情 ] 但 *pro* 其实 不 在 那里 住 ， *pro* 就 怕 *pro* 随访
suid=s14 participant=137014
*pro* 应该 没 事
suid=s15 participant=136693
那 就 好
suid=s16 participant=137014
今年 政策 没 下来 呢 ， *pro* 不 知道 *pro* 还 需要 其他 的 东西 么
suid=s17 participant=136693
*pro* 拜托 你 了 ， 哈哈
suid=s18 participant=136693
*pro* 有 什么 需要 其他 的 东西 你 再 跟 我 说
suid=s19 participant=137014
*pro* 随访 的 事 没 问题 ， *pro* 给 你 摆平 ， *pro* 怎么 访 *pro* 也 访 不 到 咱 自己 孩子 身上 ， *pro* 放心
suid=s20 participant=136693
哈哈哈哈 ， 那 *pro* 就 好办 了
suid=s21 participant=136693
*pro* 有 你 在 ， 我 放心
suid=s22 participant=136693
哈哈
suid=s23 participant=137014
*pro* 必须 的 ， 哈哈 ~
]]></TEXT>
<TAGS>
<我 comment="default value" end="61" id="我0" start="58" text="pro" type="" />
<我 comment="default value" end="379" id="我1" start="376" text="pro" type="" />
<我 comment="default value" end="474" id="我2" start="471" text="pro" type="" />
<我 comment="default value" end="591" id="我3" start="588" text="pro" type="" />
<我 comment="default value" end="610" id="我4" start="607" text="pro" type="" />
<我 comment="default value" end="662" id="我5" start="659" text="pro" type="" />
<我 comment="default value" end="695" id="我6" start="692" text="pro" type="" />
<我 comment="default value" end="811" id="我7" start="808" text="pro" type="" />
<我 comment="default value" end="831" id="我8" start="828" text="pro" type="" />
<我 comment="default value" end="968" id="我9" start="965" text="pro" type="" />
<我 comment="default value" end="979" id="我10" start="976" text="pro" type="" />
<我 comment="default value" end="1028" id="我11" start="1025" text="pro" type="" />
<我 comment="default value" end="1154" id="我12" start="1151" text="pro" type="" />
<我 comment="default value" end="1253" id="我13" start="1250" text="pro" type="" />
<我 comment="default value" end="1294" id="我14" start="1291" text="pro" type="" />
<你 comment="default value" end="424" id="你0" start="421" text="pro" type="" />
<你 comment="default value" end="529" id="你1" start="526" text="pro" type="" />
<你 comment="default value" end="747" id="你2" start="744" text="pro" type="" />
<你 comment="default value" end="759" id="你3" start="756" text="pro" type="" />
<你 comment="default value" end="878" id="你4" start="875" text="pro" type="" />
<你 comment="default value" end="1207" id="你5" start="1204" text="pro" type="" />
<他们 comment="default value" end="841" id="他们0" start="838" text="pro" type="" />
<他们 comment="default value" end="1134" id="他们1" start="1131" text="pro" type="" />
<他们 comment="default value" end="1169" id="他们2" start="1166" text="pro" type="" />
<他们 comment="default value" end="1180" id="他们3" start="1177" text="pro" type="" />
<existential comment="default value" end="1074" id="e0" start="1071" text="pro" type="" />
<existential comment="default value" end="1372" id="e1" start="1369" text="pro" type="" />
<previous_utterance comment="default value" end="157" id="pr0" start="154" text="pro" type="" />
<previous_utterance comment="default value" end="206" id="pr1" start="203" text="pro" type="" />
<previous_utterance comment="default value" end="287" id="pr2" start="284" text="pro" type="" />
<previous_utterance comment="default value" end="340" id="pr3" start="337" text="pro" type="" />
</TAGS>
</ProTask>