<?xml version='1.0' encoding='UTF-8'?>
<ProTask>
<TEXT><![CDATA[
suid=s0 participant=131603
*pro* 在
suid=s1 participant=131603
港
suid=s2 participant=137684
*pro* 问 一下 *pro* 是 不 是 一切 顺利 啊
suid=s3 participant=137684
你 在 家 里 干 什么 呀 ？
suid=s4 participant=131603
*pro* 忙 签证 ， 今天 去 交钱 ， 然后 去 预约
suid=s5 participant=137684
哦 ， *pro* 对 ， 你 昨天 说 了
suid=s6 participant=131603
*pro* 对 ， 然后 我 刚才 跟 周爽 说 了
suid=s7 participant=131603
*pro* 去 美国 的 事情 。
她 给 我 *PRO* 看 花 来着
suid=s8 participant=137684
花 ？
suid=s9 participant=137684
咩 花 ？
suid=s10 participant=131603
哦 ， 哇哈哈哈 ， 你 还 不 知道 呀
suid=s11 participant=131603
周爽 同学 现在 可 是 真 有 性情 ！
suid=s12 participant=131603
*pro* 养 花 ， *pro* 漂亮 得 不得了 ， *pro* 开 得 好 茂盛 有 娇嫩
suid=s13 participant=131603
黄 玫瑰 ， 很 漂亮 ， 花朵 好 大
suid=s14 participant=137684
我 又 跟 周爽 说 起来 了
suid=s15 participant=131603
*pro* 题 呢 ，
suid=s16 participant=131603
*pro* 挺 好 的 。
我 事情 忙 ， 总是 想 *PRO* 等到 一起 都 稳定 了 再 告诉 所有 人 ， 你 先 告诉 她 也 很 好
suid=s17 participant=137684
啥 啊 ？
suid=s18 participant=137684
你 还 没 跟 她 说 *pro* 去 美国 的 事 ？
suid=s19 participant=131603
哦 ， *pro* 今 中午 说 的
suid=s20 participant=137684
那 就 行
suid=s21 participant=137684
她 在 跟 我 说 他 和 李健 办 婚礼 也 有 好多 事
suid=s22 participant=137684
哎 ， 她 蛮 不 容易 的
suid=s23 participant=131603
*pro* 是 吧 ？
*pro* 怎么 类 ？
suid=s24 participant=131603
*pro* 什么 时候 办 婚礼 ？
suid=s25 participant=137684
*pro* 还 没有 说
suid=s26 participant=137684
她 说 她们 自己 出 钱 办 酒 ， 礼金 给 父母 *-1
suid=s27 participant=137684
*pro* 加上 装修 ， 钱 很 不 够
suid=s28 participant=137684
*pro* 很 发愁
suid=s29 participant=131603
*pro* 为什么 一定 要 给 父母 ？
suid=s30 participant=137684
我 也 觉得 啊
suid=s31 participant=131603
哦 ， 我 自己 问 她
]]></TEXT>
<TAGS>
<我 comment="default value" end="32" id="我0" start="29" text="pro" type="" />
<我 comment="default value" end="96" id="我1" start="93" text="pro" type="" />
<我 comment="default value" end="198" id="我2" start="195" text="pro" type="" />
<我 comment="default value" end="360" id="我3" start="357" text="pro" type="" />
<我 comment="default value" end="996" id="我4" start="993" text="pro" type="" />
<你 comment="default value" end="107" id="你0" start="104" text="pro" type="" />
<你 comment="default value" end="947" id="你1" start="944" text="pro" type="" />
<她 comment="default value" end="589" id="她0" start="586" text="pro" type="" />
<她 comment="default value" end="799" id="她1" start="796" text="pro" type="" />
<她 comment="default value" end="1187" id="她2" start="1184" text="pro" type="" />
<她 comment="default value" end="1275" id="她3" start="1272" text="pro" type="" />
<他们 comment="default value" end="1228" id="他们0" start="1225" text="pro" type="" />
<他们 comment="default value" end="1376" id="他们2" start="1373" text="pro" type="" />
<他们 comment="default value" end="1426" id="他们3" start="1423" text="pro" type="" />
<他们 comment="default value" end="1465" id="他们4" start="1462" text="pro" type="" />
<它们 comment="default value" end="601" id="它们0" start="598" text="pro" type="" />
<它们 comment="default value" end="618" id="它们1" start="615" text="pro" type="" />
<pleonastic end="759" id="p0" start="756" text="pro" type="" />
<previous_utterance comment="default value" end="260" id="pr0" start="257" text="pro" type="" />
<previous_utterance comment="default value" end="306" id="pr1" start="303" text="pro" type="" />
<previous_utterance comment="default value" end="1175" id="pr2" start="1172" text="pro" type="" />
</TAGS>
</ProTask>