<?xml version='1.0' encoding='UTF-8'?>
<ProTask>
<TEXT><![CDATA[
suid=s0 participant=133148
蓝天 ， 你 好 。
*pro* 在 吗 ？
suid=s1 participant=133182
*pro* 在
suid=s2 participant=133148
我 想 *pro* 问 一下 ， 咱们 社 里 看病 的话 ， *pro* 有 报销 方面 的 规定 吗 ？
suid=s3 participant=133182
*pro* 没有 的 ， *pro* 对 了 ， 你 早上 后来 打卡 了 吗
suid=s4 participant=133148
*pro* 打卡 了 ， 我 早上 比较 早 ， 挂完 号 就 来 打卡 了
suid=s5 participant=133182
恩 ， 这样 比较 好 ， 300 块 的 全勤 *pro* 争取 *PRO* 可以 拿到 *T*-1 哦 ~ 你 最好 看 下 规章 制度 里面 的 考勤 ， 关于 *pro* 请 病假 、 事假 、 年休 什么 的 *pro* 都 有 说明 的
suid=s6 participant=133148
嗯 ， *pro* 好 滴 ， *pro* 谢谢 蓝天 。
我 其实 有点 担心 ， 前阵子 *pro* 体检 *pro* 查出 *pro* 有 宫颈 息肉 ， 有的 医生 说 *pro* 不 用 管 ， 后来 *pro* 又 有 医生 说 *pro* 要 拿掉 。
*pro* 今天 去 瑞金 医院 看 的 ， 医生 说 *pro* 长 得 比较 大 ， 建议 *pro* 住院 手术 。
哎 。
suid=s7 participant=133148
我 医保卡 里 的 钱 都 让 我 *PRO* 拉完 了 ， *pro* 所以 才 来 问 报销 的 事 的
suid=s8 participant=133148
不过 *pro* 没 事 ， 我 去 医保网 上 看看 ， *pro* 好像 也 有 说明 。
*pro* 谢谢 亲 [ 表情 ]
suid=s9 participant=133148
*pro* 是 啊 ， 因为 我 总是 嗓子 鼻子 各 处 发炎 ， 可能 有 慢性 炎症 没 注意 。
suid=s10 participant=133148
那 我 再 问问 刘佳 看 。
因为 我 在 网上 查到 上海 的 医保卡 *pro* 住院 可以 报销 70% 以上 ， *pro* 不 知道 这个 是 不 是 *pro* 在 街道 报 的 。
要是 *pro* 不 能 报 *pro* 也 就 算了 。
suid=s11 participant=133148
*pro* 刚 来 *pro* 其实 也 不好意思 麻烦 那些 老师 ， *pro* 要是 *pro* 再 上门 慰问 ， 就 更 不好意思 了 。
那 我 到时候 低调 点 。
suid=s12 participant=133182
你 社保局 、 医保局 都 问问 看 *-1
suid=s13 participant=133148
*pro* 好 的 [ 表情 ]
suid=s14 participant=133148
*pro* 在 不 ？
]]></TEXT>
<TAGS>
<我 comment="default value" end="82" id="我0" start="79" text="pro" type="" />
<我 comment="default value" end="121" id="我1" start="118" text="pro" type="" />
<我 comment="default value" end="266" id="我2" start="263" text="pro" type="" />
<我 comment="default value" end="500" id="我3" start="497" text="pro" type="" />
<我 comment="default value" end="531" id="我4" start="528" text="pro" type="" />
<我 comment="default value" end="540" id="我5" start="537" text="pro" type="" />
<我 comment="default value" end="549" id="我6" start="546" text="pro" type="" />
<我 comment="default value" end="573" id="我7" start="570" text="pro" type="" />
<我 comment="default value" end="605" id="我8" start="602" text="pro" type="" />
<我 comment="default value" end="618" id="我9" start="615" text="pro" type="" />
<我 comment="default value" end="666" id="我10" start="663" text="pro" type="" />
<我 comment="default value" end="742" id="我11" start="739" text="pro" type="" />
<我 comment="default value" end="841" id="我12" start="838" text="pro" type="" />
<我 comment="default value" end="1005" id="我13" start="1002" text="pro" type="" />
<我 comment="default value" end="1029" id="我14" start="1026" text="pro" type="" />
<我 comment="default value" end="1069" id="我15" start="1066" text="pro" type="" />
<我 comment="default value" end="1081" id="我16" start="1078" text="pro" type="" />
<我 comment="default value" end="1124" id="我17" start="1121" text="pro" type="" />
<我 comment="default value" end="1134" id="我18" start="1131" text="pro" type="" />
<我 comment="default value" end="1161" id="我19" start="1158" text="pro" type="" />
<我 comment="default value" end="1170" id="我20" start="1167" text="pro" type="" />
<你 comment="default value" end="43" id="你0" start="40" text="pro" type="" />
<你 comment="default value" end="357" id="你2" start="354" text="pro" type="" />
<你 comment="default value" end="1338" id="你3" start="1335" text="pro" type="" />
<它 comment="default value" end="646" id="它0" start="643" text="pro" type="" />
<它 comment="default value" end="823" id="它1" start="820" text="pro" type="" />
<existential comment="default value" end="149" id="e0" start="146" text="pro" type="" />
<existential comment="default value" end="199" id="e1" start="196" text="pro" type="" />
<existential comment="default value" end="442" id="e2" start="439" text="pro" type="" />
<existential comment="default value" end="590" id="e3" start="587" text="pro" type="" />
<generic comment="default value" end="416" id="g0" start="413" text="pro" type="" />
<pleonastic end="796" id="p0" start="793" text="pro" type="" />
<pleonastic end="1049" id="p1" start="1046" text="pro" type="" />
<previous_utterance comment="default value" end="212" id="pr0" start="209" text="pro" type="" />
<previous_utterance comment="default value" end="488" id="pr1" start="485" text="pro" type="" />
<previous_utterance comment="default value" end="886" id="pr2" start="883" text="pro" type="" />
<previous_utterance comment="default value" end="1293" id="pr3" start="1290" text="pro" type="" />
</TAGS>
</ProTask>