<?xml version='1.0' encoding='UTF-8'?>
<ProTask>
<TEXT><![CDATA[
suid=s0 participant=132655
吉吉 ， 知道 几号 *pro* 就 能 放假 走人 吗 ？
suid=s1 participant=131623
*pro* 不 知道 啊 。。 *pro* 好像 是 ２０
suid=s2 participant=132655
妈呀
suid=s3 participant=132655
*pro* 十六号 考完 耶
suid=s4 participant=131623
嗯 。。 *pro* 确定 *pro* １６号 考完 ？
suid=s5 participant=132655
*pro* 对
suid=s6 participant=132655
14 到 16
suid=s7 participant=131623
嗯 。。。 大２ 的 说 他们 １８号 左右 放假 。
*pro* 说 咱们 比 他们 晚 一 两 天
suid=s8 participant=132655
妈妈咪呀
suid=s9 participant=132655
*pro* 还 有 *OP* *T*-1 说 *pro* 18号 清校 的
]]></TEXT>
<TAGS>
<我 comment="default value" end="90" id="我0" start="87" text="pro" type="" />
<我 comment="default value" end="177" id="我1" start="174" text="pro" type="" />
<你 comment="default value" end="224" id="你0" start="221" text="pro" type="" />
<你 comment="default value" end="233" id="你1" start="230" text="pro" type="" />
<他们 comment="default value" end="373" id="他们0" start="370" text="pro" type="" />
<他们 comment="default value" end="479" id="他们1" start="476" text="pro" type="" />
<generic comment="default value" end="456" id="g0" start="453" text="pro" type="" />
<pleonastic end="43" id="p0" start="40" text="pro" type="" />
<pleonastic end="106" id="p1" start="103" text="pro" type="" />
<previous_utterance comment="default value" end="275" id="pr0" start="272" text="pro" type="" />
</TAGS>
</ProTask>