<?xml version='1.0' encoding='UTF-8'?>
<ProTask>
<TEXT><![CDATA[
suid=s0 participant=132629
*pro* 谢谢 你 老 同学 ， 我 深感 荣幸
suid=s1 participant=132057
呵呵 *pro* 本来 想 *PRO* 来 个 *pro* 预约 发送 祝福 卡 的 让 你 *PRO* 生日 当天 收到 *pro* 一 不 小心 就 发 出去 了 。
suid=s2 participant=132057
*pro* 不管 早晚 ， *pro* 都 代表 我 对 你 真心 祝福 [ 表情 ]
suid=s3 participant=132057
你 在 上海 过 得 还 好 吗 ？
上海 *pro* 去 过 *T*-1 两 次 ， 都 不 知道 你 在 那里
suid=s4 participant=132629
*pro* 真的 很 感谢 你 ， 你 是 *OP* 我 收到 *T*-1 的 第一 份 祝福 ，
suid=s5 participant=132629
你 身居 要位 ， 还 惦记 我 这 个 无名之辈 ， 我 很 感动 ，
suid=s6 participant=132629
我们 只 在 高一 时 同 过 学 ， 后来 分班 了 。
suid=s7 participant=132629
你 在 我 的 脑子 里 影响 很 深 ， 我 知道 你 父亲 周 校长 ， 你 哥哥 周一虎 都 是 *OP* *T*-1 很 了不起 的 人 ， 我 对 你 一 家 一直 很 崇敬 ，
suid=s8 participant=132629
你们 这 次 深圳 聚会 ， 我 见到 你 的 照片 ，
suid=s9 participant=132629
之前 你 同学 云 一直 和 我 说起 你 ，
suid=s10 participant=132629
记得 上学 时 你 是 那么 清秀 ， 漂亮 ， 俊俏 的 小 姑娘 ， *pro* 二十 年 了 ， 透过 照片 ， 你 变的 睿智 ， 依然 是 很 漂亮 ， 又 蕴含 成熟 女人 的 韵味 ，
suid=s11 participant=132629
*pro* 恕 我 冒味 ， *pro* 二十 年 没 曾 谋面 没 必要 恭维 你 ， *pro* 是 衷心 话语 ，
suid=s12 participant=132629
*pro* 希望 你 永远 这样 ，
suid=s13 participant=132629
我 在 上海 挺 好 的 ， 我 在 北京 也 呆 了 十 年 没 见 过 你 ，
suid=s14 participant=132629
*pro* 有 机会 你 到 上海 ， 我 和 云 恭候 你 的 大驾 。
suid=s15 participant=132057
呵呵 什么 *pro* 身居 要位 *pro* 无名小辈 ， 老 同学 间 一律 平等 ， 何况 我 也 只 是 个 *OP* *T*-1 走 在 路上 无 人 识 、 素面朝天 的 平常 女子 。
suid=s16 participant=132057
*pro* 谢谢 你 这么 夸 我 ， *pro* 还是 很 受用 哦 ！
suid=s17 participant=132057
高一 时 我们 应该 没 这么 说 过 话 吧 ？
suid=s18 participant=132057
*pro* 那时 年少 ， 不 懂 珍惜 。
suid=s19 participant=132057
我 是 2001年 来 北京 的 ， 你 在 北京 呆 了 10 年 ？
suid=s20 participant=132057
我们 之间 应该 有 过 交叉 吧 ？
可惜 *pro* 没 见 过 面 。
suid=s21 participant=132057
*pro* 有 机会 一定 去 上海 看 你 。
suid=s22 participant=132057
你 经常 很 晚 睡 吗 ？
*pro* 上 夜班 ？
呵呵 ， *pro* 熬夜 对 身体 不 好 哦 !
]]></TEXT>
<TAGS>
<我 comment="default value" end="32" id="我0" start="29" text="pro" type="" />
<我 comment="default value" end="88" id="我1" start="85" text="pro" type="" />
<我 comment="default value" end="109" id="我2" start="106" text="pro" type="" />
<我 comment="default value" end="147" id="我3" start="144" text="pro" type="" />
<我 comment="default value" end="291" id="我5" start="288" text="pro" type="" />
<我 comment="default value" end="354" id="我6" start="351" text="pro" type="" />
<我 comment="default value" end="955" id="我7" start="952" text="pro" type="" />
<我 comment="default value" end="999" id="我8" start="996" text="pro" type="" />
<我 comment="default value" end="1188" id="我9" start="1185" text="pro" type="" />
<我 comment="default value" end="1200" id="我10" start="1197" text="pro" type="" />
<我 comment="default value" end="1310" id="我11" start="1307" text="pro" type="" />
<我 comment="default value" end="1430" id="我12" start="1427" text="pro" type="" />
<我 comment="default value" end="1613" id="我13" start="1610" text="pro" type="" />
<你 comment="default value" end="910" id="你0" start="907" text="pro" type="" />
<你 comment="default value" end="1681" id="你2" start="1678" text="pro" type="" />
<你 comment="default value" end="1699" id="你3" start="1696" text="pro" type="" />
<它 comment="default value" end="212" id="它0" start="209" text="pro" type="" />
<我们 comment="default value" end="925" id="我们0" start="922" text="pro" type="" />
<我们 comment="default value" end="1569" id="我们1" start="1566" text="pro" type="" />
<existential comment="default value" end="1116" id="e0" start="1113" text="pro" type="" />
<event comment="default value" end="1330" id="ev0" start="1327" text="pro" type="" />
<pleonastic end="198" id="p0" start="195" text="pro" type="" />
<pleonastic end="819" id="p1" start="816" text="pro" type="" />
</TAGS>
</ProTask>