<?xml version='1.0' encoding='UTF-8'?>
<ProTask>
<TEXT><![CDATA[
suid=s0 participant=134103
*pro* 在 不 在 [ 图片 ]
suid=s1 participant=134103
大 老总 不 在 ？
suid=s2 participant=134103
这边 怎么 弄 ， *pro* 说 了 *T*-1 美
suid=s3 participant=131226
*pro* 在
suid=s4 participant=134103
哎 ， *pro* 拖来拖去
suid=s5 participant=131226
*pro* 在
suid=s6 participant=131226
*pro* 没有 啊
suid=s7 participant=134103
*pro* 走 了 ？
*pro* 出门 了
suid=s8 participant=131226
老大 又 走 了
suid=s9 participant=134103
最近 *pro* 没 说 北京 的 事情
suid=s10 participant=131226
恩 ， 反正 *pro* 出 办公室 了
suid=s11 participant=134103
本来 上海 我 都 不 愿意 *PRO* 去 *T*-1 的
suid=s12 participant=131226
没
suid=s13 participant=134103
*pro* 非 还 要 让 我 *PRO* 去
suid=s14 participant=134103
展会 当时 又 不 是 我 定 的 ， 再说 ， *OP* 我 给 *T*-1 的 意见 基本 都 没 采纳
suid=s15 participant=134103
老魏 吧
suid=s16 participant=134103
*pro* 下来 不
suid=s17 participant=131226
你 要 不 去 ， 展会 怎么 弄 啊
suid=s18 participant=134103
呵呵 ， *pro* 学习 好 啊 ， *pro* 充实
suid=s19 participant=134103
你们 都 去 ？
suid=s20 participant=131226
展会 谁 主导 *T*-1 ？
suid=s21 participant=131226
总指挥 是 谁 ？
suid=s22 participant=134103
*pro* 学习 什么
suid=s23 participant=131226
*pro* 正 忙 着 *PRO* 订票 呢 。
*pro* 这 个 月底 又 要 去 北京 学习
suid=s24 participant=134103
呵呵 ， *pro* 都 是 精英 啊
suid=s25 participant=131226
我 ， 谢勤 ， 魏 总 ， 卢 总 ， 姜 总
suid=s26 participant=131226
就 5 个 人
suid=s27 participant=131226
培训 钱 *pro* 都 花完 了 *T*-1 ， 不 去 上课 ！
suid=s28 participant=131226
*pro* 还 是 绩效 管理 与 股份制 改造
suid=s29 participant=134103
呵呵 ， *pro* 学习 是 *OP* *T*-1 对 的 ， 但是 *pro* 学习 完 了 以后 的 执行 怎么样 ， 落实 情况 怎么样 *pro* 不 知道 *T*-2
suid=s30 participant=131226
老总 真 舍得 *PRO* 花钱 学习 。
就是 *pro* 学完 *pro* 没有 啥 起色
suid=s31 participant=134103
呵呵 ， *pro* 找 些 外来 的 和尚 啊
suid=s32 participant=131226
*pro* 不仅 是 落实 问题 。
*pro* 是 *OP* *pro* 学 *T*-1 的 这些 东西 在 我们 公司 根本 就 是 水土不服
suid=s33 participant=134103
*pro* 看 苗头 下 一 步 谢勤 就 是 副总 了 啊
suid=s34 participant=134103
呵呵
suid=s35 participant=134103
我 可 不 算 ， 我 都 是 *OP* *T*-1 被 开除 *-2 的 人 了
suid=s36 participant=131226
*pro* 不 是 说 干 姊妹 嘛
suid=s37 participant=131226
咱 公司 就 副总 多 。
suid=s38 participant=131226
*pro* 只要 是 *OP* *T*-1 至亲 的 人 ， *pro* 都 是 副总
suid=s39 participant=134103
我 从来 都 没 入职 ， 辞职 都 算 不 上
suid=s40 participant=131226
你 不 也 算 嘛
suid=s41 participant=131226
你 是 辞职 的
suid=s42 participant=134103
*pro* 下来 聊聊
suid=s43 participant=134103
你们 办公室 人多嘴杂
suid=s44 participant=131226
哈哈 ， *pro* 也 是
suid=s45 participant=131226
*pro* 行 。
]]></TEXT>
<TAGS>
<我 comment="default value" end="171" id="我0" start="168" text="pro" type="" />
<我 comment="default value" end="248" id="我1" start="245" text="pro" type="" />
<我 comment="default value" end="283" id="我2" start="280" text="pro" type="" />
<我 comment="default value" end="854" id="我3" start="851" text="pro" type="" />
<我 comment="default value" end="869" id="我4" start="866" text="pro" type="" />
<我 comment="default value" end="1065" id="我5" start="1062" text="pro" type="" />
<我 comment="default value" end="1090" id="我6" start="1087" text="pro" type="" />
<我 comment="default value" end="1745" id="我7" start="1742" text="pro" type="" />
<你 comment="default value" end="32" id="你0" start="29" text="pro" type="" />
<你 comment="default value" end="126" id="你1" start="123" text="pro" type="" />
<你 comment="default value" end="210" id="你2" start="207" text="pro" type="" />
<你 comment="default value" end="321" id="你3" start="318" text="pro" type="" />
<你 comment="default value" end="333" id="你4" start="330" text="pro" type="" />
<你 comment="default value" end="762" id="你5" start="759" text="pro" type="" />
<你 comment="default value" end="1025" id="你6" start="1022" text="pro" type="" />
<你 comment="default value" end="2194" id="你7" start="2191" text="pro" type="" />
<他 comment="default value" end="410" id="他0" start="407" text="pro" type="" />
<他 comment="default value" end="463" id="他1" start="460" text="pro" type="" />
<他 comment="default value" end="594" id="他2" start="591" text="pro" type="" />
<它 comment="default value" end="1343" id="它0" start="1340" text="pro" type="" />
<我们 comment="default value" end="1148" id="我们0" start="1145" text="pro" type="" />
<我们 comment="default value" end="1285" id="我们1" start="1282" text="pro" type="" />
<我们 comment="default value" end="1539" id="我们2" start="1536" text="pro" type="" />
<我们 comment="default value" end="1548" id="我们3" start="1545" text="pro" type="" />
<我们 comment="default value" end="1905" id="我们4" start="1902" text="pro" type="" />
<我们 comment="default value" end="1675" id="我们5" start="1672" text="pro" type="" />
<你们 comment="default value" end="1401" id="你们0" start="1398" text="pro" type="" />
<你们 comment="default value" end="1432" id="你们1" start="1429" text="pro" type="" />
<你们 comment="default value" end="1469" id="你们2" start="1466" text="pro" type="" />
<你们 comment="default value" end="1595" id="你们3" start="1592" text="pro" type="" />
<他们 comment="default value" end="1994" id="他们0" start="1991" text="pro" type="" />
<他们 comment="default value" end="2025" id="他们1" start="2022" text="pro" type="" />
<pleonastic end="1662" id="p0" start="1659" text="pro" type="" />
<pleonastic end="1643" id="p1" start="1640" text="pro" type="" />
<previous_utterance comment="default value" end="2279" id="pr0" start="2276" text="pro" type="" />
<previous_utterance comment="default value" end="2317" id="pr1" start="2314" text="pro" type="" />
</TAGS>
</ProTask>