<?xml version='1.0' encoding='UTF-8'?>
<ProTask>
<TEXT><![CDATA[
suid=s0 participant=132614
*pro* 在 吗 ？
suid=s1 participant=130521
*pro* 刚 到 办公室
suid=s2 participant=132614
呵呵
suid=s3 participant=130521
你 怎么样 ？
suid=s4 participant=132614
国庆 我 回家 了 的
suid=s5 participant=132614
他们 的 电话 停机 了
suid=s6 participant=132614
*pro* 是 不 是 去 上海 了 ？
suid=s7 participant=130521
*pro* 对
suid=s8 participant=132614
这 次
suid=s9 participant=132614
我 以为 *pro* 回来 了
suid=s10 participant=132614
哦
suid=s11 participant=130521
我 爸妈 想 *PRO* 抱 孙子 孙女
suid=s12 participant=132614
*pro* 快 了 ， *pro* 是 吧 ？
suid=s13 participant=130521
预产期 是 一月份
suid=s14 participant=132614
哦
suid=s15 participant=130521
你 爸妈 都 好 吗 ？
suid=s16 participant=132614
*pro* 估计 *pro* 要 在 那里 呆上 一阵 了
suid=s17 participant=132614
*pro* 还 好
suid=s18 participant=130521
儿子们 怎么样 ？
suid=s19 participant=130521
你 给 他们 养 了 条 狗 ？
suid=s20 participant=132614
*pro* 没有 呀
suid=s21 participant=132614
*pro* 还 好
suid=s22 participant=132614
他们 倒 一直 想
suid=s23 participant=132614
我 没 同意
suid=s24 participant=130521
哦 ， 我 *pro* 有 一 次 看 记录 ， 以为 你 养 了 狗
suid=s25 participant=132614
呵呵
suid=s26 participant=132614
没
suid=s27 participant=130521
狗 很 粘人 的
suid=s28 participant=132614
牛牛 宝宝 呢
suid=s29 participant=132614
最近 *pro* 好 吗 ？
suid=s30 participant=130521
除非 他们 两 照顾 ， 要不然 你 得 照顾 三 个
suid=s31 participant=130521
牛宝 很 好
suid=s32 participant=130521
*pro* 会 说 好多 话 了
suid=s33 participant=132614
*pro* 就 是
suid=s34 participant=132614
呵呵
suid=s35 participant=132614
今年 *pro* 会 回来 吗 ？
suid=s36 participant=130521
*pro* 可以 跟 他 讲 道理 了
suid=s37 participant=130521
今年 *pro* 可能 不 会 回
suid=s38 participant=132614
呵呵
suid=s39 participant=130521
*pro* 看 明年 吧
suid=s40 participant=132614
*pro* 多 回来 看看 父母
suid=s41 participant=132614
你 忙 吧
suid=s42 participant=130521
*pro* 是 的 。
*pro* 看 一 次 *pro* 少 一 次
suid=s43 participant=130521
*pro* 好
suid=s44 participant=130521
*pro* 再 聊
suid=s45 participant=132614
*pro* 88
suid=s46 participant=130521
*pro* 晚安
suid=s47 participant=132614
*pro* 晚安
]]></TEXT>
<TAGS>
<我 comment="default value" end="71" id="我0" start="68" text="pro" type="" />
<我 comment="default value" end="654" id="我1" start="651" text="pro" type="" />
<我 comment="default value" end="663" id="我3" start="660" text="pro" type="" />
<我 comment="default value" end="833" id="我4" start="830" text="pro" type="" />
<我 comment="default value" end="989" id="我5" start="986" text="pro" type="" />
<我 comment="default value" end="1475" id="我6" start="1472" text="pro" type="" />
<我 comment="default value" end="1526" id="我7" start="1523" text="pro" type="" />
<我 comment="default value" end="1600" id="我8" start="1597" text="pro" type="" />
<你 comment="default value" end="32" id="你0" start="29" text="pro" type="" />
<你 comment="default value" end="256" id="你1" start="253" text="pro" type="" />
<你 comment="default value" end="375" id="你2" start="372" text="pro" type="" />
<你 comment="default value" end="1432" id="你3" start="1429" text="pro" type="" />
<你 comment="default value" end="1641" id="你4" start="1638" text="pro" type="" />
<你 comment="default value" end="1732" id="你5" start="1729" text="pro" type="" />
<你 comment="default value" end="1744" id="你6" start="1741" text="pro" type="" />
<你 comment="default value" end="1895" id="你7" start="1892" text="pro" type="" />
<你 comment="default value" end="1932" id="你8" start="1929" text="pro" type="" />
<他 comment="default value" end="1315" id="他0" start="1312" text="pro" type="" />
<我们 comment="default value" end="1820" id="我们0" start="1817" text="pro" type="" />
<我们 comment="default value" end="1858" id="我们1" start="1855" text="pro" type="" />
<他们 comment="default value" end="712" id="他们1" start="709" text="pro" type="" />
<他们 comment="default value" end="872" id="他们2" start="869" text="pro" type="" />
<他们 comment="default value" end="1184" id="他们3" start="1181" text="pro" type="" />
<pleonastic end="493" id="p0" start="490" text="pro" type="" />
<previous_utterance comment="default value" end="304" id="pr0" start="301" text="pro" type="" />
<previous_utterance comment="default value" end="505" id="pr1" start="502" text="pro" type="" />
<previous_utterance comment="default value" end="1360" id="pr2" start="1357" text="pro" type="" />
<previous_utterance comment="default value" end="1720" id="pr3" start="1717" text="pro" type="" />
<previous_utterance comment="default value" end="1784" id="pr4" start="1781" text="pro" type="" />
</TAGS>
</ProTask>