<?xml version='1.0' encoding='UTF-8'?>
<ProTask>
<TEXT><![CDATA[
suid=s0 participant=132619
旱情 影响 到 生活 了 吗 ？
（ *pro* 来自 手机 QQ 2012 [ iPhone ] : *pro* 语音 对讲 ， *pro* 高效 沟通 ！ ）
suid=s1 participant=130521
这里 就是 热 。
*pro* 连续 多 天 高温 。
*pro* 这 两 天 稍微 好 些 了 。
suid=s2 participant=130521
北京 大雨 你 家 没 事 吧 ？
suid=s3 participant=132619
前 几 天 暴雨 时 我 在家 ， *pro* 没 事 ， 我 老公 从 灾区 乘风破浪 回到 家 ， *pro* 很 是 吓人 （ *pro* 来自 手机 QQ 2012 [ iPhone ] : *pro* 语音 对讲 ， *pro* 高效 沟通 ！
）
suid=s4 participant=130521
平安 是 福
suid=s5 participant=132619
你 在 上班 吧 ， *pro* 应该 不 太 方便
suid=s6 participant=130521
*pro* 还 好 。
今天 事情 不 算 多
suid=s7 participant=132619
高温 没 影响 牛牛 吧
suid=s8 participant=130521
我们 有 个 项目 还 专门 雇 人 聊天
suid=s9 participant=132619
哈哈 这 活儿 不错
suid=s10 participant=130521
*pro* 天天 游泳 ， 家里 学校 都 有 空调 ， *pro* 出门 *pro* 就 是 游泳池
suid=s11 participant=132619
牛牛 会 游泳 了
suid=s12 participant=132619
*pro* 真 厉害
suid=s13 participant=130521
*pro* 不 会 ， 喜欢 *PRO* 在 水 里 玩
suid=s14 participant=132619
哈 小孩 都 爱 *PRO* 玩 水
suid=s15 participant=130521
不过 游泳池 前 两 天 被 小孩 拉巴巴 在 里面 了
suid=s16 participant=132619
你 会 吗
suid=s17 participant=130521
我 会
suid=s18 participant=132619
*pro* 可怜 我 不 会
suid=s19 participant=132619
你 能 救 人 吗
suid=s20 participant=130521
那 *pro* 碰上 水 淹 车 ， *pro* 岂 不 少 了 自救 方式 ？
suid=s21 participant=130521
*pro* 应该 会 吧 ， *pro* 没 机会 练 过
suid=s22 participant=130521
*pro* 小时候 在 禾水河 就 过 一 个 小孩
suid=s23 participant=132619
什么 时候 的 事儿
suid=s24 participant=132619
我 不 知道
suid=s25 participant=130521
*OP* *pro* *T*-1 读 小学 的 时候
suid=s26 participant=130521
那 是 *pro* 还 不 认识 你 的
suid=s27 participant=132619
大家 知道 吗
suid=s28 participant=130521
那 小孩 知道
suid=s29 participant=132619
你 那时 不 会 游 吧
suid=s30 participant=130521
*pro* 会 狗泡
suid=s31 participant=132619
*pro* 那 怎么 还 要 救
suid=s32 participant=130521
*pro* 河 里 挖 沙子 ， *pro* 有 一 个 个 坑
suid=s33 participant=130521
他 一 不 小心 掉到 坑 里 了 ， 又 不 会 游泳
suid=s34 participant=130521
我 扑腾 进去 把 他 拽 出来 *-1
suid=s35 participant=130521
*pro* 就 这样
suid=s36 participant=132619
哈哈 *pro* 从小 就 乐于助人
suid=s37 participant=130521
*pro* 真 要 水 里 救 人 还是 挺 危险 的 ， *pro* 要 把 人 打昏 *-1 ， 在 拖 上来 。
suid=s38 participant=130521
*pro* 要不然 会 被 *OP* *T*-1 溺水 的 人 拖下 水 的
suid=s39 participant=132619
这 是 美国 式 救人 ？
suid=s40 participant=130521
我 要 开会 了
suid=s41 participant=130521
下 次 *pro* 聊
suid=s42 participant=132619
*pro* 好
]]></TEXT>
<TAGS>
<我 comment="default value" end="282" id="我0" start="279" text="pro" type="" />
<我 comment="default value" end="509" id="我1" start="506" text="pro" type="" />
<我 comment="default value" end="688" id="我2" start="685" text="pro" type="" />
<我 comment="default value" end="717" id="我3" start="714" text="pro" type="" />
<我 comment="default value" end="1222" id="我4" start="1219" text="pro" type="" />
<我 comment="default value" end="1237" id="我5" start="1234" text="pro" type="" />
<我 comment="default value" end="1280" id="我6" start="1277" text="pro" type="" />
<我 comment="default value" end="1414" id="我7" start="1411" text="pro" type="" />
<我 comment="default value" end="1468" id="我8" start="1465" text="pro" type="" />
<我 comment="default value" end="1626" id="我9" start="1623" text="pro" type="" />
<我 comment="default value" end="1710" id="我10" start="1707" text="pro" type="" />
<你 comment="default value" end="466" id="你0" start="463" text="pro" type="" />
<你 comment="default value" end="1155" id="你1" start="1152" text="pro" type="" />
<你 comment="default value" end="1172" id="你2" start="1169" text="pro" type="" />
<你 comment="default value" end="1919" id="你4" start="1916" text="pro" type="" />
<你 comment="default value" end="1665" id="你3" start="1662" text="pro" type="" />
<他 comment="default value" end="845" id="他0" start="842" text="pro" type="" />
<他 comment="default value" end="806" id="他1" start="803" text="pro" type="" />
<它 comment="default value" end="51" id="它0" start="48" text="pro" type="" />
<它 comment="default value" end="331" id="它1" start="328" text="pro" type="" />
<我们 comment="default value" end="2201" id="我们0" start="2198" text="pro" type="" />
<existential comment="default value" end="1727" id="e0" start="1724" text="pro" type="" />
<event comment="default value" end="316" id="ev1" start="313" text="pro" type="" />
<generic comment="default value" end="1072" id="g0" start="1069" text="pro" type="" />
<generic comment="default value" end="1993" id="g1" start="1990" text="pro" type="" />
<generic comment="default value" end="2051" id="g2" start="2048" text="pro" type="" />
<generic comment="default value" end="84" id="g3" start="81" text="pro" type="" />
<generic comment="default value" end="98" id="g4" start="95" text="pro" type="" />
<generic comment="default value" end="364" id="g5" start="361" text="pro" type="" />
<generic comment="default value" end="378" id="g6" start="375" text="pro" type="" />
<pleonastic end="151" id="p2" start="148" text="pro" type="" />
<pleonastic end="169" id="p3" start="166" text="pro" type="" />
<pleonastic end="726" id="p6" start="723" text="pro" type="" />
<pleonastic end="1877" id="p7" start="1874" text="pro" type="" />
<pleonastic end="1963" id="p8" start="1960" text="pro" type="" />
<previous_utterance comment="default value" end="2237" id="pr0" start="2234" text="pro" type="" />
</TAGS>
</ProTask>