<?xml version='1.0' encoding='UTF-8'?>
<ProTask>
<TEXT><![CDATA[
suid=s0 participant=135882
[ 表情 ] *pro* 谢谢
suid=s1 participant=135882
悲剧 ， 我 发现 我 *pro* 这 个 学期 修完 只 有 29 个 学分
suid=s2 participant=138458
下 学期 高级 英语 1 、 英语 写作 1 、 演讲 艺术 、 词汇学 。。 我 *T*-1 加 起来 有 10 个 学分
suid=s3 participant=138458
*pro* 按 *OP* 我 选 *T*-1 的 去 选 吧 你 的 悲剧 不 是 悲剧
suid=s4 participant=138458
不过 你 选 过 写作 1 了 。。。
suid=s5 participant=135882
题型 ， 即 单词 听写 ， 选择 题 ， spot dictation , 问答 题 。
suid=s6 participant=135882
spot dictation 是 啥
suid=s7 participant=135882
问答 题 *pro* 又 怎么 做 *T*-1 ？
suid=s8 participant=138458
*pro* 就 是 问答 咯 *pro* *pro* 听 了 之后 回答 问题 。。
suid=s9 participant=138458
*pro* 就 是 听力 的 主观 题
suid=s10 participant=135882
spot dictation 和 单词 听写 有 撒 不同
suid=s11 participant=138458
spot dictation 就 像 四 *RNR*-1 六 级 听力 的 那 种 复合式 听写
suid=s12 participant=138458
单词 听写 就 是 精读 课 的 那 种 纯 单词 听写
suid=s13 participant=135882
复合式 ？
*pro* 不 太 明白 ？
suid=s14 participant=138458
你 没 考 过 四 *RNR*-1 六 级 么
suid=s15 participant=138458
*pro* 就 是 四 *RNR*-1 六 级 听力 最后 那 种 听写 啊
suid=s16 participant=135882
*pro* 有 啊 …… *pro* 忘记 了
suid=s17 participant=135882
*pro* 就 是 听写 句子 吗
suid=s18 participant=138458
*pro* 有 篇 文章 ， 然后 挖空 有 *OP* *pro* *T*-1 听写 单词 也 有 句子 的 那 种 咯
suid=s19 participant=135882
哦哦 ~ *pro* 明白 ， THX
suid=s20 participant=135882
我 不 考 教育学 了
suid=s21 participant=135882
*pro* 专心 考 听力 ， 5
suid=s22 participant=138458
。。。
suid=s23 participant=138458
那 你 教育学 怎么办
suid=s24 participant=138458
狂草 *pro* 都 得 写 几 个 字 上去 吧
suid=s25 participant=135882
*pro* 不 考 了 呀 就 ， 反正 他们 说 *pro* 不 会 有 挂科 记录
suid=s26 participant=138458
。。。
suid=s27 participant=135882
呵呵 ， 因为 听力 *pro* 没 复习 过 *T*-1 呢
suid=s28 participant=138458
听力 我 也 没有 复习 *T*-1 的
suid=s29 participant=135882
你 厉害 嘛 ~ 我 平常 都 没 上课
suid=s30 participant=135882
你 打算 *PRO* 裸考 ？
suid=s31 participant=138458
*pro* 对 啊
suid=s32 participant=138458
这 门 课 *pro* 可以 怎么 复习 *T*-1
suid=s33 participant=135882
老师 说 *pro* 会 考 U1 - U3 的 课本 听力 啊
suid=s34 participant=138458
那些 听力 很 简单 的
suid=s35 participant=135882
[ 表情 ] 我 很 久 没 听 了
suid=s36 participant=138458
*pro* 完全 是 中学 水平 *pro* 就 可以 听懂 的
suid=s37 participant=138458
。。。。
]]></TEXT>
<TAGS>
<我 comment="default value" end="39" id="我0" start="36" text="pro" type="" />
<我 comment="default value" end="87" id="我1" start="84" text="pro" type="" />
<我 comment="default value" end="475" id="我2" start="472" text="pro" type="" />
<我 comment="default value" end="839" id="我3" start="836" text="pro" type="" />
<我 comment="default value" end="1001" id="我4" start="998" text="pro" type="" />
<我 comment="default value" end="1014" id="我5" start="1011" text="pro" type="" />
<我 comment="default value" end="1193" id="我6" start="1190" text="pro" type="" />
<我 comment="default value" end="1276" id="我7" start="1273" text="pro" type="" />
<我 comment="default value" end="1397" id="我8" start="1394" text="pro" type="" />
<我 comment="default value" end="1448" id="我9" start="1445" text="pro" type="" />
<我 comment="default value" end="1474" id="我10" start="1471" text="pro" type="" />
<我 comment="default value" end="1563" id="我11" start="1560" text="pro" type="" />
<我 comment="default value" end="1798" id="我12" start="1795" text="pro" type="" />
<我 comment="default value" end="2013" id="我13" start="2010" text="pro" type="" />
<你 comment="default value" end="232" id="你0" start="229" text="pro" type="" />
<他 comment="default value" end="1852" id="他0" start="1849" text="pro" type="" />
<它们 comment="default value" end="593" id="它们0" start="590" text="pro" type="" />
<它们 comment="default value" end="1053" id="它们1" start="1050" text="pro" type="" />
<existential comment="default value" end="1099" id="e0" start="1096" text="pro" type="" />
<existential comment="default value" end="1127" id="e1" start="1124" text="pro" type="" />
<generic comment="default value" end="538" id="g0" start="535" text="pro" type="" />
<generic comment="default value" end="544" id="g1" start="541" text="pro" type="" />
<pleonastic end="523" id="p0" start="520" text="pro" type="" />
<pleonastic end="934" id="p1" start="931" text="pro" type="" />
<pleonastic end="1996" id="p2" start="1993" text="pro" type="" />
<previous_utterance comment="default value" end="1754" id="pr0" start="1751" text="pro" type="" />
</TAGS>
</ProTask>