<?xml version='1.0' encoding='UTF-8'?>
<ProTask>
<TEXT><![CDATA[
suid=s0 participant=137030
小 丫头 长 得 有点 像 你
suid=s1 participant=136693
[ 图片 ] *pro* 谢谢 宋 哥 夸奖
suid=s2 participant=137030
小 脸 真 白 呀
suid=s3 participant=137030
*pro* 太 可爱 了
suid=s4 participant=137030
*pro* 给 家里 增添 多少 欢乐 呀 ！
suid=s5 participant=136693
那 是 啊
suid=s6 participant=137030
我 看到 我 女儿 小时 的 照片 ， *pro* 真 想 *PRO* 进去 亲 她 一 口 。
可惜 ， *pro* 再 也 回 不 到 那 个 时候 了 ， *pro* 多少 钱 也 换 不 回来 了
suid=s7 participant=136693
*pro* 是 啊 ， 不过 *pro* 长大 了 有 *OP* *pro* *T*-1 长大 了 的 好处 ， *pro* 各有所长 吧 ， 孩子 还是 很 可爱 的 ， *pro* 长大 了 懂得 孝顺 也 很 好 啊
suid=s8 participant=137030
*pro* 如今 已 上 大三 了 。
你 可 要 好好 把握 现在
suid=s9 participant=136693
*pro* 是 啊 ， *pro* 很 珍惜 和 闺女 的 每 一 天 的
suid=s10 participant=137030
*pro* 等 *pro* 有 机会 ， 让 我 *PRO* 也 抱抱 小 丫头
suid=s11 participant=136693
*pro* 好 的 ， *pro* 有 时间 *pro* 带 她 *PRO* 来 看 网球 ， *pro* 提前 熏陶 熏陶 ， 哈哈
suid=s12 participant=137030
*pro* 好 的 ， 我 要 训练 了 ， *pro* 再见
suid=s13 participant=136693
*pro* 88 宋 哥
suid=s14 participant=137030
*pro* 再见
suid=s15 participant=137030
*pro* 在 吗
suid=s16 participant=136693
*pro* 在
suid=s17 participant=137030
*pro* 真 没劲 ， 对手 没 报上 ， 我 还 想 *PRO* 通过 他们 来 检验 前 一 段 的 训练 是否 对 呢
suid=s18 participant=137030
*pro* 听说 张远喆 不错 ， *pro* 在 省 队 训练
suid=s19 participant=136693
哈哈 ， *pro* 估计 冠军 没得 跑 了
suid=s20 participant=136693
*pro* 是 嘛 ， *pro* 没 听说 啊
suid=s21 participant=137030
*pro* 不 一定
suid=s22 participant=137030
*pro* 肯定 有 黑马
suid=s23 participant=136693
*pro* 悬 ， *pro* 没 几 个 *OP* *pro* 不 认识 *T*-1 的 ， 都 什么 水平 *pro* 都 知道 *T*-2 了
suid=s24 participant=137030
周五 赵有才 和 小肖 去 抽签
suid=s25 participant=136693
*pro* 好 滴
suid=s26 participant=137030
你 如果 方便 ， *pro* 给 我 发 个 名单 汇总 ， *pro* 谢谢 兄弟
suid=s27 participant=137030
*pro* 谢谢
suid=s28 participant=136693
*pro* 客气 了 ， 宋 哥
suid=s29 participant=137030
*pro* 再见
]]></TEXT>
<TAGS>
<我 comment="default value" end="82" id="我0" start="79" text="pro" type="" />
<我 comment="default value" end="306" id="我1" start="303" text="pro" type="" />
<我 comment="default value" end="340" id="我2" start="337" text="pro" type="" />
<我 comment="default value" end="629" id="我3" start="626" text="pro" type="" />
<我 comment="default value" end="683" id="我4" start="680" text="pro" type="" />
<我 comment="default value" end="691" id="我5" start="688" text="pro" type="" />
<我 comment="default value" end="1024" id="我6" start="1021" text="pro" type="" />
<我 comment="default value" end="1152" id="我8" start="1149" text="pro" type="" />
<我 comment="default value" end="1218" id="我9" start="1215" text="pro" type="" />
<我 comment="default value" end="1277" id="我10" start="1274" text="pro" type="" />
<我 comment="default value" end="1426" id="我11" start="1423" text="pro" type="" />
<我 comment="default value" end="1455" id="我12" start="1452" text="pro" type="" />
<我 comment="default value" end="1617" id="我13" start="1614" text="pro" type="" />
<我 comment="default value" end="1657" id="我14" start="1654" text="pro" type="" />
<我 comment="default value" end="800" id="我7" start="797" text="pro" type="" />
<你 comment="default value" end="764" id="你0" start="761" text="pro" type="" />
<你 comment="default value" end="775" id="你1" start="772" text="pro" type="" />
<你 comment="default value" end="986" id="你2" start="983" text="pro" type="" />
<你 comment="default value" end="1595" id="你3" start="1592" text="pro" type="" />
<你 comment="default value" end="1694" id="你4" start="1691" text="pro" type="" />
<他 comment="default value" end="1170" id="他0" start="1167" text="pro" type="" />
<她 comment="default value" end="162" id="她0" start="159" text="pro" type="" />
<她 comment="default value" end="555" id="她1" start="552" text="pro" type="" />
<她 comment="default value" end="202" id="她2" start="199" text="pro" type="" />
<它 comment="default value" end="1399" id="它0" start="1396" text="pro" type="" />
<我们 comment="default value" end="871" id="我们0" start="868" text="pro" type="" />
<我们 comment="default value" end="908" id="我们1" start="905" text="pro" type="" />
<我们 comment="default value" end="949" id="我们2" start="946" text="pro" type="" />
<我们 comment="default value" end="1739" id="我们3" start="1736" text="pro" type="" />
<existential comment="default value" end="1357" id="e0" start="1354" text="pro" type="" />
<existential comment="default value" end="1409" id="e1" start="1406" text="pro" type="" />
<event comment="default value" end="1060" id="ev0" start="1057" text="pro" type="" />
<event comment="default value" end="1318" id="ev1" start="1315" text="pro" type="" />
<generic comment="default value" end="431" id="g0" start="428" text="pro" type="" />
<generic comment="default value" end="449" id="g1" start="446" text="pro" type="" />
<generic comment="default value" end="473" id="g2" start="470" text="pro" type="" />
<generic comment="default value" end="503" id="g3" start="500" text="pro" type="" />
<pleonastic end="367" id="p0" start="364" text="pro" type="" />
<previous_utterance comment="default value" end="416" id="pr0" start="413" text="pro" type="" />
<previous_utterance comment="default value" end="617" id="pr1" start="614" text="pro" type="" />
<previous_utterance comment="default value" end="752" id="pr2" start="749" text="pro" type="" />
<previous_utterance comment="default value" end="848" id="pr3" start="845" text="pro" type="" />
<previous_utterance comment="default value" end="1265" id="pr4" start="1262" text="pro" type="" />
<previous_utterance comment="default value" end="1547" id="pr5" start="1544" text="pro" type="" />
</TAGS>
</ProTask>