<?xml version='1.0' encoding='UTF-8'?>
<ProTask>
<TEXT><![CDATA[
suid=s0 participant=131623
媛 姐 我们 班 的 那 个 相声 小品 怎么样 啊 ？
suid=s1 participant=132664
*pro* 多 加 些 笑点 ， 放开 演
suid=s2 participant=132664
你 也 看 *OP* 咱 排 *T*-1 的 相声 小品 了 ， *pro* 欠缺 什么 一 对比 *pro* 就 很 明显 了
suid=s3 participant=131623
恩恩 。。 *pro* 就 是 和 *OP* *pro* *T*-1 同桌 的 你 相比 呢 ？
suid=s4 participant=132664
她们 那个 多 打 了 感情戏 ， 贴近 咱 生活
suid=s5 participant=131623
恩恩 。。 咱们 这 次 能 留下 几 个 节目 ？
suid=s6 participant=132664
*pro* 至少 刷 一 个 。
suid=s7 participant=131623
嗯 。
*pro* 不 会 是 我们 吧 。
[ 表情 ]
suid=s8 participant=132664
*pro* 不 会 的 ， *pro* 再 练练 吧
suid=s9 participant=131623
恩恩 。。 今天 下午 她们 都 没 去 上课 。
*pro* 练 了 一 下午 呢 [ 表情 ]
suid=s10 participant=132664
*pro* 是 的 ， 明显 比 昨晚 我 看 *pro* 有 进步 。
suid=s11 participant=132664
*pro* 只要 用心 了 ， *pro* 就 有 成果 ， 我们 就 能 看 得 见 。
suid=s12 participant=131623
恩恩 。。 *pro* 继续 努力 [ 表情 ]
suid=s13 participant=131623
媛 姐 。
你 看 下 这 个 四 辩 的 稿子 。
suid=s14 participant=132664
*pro* 好 的
suid=s15 participant=131623
*pro* 是 在 百度 文库 里面 找到 的 。
suid=s16 participant=131623
*pro* 修改 了 一点点 。
suid=s17 participant=132664
我 要 你们 最后 *OP* *pro* 改好 *T*-1 的
suid=s18 participant=131623
恩 *pro* 好
suid=s19 participant=132664
哦 ， *pro* 行
]]></TEXT>
<TAGS>
<我 comment="default value" end="235" id="我0" start="232" text="pro" type="" />
<我 comment="default value" end="252" id="我1" start="249" text="pro" type="" />
<我 comment="default value" end="930" id="我2" start="927" text="pro" type="" />
<我 comment="default value" end="984" id="我3" start="981" text="pro" type="" />
<它 comment="default value" end="187" id="它0" start="184" text="pro" type="" />
<它 comment="default value" end="460" id="它1" start="457" text="pro" type="" />
<我们 comment="default value" end="593" id="我们2" start="590" text="pro" type="" />
<我们 comment="default value" end="790" id="我们3" start="787" text="pro" type="" />
<你们 comment="default value" end="88" id="你们0" start="85" text="pro" type="" />
<你们 comment="default value" end="170" id="你们1" start="167" text="pro" type="" />
<你们 comment="default value" end="527" id="你们2" start="524" text="pro" type="" />
<你们 comment="default value" end="669" id="你们3" start="666" text="pro" type="" />
<你们 comment="default value" end="710" id="你们4" start="707" text="pro" type="" />
<你们 comment="default value" end="726" id="你们5" start="723" text="pro" type="" />
<你们 comment="default value" end="1044" id="你们6" start="1041" text="pro" type="" />
<他们 comment="default value" end="412" id="他们0" start="409" text="pro" type="" />
<pleonastic end="513" id="p0" start="510" text="pro" type="" />
<previous_utterance comment="default value" end="645" id="pr0" start="642" text="pro" type="" />
<previous_utterance comment="default value" end="892" id="pr1" start="889" text="pro" type="" />
<previous_utterance comment="default value" end="1091" id="pr2" start="1088" text="pro" type="" />
<previous_utterance comment="default value" end="1131" id="pr3" start="1128" text="pro" type="" />
</TAGS>
</ProTask>