<?xml version='1.0' encoding='UTF-8'?>
<ProTask>
<TEXT><![CDATA[
suid=s0 participant=137903
*pro* 好
suid=s1 participant=137903
*pro* 上线 找 我 *PRO* 给 你 炒
suid=s2 participant=137948
姐 我 上线 了 ~
suid=s3 participant=137903
*pro* 好
suid=s4 participant=137948
怎么 个 炒法 ！！ *pro* 好 期待 啊
suid=s5 participant=137903
*pro* 这样 哈 ， *pro* 我 同事 的 号 买 你 的
suid=s6 participant=137903
然后 你 把 钱 打到 我 的 支付宝
suid=s7 participant=137903
*pro* 直接 打 就 行
suid=s8 participant=137903
我 把 钱 再 给 他 *-1
suid=s9 participant=137903
我 让 你 哥哥 *PRO* 也 买 ， 你 把 两 笔 钱 合 起来 一起 给 我 *-1 就 行
suid=s10 participant=137948
那 我 用 银行卡 给 你 打 要不 淘宝 查
suid=s11 participant=137903
*pro* 也 行
suid=s12 participant=137948
*pro* 是 你们 拍 了 我 给 你 还是 *pro* 现在 给 你 打 过去
suid=s13 participant=137903
等 *pro* 拍 了 之后 你 看看 实际 价钱 再说
suid=s14 participant=137948
*pro* 好 的 ~ ！！
suid=s15 participant=137948
*pro* 刚才 去 给 宝康 从 楼上 往下 扔 东西 呢
suid=s16 participant=137903
*pro* 晕
suid=s17 participant=137903
*pro* 烂 了 吧
suid=s18 participant=137948
*pro* 没有 *pro* 扔 的 衣服
suid=s19 participant=137948
姐 ~ 那 我 还 邮 出去 吗
suid=s20 participant=137903
*pro* 不 用 啊
suid=s21 participant=137903
亲 ， *pro* 不 是 真的 买 的
suid=s22 participant=137903
你 选 *pro* 自 提 就 行
suid=s23 participant=137948
恩呢 ~
suid=s24 participant=137948
那 *OP* *pro* *T*-1 聊 的 时候 我 一 声 *pro* 自 提 ！！
suid=s25 participant=137903
昂
suid=s26 participant=137903
你 给 你 哥哥 说 一 声
suid=s27 participant=137903
球球 说
suid=s28 participant=137948
我 哥 都 买完 了
suid=s29 participant=137948
。。
suid=s30 participant=137903
速度 啊
suid=s31 participant=137948
*pro* 太 速度 了
suid=s32 participant=137948
一共 就 20 秒 整 个 过程 结束 。。
suid=s33 participant=137948
*pro* 给 我 拍 点 维多利亚 的 *pro* 还 没 被 拍 过 *-1 呢
suid=s34 participant=137948
*pro* 以后 主要 是 这 种 大嘴猴 维多利亚 路线 了
suid=s35 participant=137948
今天 *pro* 上 情侣 的
suid=s36 participant=137903
你 打字 好 慢 啊
suid=s37 participant=137903
*pro* 有 自动 回复 的 ， 你 可以 把 *OP* *pro* 经常 用到 *T*-1 的 一些 话 提前 写好 *-2
suid=s38 participant=137903
*OP* *pro* *T*-1 用 的 时候 *pro* 直接 发 出去
suid=s39 participant=137948
*pro* 不 是 *pro* 有 人 给 我 打 电话
suid=s40 participant=137948
我 这 乱套 了 有点
suid=s41 participant=137903
你 有 我 兴业 信用卡 的 账号 来 *pro* 是 吧
suid=s42 participant=137948
*pro* 有 吧
suid=s43 participant=137903
你 把 钱 打到 那里 就 行 了
suid=s44 participant=137948
*pro* 好 ！！
suid=s45 participant=137948
*pro* 好
suid=s46 participant=137948
*pro* 给 你 打 过去 了
suid=s47 participant=137903
*pro* 好
suid=s48 participant=137903
我 明 后天 再 给 你 找 号 *pro* 刷 哈
suid=s49 participant=137903
*pro* 不 能 一 天 ， *pro* 太 假 了
suid=s50 participant=137948
恩恩 ！！ *pro* 好 好 ！！
suid=s51 participant=137903
钱 收到 了
suid=s52 participant=137903
你 多 给 了 1.2 呢
suid=s53 participant=137948
小费 小费 [ 图片 ]
]]></TEXT>
<TAGS>
<我 comment="default value" end="203" id="我0" start="200" text="pro" type="" />
<我 comment="default value" end="629" id="我1" start="626" text="pro" type="" />
<我 comment="default value" end="775" id="我2" start="772" text="pro" type="" />
<我 comment="default value" end="834" id="我3" start="831" text="pro" type="" />
<我 comment="default value" end="1205" id="我4" start="1202" text="pro" type="" />
<我 comment="default value" end="1568" id="我5" start="1565" text="pro" type="" />
<我 comment="default value" end="1618" id="我6" start="1615" text="pro" type="" />
<我 comment="default value" end="1681" id="我7" start="1678" text="pro" type="" />
<我 comment="default value" end="1920" id="我8" start="1917" text="pro" type="" />
<我 comment="default value" end="1930" id="我9" start="1927" text="pro" type="" />
<我 comment="default value" end="2075" id="我10" start="2072" text="pro" type="" />
<我 comment="default value" end="2234" id="我11" start="2231" text="pro" type="" />
<你 comment="default value" end="67" id="你1" start="64" text="pro" type="" />
<你 comment="default value" end="243" id="你2" start="240" text="pro" type="" />
<你 comment="default value" end="256" id="你3" start="253" text="pro" type="" />
<你 comment="default value" end="351" id="你4" start="348" text="pro" type="" />
<你 comment="default value" end="1005" id="你5" start="1002" text="pro" type="" />
<你 comment="default value" end="1049" id="你6" start="1046" text="pro" type="" />
<你 comment="default value" end="1098" id="你7" start="1095" text="pro" type="" />
<你 comment="default value" end="1547" id="你8" start="1544" text="pro" type="" />
<你 comment="default value" end="1791" id="你9" start="1788" text="pro" type="" />
<你 comment="default value" end="1859" id="你10" start="1856" text="pro" type="" />
<你 comment="default value" end="1878" id="你11" start="1875" text="pro" type="" />
<你 comment="default value" end="2332" id="你12" start="2329" text="pro" type="" />
<你 comment="default value" end="2370" id="你13" start="2367" text="pro" type="" />
<他 comment="default value" end="1455" id="他0" start="1452" text="pro" type="" />
<我们 comment="default value" end="677" id="我们0" start="674" text="pro" type="" />
<你们 comment="default value" end="1180" id="你们0" start="1177" text="pro" type="" />
<他们 comment="default value" end="919" id="他们0" start="916" text="pro" type="" />
<它们 comment="default value" end="870" id="它们0" start="867" text="pro" type="" />
<它们 comment="default value" end="910" id="它们1" start="907" text="pro" type="" />
<existential comment="default value" end="1761" id="e0" start="1758" text="pro" type="" />
<pleonastic end="605" id="p0" start="602" text="pro" type="" />
<pleonastic end="2386" id="p1" start="2383" text="pro" type="" />
<previous_utterance comment="default value" end="32" id="pr0" start="29" text="pro" type="" />
<previous_utterance comment="default value" end="157" id="pr1" start="154" text="pro" type="" />
<previous_utterance comment="default value" end="567" id="pr2" start="564" text="pro" type="" />
<previous_utterance comment="default value" end="732" id="pr3" start="729" text="pro" type="" />
<previous_utterance comment="default value" end="2037" id="pr4" start="2034" text="pro" type="" />
<previous_utterance comment="default value" end="2159" id="pr5" start="2156" text="pro" type="" />
<previous_utterance comment="default value" end="2198" id="pr6" start="2195" text="pro" type="" />
<previous_utterance comment="default value" end="2279" id="pr7" start="2276" text="pro" type="" />
<previous_utterance comment="default value" end="2432" id="pr8" start="2429" text="pro" type="" />
</TAGS>
</ProTask>