<?xml version='1.0' encoding='UTF-8'?>
<ProTask>
<TEXT><![CDATA[
suid=s0 participant=135882
亲 ， 看 了 鲸鱼 最后 一 集 了 吗
suid=s1 participant=135882
*pro* 只 看 了 一 次 ， 不 敢 再 看 了
suid=s2 participant=135882
*pro* 哭 了 ， 心 很 疼
suid=s3 participant=138428
*pro* 还 没 呢 ？
*pro* 很 伤感 吗 ？
*pro* 现在 才 睡醒 [ 表情 ]
suid=s4 participant=135882
你 看 了 就 知道 了
suid=s5 participant=135882
我 也 准备 *PRO* 睡 了
suid=s6 participant=135882
你 睡 到 *pro* 那么 晚 啊 ， 真 幸福 。
*pro* 还 不 用 上班 吗
suid=s7 participant=138428
*pro* 还 没 那么 快 上班 ， *pro* 估计 *pro* 要 十月 中 或 十一月
suid=s8 participant=135882
哇靠 ， *pro* 真 幸福
suid=s9 participant=135882
你 那 个 单位 怎么 那么 闲
suid=s10 participant=135882
那 现在 *pro* 有 工资 发 嘛
suid=s11 participant=138428
*pro* 哪 有 啊 ？
*pro* 现在 都 没 工资 的 [ 表情 ] *pro* 还 没有 两千 块 奖金
suid=s12 participant=135882
*pro* 那 就 不断 在 家 赋闲
suid=s13 participant=135882
*pro* 帮 你 家里 *PRO* 看 店 呗
suid=s14 participant=138428
*pro* 是 啊 ！
*pro* 也 只 能 这样 啊
suid=s15 participant=138428
我 等下 才 看 ！
[ 表情 ] 你 要 休息 了 吗 ？
那里 是 几点 啦 ？
suid=s16 participant=135882
这里 晚上 十一点 了
suid=s17 participant=135882
*pro* 下 啦 ， *pro* 拜拜 ~
suid=s18 participant=135882
*pro* 准备 好 纸巾 再 看 我 结
suid=s19 participant=138428
嗯 ， *pro* 好 的 。
*pro* 正 刷牙 呢 [ 表情 ]
suid=s20 participant=138428
我 会 准备 好 纸巾 的 ， 妞 [ 表情 ]
suid=s21 participant=138428
*pro* 晚安 ！
[ 表情 ]
]]></TEXT>
<TAGS>
<我 comment="default value" end="81" id="我0" start="78" text="pro" type="" />
<我 comment="default value" end="136" id="我1" start="133" text="pro" type="" />
<我 comment="default value" end="181" id="我2" start="178" text="pro" type="" />
<我 comment="default value" end="210" id="我3" start="207" text="pro" type="" />
<我 comment="default value" end="414" id="我4" start="411" text="pro" type="" />
<我 comment="default value" end="434" id="我5" start="431" text="pro" type="" />
<我 comment="default value" end="625" id="我6" start="622" text="pro" type="" />
<我 comment="default value" end="639" id="我7" start="636" text="pro" type="" />
<我 comment="default value" end="664" id="我8" start="661" text="pro" type="" />
<我 comment="default value" end="759" id="我9" start="756" text="pro" type="" />
<我 comment="default value" end="824" id="我10" start="821" text="pro" type="" />
<我 comment="default value" end="980" id="我11" start="977" text="pro" type="" />
<我 comment="default value" end="1097" id="我12" start="1094" text="pro" type="" />
<你 comment="default value" end="195" id="你0" start="192" text="pro" type="" />
<你 comment="default value" end="370" id="你1" start="367" text="pro" type="" />
<你 comment="default value" end="494" id="你2" start="491" text="pro" type="" />
<你 comment="default value" end="582" id="你3" start="579" text="pro" type="" />
<你 comment="default value" end="711" id="你4" start="708" text="pro" type="" />
<你 comment="default value" end="1031" id="你5" start="1028" text="pro" type="" />
<你 comment="default value" end="1198" id="你6" start="1195" text="pro" type="" />
<我们 comment="default value" end="992" id="我们0" start="989" text="pro" type="" />
<pleonastic end="348" id="p0" start="345" text="pro" type="" />
<pleonastic end="443" id="p1" start="440" text="pro" type="" />
<previous_utterance comment="default value" end="812" id="pr0" start="809" text="pro" type="" />
<previous_utterance comment="default value" end="1085" id="pr1" start="1082" text="pro" type="" />
</TAGS>
</ProTask>