<?xml version='1.0' encoding='UTF-8'?>
<ProTask>
<TEXT><![CDATA[
suid=s0 participant=138161
*pro* 在 吗
suid=s1 participant=130530
*pro* 代 传递 美国 签证
suid=s2 participant=130530
*pro* 免 面签 服务
suid=s3 participant=130530
旅游 探亲 ， 同 一 个 签证 类型 ， *pro* 都 是 B2
suid=s4 participant=130530
*pro* 可以 到 济南 中信 银行 办理 吗 ？
suid=s5 participant=130530
*pro* 就 问 *pro* 带 什么
suid=s6 participant=130530
*pro* 就 是 你 那 照片
suid=s7 participant=130530
这些 我 都 知道 *T*-1 ， 你 就 问 他 ， 除了 这个 *pro* 还 带 什么
suid=s8 participant=130530
*pro* 是 整 个 的 ds160 表格 ， 还是 *pro* 只 要 确认 页
suid=s9 participant=130530
？
suid=s10 participant=130530
除了 照片 ， 护照 ， 和 160表 ， *pro* 还 需要 什么 ？
suid=s11 participant=130530
*pro* 需要 准备 别的 材料 吗 ？
suid=s12 participant=130530
*pro* 挂上
suid=s13 participant=130530
还有
suid=s14 participant=130530
*pro* 等到
suid=s15 participant=130530
等等
suid=s16 participant=130530
两 个 刮胡刀 可以 拆开 ， 化妆品 是 不 是 都 可以 不 带 盒子 ？
]]></TEXT>
<TAGS>
<我 comment="default value" end="270" id="我0" start="267" text="pro" type="" />
<我 comment="default value" end="280" id="我1" start="277" text="pro" type="" />
<我 comment="default value" end="396" id="我2" start="393" text="pro" type="" />
<我 comment="default value" end="558" id="我3" start="555" text="pro" type="" />
<我 comment="default value" end="602" id="我4" start="599" text="pro" type="" />
<你 comment="default value" end="32" id="你0" start="29" text="pro" type="" />
<你 comment="default value" end="652" id="你1" start="649" text="pro" type="" />
<你 comment="default value" end="720" id="你2" start="717" text="pro" type="" />
<它们 comment="default value" end="176" id="它们0" start="173" text="pro" type="" />
<generic comment="default value" end="69" id="g0" start="66" text="pro" type="" />
<generic comment="default value" end="113" id="g1" start="110" text="pro" type="" />
<generic comment="default value" end="216" id="g2" start="213" text="pro" type="" />
<pleonastic end="318" id="p0" start="315" text="pro" type="" />
<pleonastic end="436" id="p1" start="433" text="pro" type="" />
<pleonastic end="464" id="p2" start="461" text="pro" type="" />
</TAGS>
</ProTask>