<?xml version='1.0' encoding='UTF-8'?>
<ProTask>
<TEXT><![CDATA[
suid=s0 participant=135208
材料 准备 怎么样 了 ？
suid=s1 participant=136365
*pro* 缺 文章 首页 那个 ， 其他 的 打印 出来 就 好
suid=s2 participant=136365
文章 首页 那个 我 不 知道 *PRO* 到 哪 去 找 *T*-1
suid=s3 participant=135208
*pro* 要 我 *PRO* 给 你 找找 嘛
suid=s4 participant=136365
*pro* 好 的 吧
suid=s5 participant=135208
氢能 的 要 接收函 行 不
suid=s6 participant=135208
*OP* *pro* *T*-1 投稿 的 首页 我 也 给 你 *T*-2
suid=s7 participant=136365
*pro* 好 的
suid=s8 participant=135208
非 第一 作者 的 *pro* 要 *T*-1 不
suid=s9 participant=136365
*pro* 不 用
suid=s10 participant=136365
*pro* 把 第二 作者 那个 也 要 *-1 吧 ， *pro* 看 *pro* 能 不 能 糊弄 过去
suid=s11 participant=135208
*pro* 好 的
suid=s12 participant=135208
*pro* 接收 一下
suid=s13 participant=135208
我 把 你 所有 的 论文 都 给 你 *-1 了 你 看看 *pro* 用 哪个
suid=s14 participant=135208
*pro* 打印 *pro* 就 去 一 校区 打印 吧
suid=s15 participant=135208
*pro* 多 一 事 不 如 *pro* 少 一 事
suid=s16 participant=136365
*pro* 无所谓 ， 因为 *pro* 要 他 *PRO* 签字
suid=s17 participant=135208
有的 没有 传 过来 ？
suid=s18 participant=136365
我 要 去 一 区 打印 我 还 得 回来 找 他 *PRO* 签字
suid=s19 participant=136365
*pro* 好像 是
suid=s20 participant=135208
那 *pro* 就 在 这 打印 吧
suid=s21 participant=135208
刚才 哪个 发错 了 这个 是 *OP* *T*-1 对 的
suid=s22 participant=135208
*pro* 打印 首页 就 可以 了
suid=s23 participant=136365
哦 ，
suid=s24 participant=136365
尹 老师 那 能 打 吗 [ 表情 ]
suid=s25 participant=135208
2H 一 楼 能 打印
suid=s26 participant=135208
*pro* 中午 吃饭 之后 *pro* 去 打印 也 可以
suid=s27 participant=136365
o , 那 我 中 去 打
suid=s28 participant=135208
*pro* 吃饭 吧
suid=s29 participant=136365
*pro* 把 优盘 拿来 *-1
suid=s30 participant=136365
*OP* 你 画 *T*-1 的 阻抗图 横坐标 是 频率 的 ， 纵坐标 应 怎么 说
suid=s31 participant=136365
即 频率 对应 什么 的 曲线 [ 表情 ]]
suid=s32 participant=136365
含义 是 什么 ， 也就是说 *pro* 怎么 解释 ？
suid=s33 participant=135208
频率 的 不 要 了 吧
suid=s34 participant=135208
我 也 解释 不 清楚
suid=s35 participant=136365
哦
suid=s36 participant=136365
哦
suid=s37 participant=135208
*OP* 你 写 *T*-1 的 那 张 能 有 多少 页 ？
suid=s38 participant=136365
那 你 知道 *OP* 频率 对应 *T*-1 的 纵坐标 吗
suid=s39 participant=135208
*pro* 应该 是 正常 阻抗谱 的 实轴 和 虚轴 的 模
suid=s40 participant=136365
哦 你 氨 那个 写完 了 *-1 吗 ？
我 这 章 马上 写完 *T*-1
suid=s41 participant=135208
*pro* 还 没有 写完 呢 我 正在 写
suid=s42 participant=136365
哦
suid=s43 participant=135208
你 *pro* 要是 写完 了 就 写 BaO 的 吧
suid=s44 participant=135208
我 几 天 应该 能 搞定 氨 的 这 章
suid=s45 participant=136365
*pro* 行 ， 你 要是 写 也 行 ， 我 好 整理 整 篇 论文 ， *pro* 包括 文献 啥 的
suid=s46 participant=135208
*pro* 好 的 我 写 吧
suid=s47 participant=136365
*pro* 发给 我
suid=s48 participant=136365
*pro* 直接 截屏 就 行 了
suid=s49 participant=136365
*pro* 找到 了 吗
suid=s50 participant=135208
*pro* 等 会
suid=s51 participant=135208
你 看看 这个 对 不 对
suid=s52 participant=136365
*pro* 还 有 政治 和 英语 呢
suid=s53 participant=135208
这 里面 没有 啊
suid=s54 participant=135208
博士 有 英语 和 政治 吗 ：
suid=s55 participant=136365
*pro* 有
suid=s56 participant=136365
*pro* 加上 英语 和 政治 *pro* 就 够 17 个 了
]]></TEXT>
<TAGS>
<我 comment="default value" end="486" id="我0" start="483" text="pro" type="" />
<我 comment="default value" end="553" id="我1" start="550" text="pro" type="" />
<我 comment="default value" end="561" id="我2" start="558" text="pro" type="" />
<我 comment="default value" end="524" id="我3" start="521" text="pro" type="" />
<我 comment="default value" end="868" id="我4" start="865" text="pro" type="" />
<我 comment="default value" end="883" id="我5" start="880" text="pro" type="" />
<我 comment="default value" end="2103" id="我7" start="2100" text="pro" type="" />
<你 comment="default value" end="197" id="你0" start="194" text="pro" type="" />
<你 comment="default value" end="443" id="你1" start="440" text="pro" type="" />
<你 comment="default value" end="645" id="你3" start="642" text="pro" type="" />
<你 comment="default value" end="716" id="你4" start="713" text="pro" type="" />
<你 comment="default value" end="755" id="你5" start="752" text="pro" type="" />
<你 comment="default value" end="764" id="你6" start="761" text="pro" type="" />
<你 comment="default value" end="1179" id="你7" start="1176" text="pro" type="" />
<你 comment="default value" end="1346" id="你9" start="1343" text="pro" type="" />
<你 comment="default value" end="1361" id="你10" start="1358" text="pro" type="" />
<你 comment="default value" end="1447" id="你11" start="1444" text="pro" type="" />
<你 comment="default value" end="1486" id="你12" start="1483" text="pro" type="" />
<你 comment="default value" end="2186" id="你13" start="2183" text="pro" type="" />
<你 comment="default value" end="2417" id="你14" start="2414" text="pro" type="" />
<你 comment="default value" end="2456" id="你15" start="2453" text="pro" type="" />
<你 comment="default value" end="2502" id="你16" start="2499" text="pro" type="" />
<你 comment="default value" end="2543" id="你17" start="2540" text="pro" type="" />
<它 comment="default value" end="1672" id="它0" start="1669" text="pro" type="" />
<它 comment="default value" end="1975" id="它1" start="1972" text="pro" type="" />
<我们 comment="default value" end="812" id="我们0" start="809" text="pro" type="" />
<我们 comment="default value" end="828" id="我们1" start="825" text="pro" type="" />
<我们 comment="default value" end="1075" id="我们2" start="1072" text="pro" type="" />
<他们 comment="default value" end="335" id="他们0" start="332" text="pro" type="" />
<它们 comment="default value" end="2790" id="它们0" start="2787" text="pro" type="" />
<它们 comment="default value" end="2807" id="它们1" start="2804" text="pro" type="" />
<existential comment="default value" end="2623" id="e0" start="2620" text="pro" type="" />
<existential comment="default value" end="2754" id="e1" start="2751" text="pro" type="" />
<pleonastic end="73" id="p0" start="70" text="pro" type="" />
<pleonastic end="1034" id="p1" start="1031" text="pro" type="" />
<pleonastic end="2329" id="p2" start="2326" text="pro" type="" />
<previous_utterance comment="default value" end="249" id="pr0" start="246" text="pro" type="" />
<previous_utterance comment="default value" end="396" id="pr1" start="393" text="pro" type="" />
<previous_utterance comment="default value" end="607" id="pr2" start="604" text="pro" type="" />
<previous_utterance comment="default value" end="2290" id="pr3" start="2287" text="pro" type="" />
<previous_utterance comment="default value" end="2373" id="pr4" start="2370" text="pro" type="" />
</TAGS>
</ProTask>