<?xml version='1.0' encoding='UTF-8'?>
<ProTask>
<TEXT><![CDATA[
suid=s0 participant=136517
女神
suid=s1 participant=136517
嗯
suid=s2 participant=136495
邹 神 。。
suid=s3 participant=136495
*pro* 问 个 问题 哈
suid=s4 participant=136495
*pro* 知网 下 东西 是 需要 钱 么 。。 ==
suid=s5 participant=136517
*pro* 本来 需要 但是 南开 有 一 个 *OP* *T*-1 类似 公共 账号 的 东西
suid=s6 participant=136517
你 在 *OP* *pro* *T*-1 登陆 的 地方
suid=s7 participant=136517
*pro* 有 一 个 IP 登陆
suid=s8 participant=136517
*pro* 然后 就 登入 南开 大学 的 账号
suid=s9 participant=136495
嗯 ？？
suid=s10 participant=136517
嗯
suid=s11 participant=136495
[ 图片 ] ？？
suid=s12 participant=136517
然后 *pro* 下载 就 不 要 钱 了
suid=s13 participant=136495
哦 ~~ 我 试试 ~~
suid=s14 participant=136517
啊 ？
本来 文件 是 什么 格式
suid=s15 participant=136517
*pro* 给 个 链接
suid=s16 participant=136495
*pro* 怎么 下 下来 *pro* 是 asp 格式 ？？
suid=s17 participant=136517
你 试 一下 *PRO* 右键 用 记事本 打开 *pro* 什么 样子
suid=s18 participant=136517
*pro* 看到 了 。。。 我 找找 啊 *pro* 不 急
suid=s19 participant=136495
嗯 （⊙＿⊙）
suid=s20 participant=136517
这 个 格式 *pro* 只 能 用 这个 打开
suid=s21 participant=136495
这 是 嘛
suid=s22 participant=136495
*pro* 这么 高端 == 。。
suid=s23 participant=136517
*pro* 不 是 高端 。。。 *pro* 是 这 个 格式 就 是 知网 用来 *PRO* 捆绑 销售 浏览器 的 。。。。。
suid=s24 participant=136517
*pro* 就 跟 优酷 的 视频 有 一 个 专门 格式 一样
suid=s25 participant=136495
== 。。。。。。。。
suid=s26 participant=136517
[ 图片 ] 。。。。。。。。。。。。。。。
suid=s27 participant=136495
我去 。。 我 都 只 用 人人 影视 。。
suid=s28 participant=136495
== 。。
suid=s29 participant=136517
。。。。
suid=s30 participant=136517
。。 ==
suid=s31 participant=136495
== 。。
suid=s32 participant=136517
我 的 小 一 号 *pro* 感觉 *pro* 不 大气
suid=s33 participant=136495
我 自己 下下 试试 。。
suid=s34 participant=136495
*pro* 太 慢 了 。。
suid=s35 participant=136517
。。 ＝＝
suid=s36 participant=136517
我 传 过 ２.。７１ Ｇ 的
suid=s37 participant=136495
我 今天 还 妄图 *PRO* 在 QQ 传 个 1.12 G 的 文件 。。 *pro* 看来 图 森破 了 。。
suid=s38 participant=136495
*pro* 传 一 天 ？？
suid=s39 participant=136517
*pro* 布 吉岛 *pro* 没有 一 晚 *pro* 其实 有时 还是 挺 快 的
suid=s40 participant=136495
== 。。
suid=s41 participant=136517
*pro* 不 敢 了 渣渣 各 科 都 要 跪 了
suid=s42 participant=136495
邹 神 你 看 傲骨 贤妻 吧 ， *pro* 好看 ~~
]]></TEXT>
<TAGS>
<我 comment="default value" end="731" id="我0" start="728" text="pro" type="" />
<我 comment="default value" end="856" id="我1" start="853" text="pro" type="" />
<我 comment="default value" end="1527" id="我2" start="1524" text="pro" type="" />
<我 comment="default value" end="1778" id="我3" start="1775" text="pro" type="" />
<我 comment="default value" end="1975" id="我4" start="1972" text="pro" type="" />
<你 comment="default value" end="125" id="你0" start="122" text="pro" type="" />
<你 comment="default value" end="167" id="你1" start="164" text="pro" type="" />
<你 comment="default value" end="308" id="你2" start="305" text="pro" type="" />
<你 comment="default value" end="400" id="你3" start="397" text="pro" type="" />
<你 comment="default value" end="556" id="你4" start="553" text="pro" type="" />
<你 comment="default value" end="690" id="你5" start="687" text="pro" type="" />
<你 comment="default value" end="878" id="你6" start="875" text="pro" type="" />
<你 comment="default value" end="1825" id="你7" start="1822" text="pro" type="" />
<它 comment="default value" end="745" id="它2" start="742" text="pro" type="" />
<它 comment="default value" end="816" id="它3" start="813" text="pro" type="" />
<它 comment="default value" end="1039" id="它4" start="1036" text="pro" type="" />
<它 comment="default value" end="1085" id="它5" start="1082" text="pro" type="" />
<它 comment="default value" end="1102" id="它6" start="1099" text="pro" type="" />
<它 comment="default value" end="1179" id="它7" start="1176" text="pro" type="" />
<它 comment="default value" end="1536" id="它8" start="1533" text="pro" type="" />
<它 comment="default value" end="1617" id="它9" start="1614" text="pro" type="" />
<它 comment="default value" end="1879" id="它10" start="1876" text="pro" type="" />
<它 comment="default value" end="1892" id="它11" start="1889" text="pro" type="" />
<它 comment="default value" end="2048" id="它12" start="2045" text="pro" type="" />
<existential comment="default value" end="355" id="e0" start="352" text="pro" type="" />
<generic comment="default value" end="223" id="g0" start="220" text="pro" type="" />
<generic comment="default value" end="959" id="g1" start="956" text="pro" type="" />
<pleonastic end="1868" id="p0" start="1865" text="pro" type="" />
</TAGS>
</ProTask>