<?xml version='1.0' encoding='UTF-8'?>
<ProTask>
<TEXT><![CDATA[
suid=s0 participant=136868
你 在 北京 大概 花 了 多少 钱
suid=s1 participant=136868
你 是 从 萧山 坐 飞机 去 的 吗
suid=s2 participant=136892
恩 800 *pro* 订 太 迟 了
suid=s3 participant=136892
高铁 卧铺 都 可以
suid=s4 participant=136892
两千 应该 差不多 吧
suid=s5 participant=136868
*pro* 包括 机票 和 酒店 自己 消费 吗 ？
suid=s6 participant=136892
*pro* 也 要 看 方式 啦
suid=s7 participant=136892
一般 *pro* 火车 来回 交通 一千
suid=s8 participant=136868
但是 时间 差 多少
suid=s9 participant=136892
住宿 我 住 青旅 110 一 晚 *pro* 在 西单 那边
suid=s10 participant=136892
火车 *pro* 睡 一 觉 就 到
suid=s11 participant=136892
高铁 五 个 小时 吧
suid=s12 participant=136868
*pro* 好像 不止
suid=s13 participant=136868
我 还 听说 现在 北京 哪里 都 要 门票
suid=s14 participant=136868
连 长城 都 要
suid=s15 participant=136892
飞机 上 时间 两 个 小时
suid=s16 participant=136892
门票 交通 都 不 贵 的
suid=s17 participant=136868
800 是 一 趟 的 钱 吧 ？
suid=s18 participant=136892
故宫 才 60
suid=s19 participant=136892
*pro* 是
suid=s20 participant=136868
长城 70 ？
suid=s21 participant=136892
*pro* 没 去 不 知道 啊
suid=s22 participant=136892
*OP* *T*-1 要 门票 的 我 就 故宫 恭王府 圆明园 这 次
suid=s23 participant=136892
4025
suid=s24 participant=136892
*pro* 比起 别的 地方 便宜 多 了
suid=s25 participant=136892
798 后海 南锣鼓巷 都 不 要 钱 啊 *pro* 可以 逛 很 久
suid=s26 participant=136892
北海 好像 不 要 钱 景山 10 块
suid=s27 participant=136868
你 给 我 推荐 推荐 *pro* 还 有 什么 地方
suid=s28 participant=136868
你 是 和 你 同学 两 个 人 一起 的 吗
suid=s29 participant=136892
基本上 两 个 人 *pro* 也 有 *OP* 我 自己 逛 *T*-1 的
suid=s30 participant=136892
青旅 遇到 好几 个 *OP* *T*-1 一 个 人 来 玩 的
suid=s31 participant=136892
你 什么 时候 去
suid=s32 participant=136892
我 回去 理 一下 跟 你 说
suid=s33 participant=136892
常规 的 一些 团 都 会 去
suid=s34 participant=136892
故宫 天坛 长城 颐和园 十三陵 什么 的
suid=s35 participant=136892
*pro* 现在 还 有 鸟巢 水立方 晚上 比较 好看
suid=s36 participant=136892
798 南锣鼓巷 后海 是 *OP* *T*-1 比较 小资 的 地方
suid=s37 participant=136892
还有 前门 大街 大栅栏
suid=s38 participant=136892
天安门 广场 那 一 圈 *pro* 一般 都 会 进去 参观 *T*-1
suid=s39 participant=136892
西单 王府井 是 商业 中心
suid=s40 participant=136892
还有 清华 北大
suid=s41 participant=136892
圆明园 就 废墟 了 *pro* 没 时间 可以 不 去
suid=s42 participant=136868
*pro* 好 呀 *pro* 好 呀
]]></TEXT>
<TAGS>
<我 comment="default value" end="131" id="我0" start="128" text="pro" type="" />
<我 comment="default value" end="451" id="我1" start="448" text="pro" type="" />
<我 comment="default value" end="496" id="我2" start="493" text="pro" type="" />
<我 comment="default value" end="947" id="我3" start="944" text="pro" type="" />
<我 comment="default value" end="1371" id="我4" start="1368" text="pro" type="" />
<你 comment="default value" end="1986" id="你0" start="1983" text="pro" type="" />
<它 comment="default value" end="249" id="它0" start="246" text="pro" type="" />
<它们 comment="default value" end="1090" id="它们0" start="1087" text="pro" type="" />
<existential comment="default value" end="1265" id="e0" start="1262" text="pro" type="" />
<existential comment="default value" end="1667" id="e1" start="1664" text="pro" type="" />
<generic comment="default value" end="350" id="g0" start="347" text="pro" type="" />
<generic comment="default value" end="1162" id="g1" start="1159" text="pro" type="" />
<generic comment="default value" end="1842" id="g2" start="1839" text="pro" type="" />
<pleonastic end="303" id="p0" start="300" text="pro" type="" />
<pleonastic end="580" id="p1" start="577" text="pro" type="" />
<previous_utterance comment="default value" end="875" id="pr0" start="872" text="pro" type="" />
<previous_utterance comment="default value" end="2032" id="pr1" start="2029" text="pro" type="" />
<previous_utterance comment="default value" end="2042" id="pr2" start="2039" text="pro" type="" />
</TAGS>
</ProTask>