<?xml version='1.0' encoding='UTF-8'?>
<ProTask>
<TEXT><![CDATA[
suid=s0 participant=131944
*pro* 看 你 的 态度 了
suid=s1 participant=133574
你 确定 *pro* 来 不 来 呀
suid=s2 participant=133574
莫非 *pro* 要 轿子 抬 [ 表情 ]
suid=s3 participant=131944
我 在 想 *PRO* 从 广州 出境 呢 ， *pro* 22日 得 到 土耳其 ， 大 单子 *pro* 不 去 就 不 是 主业 副业 的 问题 ， *pro* 是 失业 啊 [ 表情 ] ，
suid=s4 participant=131944
*pro* 失业 了 流落 广州 街头 *pro* 会 不 会 到 地铁站 赏 个 钢錋 ？
suid=s5 participant=133574
那 是 ， 饭碗 重要 。
广州 有 *OP* *T*-1 飞 土耳其 的 飞机 吗 ， *pro* 从 香港 走 也 行
suid=s6 participant=131944
*pro* 看来 *pro* 不 会 到 广州 地铁站 看 我 了 。
*pro* 广州 可以 到 迪拜 ， 再 到 安卡拉
suid=s7 participant=133574
*pro* 好 呀 ， *pro* 最 好 了 ， *pro* 两全其美
suid=s8 participant=131944
*pro* 走 是 没 问题 ， *pro* 就 怕 对方 需要 *pro* 15 , 16号 就 要 到 那里 ， *pro* 还 要 标 前 应答 呢 ，
suid=s9 participant=131944
你 这 最 清楚 *-1 了 ， 你 不 是 经常 做 标委 么 ？
suid=s10 participant=131944
*pro* 想想 我 带 着 江西 腔 的 英语 和 对方 *OP* *T*-1 带 着 土语 腔 的 英语 对答 ， *pro* 不 知道 *pro* 是 什么 结果 啊 [ 表情 ]
suid=s11 participant=133574
哈哈 ， 你 没 带 美女 翻译 吗
suid=s12 participant=131944
*pro* 又 不 是 旅游 ， 文化 交流 ， *pro* 不 是 专业 的 翻译 靠 不 住 ，
suid=s13 participant=131944
上 次 巴西人 来 ， *pro* 找 了 个 北外 的 学生 ， *pro* 硬是 一 句 都 没有 翻译 *T*-1
suid=s14 participant=133574
我 也 是 这样 混 的 ， *pro* 加上 肢体 语言 呗
suid=s15 participant=131944
*pro* 用进废退 嘛 ， 我 能 用 20% 都 不错 了
suid=s16 participant=133574
好像 这 方面 周华 强 ， *OP* 他 *T*-1 每 天 说 英语 的 时间 占 80% ， *pro* 牛人 呀
suid=s17 participant=133574
那 也 是 ， 专业 词汇 我 都 读 *T*-1 得 很 辛苦 [ 表情 ]
suid=s18 participant=131944
一 个 更 2把刀 ， *pro* 还 有 一 个 学 法语 的 ， *pro* 用 不 上
suid=s19 participant=133574
我 相信 你 没 问题 的 ， 你 一 人 去 吗
]]></TEXT>
<TAGS>
<我 comment="default value" end="32" id="我0" start="29" text="pro" type="" />
<我 comment="default value" end="196" id="我1" start="193" text="pro" type="" />
<我 comment="default value" end="221" id="我2" start="218" text="pro" type="" />
<我 comment="default value" end="616" id="我4" start="613" text="pro" type="" />
<我 comment="default value" end="633" id="我5" start="630" text="pro" type="" />
<我 comment="default value" end="649" id="我6" start="646" text="pro" type="" />
<我 comment="default value" end="675" id="我7" start="672" text="pro" type="" />
<我 comment="default value" end="846" id="我8" start="843" text="pro" type="" />
<我 comment="default value" end="955" id="我9" start="952" text="pro" type="" />
<我 comment="default value" end="1046" id="我10" start="1043" text="pro" type="" />
<我 comment="default value" end="1138" id="我11" start="1135" text="pro" type="" />
<你 comment="default value" end="81" id="你0" start="78" text="pro" type="" />
<你 comment="default value" end="125" id="你1" start="122" text="pro" type="" />
<你 comment="default value" end="299" id="你2" start="296" text="pro" type="" />
<你 comment="default value" end="319" id="你3" start="316" text="pro" type="" />
<你 comment="default value" end="418" id="你4" start="415" text="pro" type="" />
<你 comment="default value" end="471" id="你5" start="468" text="pro" type="" />
<你 comment="default value" end="786" id="你6" start="783" text="pro" type="" />
<他 comment="default value" end="1293" id="他0" start="1290" text="pro" type="" />
<existential comment="default value" end="1412" id="e0" start="1409" text="pro" type="" />
<pleonastic end="250" id="p0" start="247" text="pro" type="" />
<pleonastic end="462" id="p1" start="459" text="pro" type="" />
<pleonastic end="498" id="p2" start="495" text="pro" type="" />
<pleonastic end="578" id="p3" start="575" text="pro" type="" />
<pleonastic end="857" id="p4" start="854" text="pro" type="" />
<pleonastic end="980" id="p5" start="977" text="pro" type="" />
<pleonastic end="1068" id="p6" start="1065" text="pro" type="" />
<pleonastic end="1183" id="p7" start="1180" text="pro" type="" />
<pleonastic end="1435" id="p8" start="1432" text="pro" type="" />
<previous_utterance comment="default value" end="552" id="pr0" start="549" text="pro" type="" />
<previous_utterance comment="default value" end="564" id="pr1" start="561" text="pro" type="" />
</TAGS>
</ProTask>