<?xml version='1.0' encoding='UTF-8'?>
<ProTask>
<TEXT><![CDATA[
suid=s0 participant=133928
*pro* 母亲节 快乐 （ *pro* 来自 手机 QQ : http:／／mobile.qq.com ）
suid=s1 participant=132057
*pro* 5月 11 - 13日 在 山西 昨夜 十点 刚 回来 。
*pro* 谢谢 你 的 问候 。
suid=s2 participant=132057
这些 天 你 过 得 可好 ？
suid=s3 participant=133928
*pro* 还 好
suid=s4 participant=133928
*pro* 出差 啊
suid=s5 participant=132057
*pro* 还 好 ， 有 些 *pro* 不 够 完美 的 意味 。
*pro* 去 旅游
suid=s6 participant=132057
部门 活动
suid=s7 participant=132057
平遥 古城 很 美
suid=s8 participant=132057
王 家 大院 很 有 看头
suid=s9 participant=132057
晋祠 小 点 ， 但 *pro* 很 精致
suid=s10 participant=132057
对 山西 印象 不错
suid=s11 participant=133928
*pro* 有 慧眼 处处 皆 美景
suid=s12 participant=132057
嘿嘿 心情 好 *pro* 看 哪 *pro* 都 好
suid=s13 participant=132057
你 暑假 带 女儿 老婆 *PRO* 来 北京 玩 吧
suid=s14 participant=133928
你 朋友 怎么样 了
suid=s15 participant=133928
丫头 去 了 好几 次
suid=s16 participant=132057
他 恢复 不错 但 后遗症 不 确定 *pro* 等 消息 看 *pro* 是否 需要 到 北京 来 康复
suid=s17 participant=132057
呵呵 ， 那 就 你 带 老婆 ， 或 自己 一 人 来
suid=s18 participant=133928
我们 深圳 见 了
suid=s19 participant=132057
深圳 还 是 未知数 呢
suid=s20 participant=132057
一切 皆 有 可能
suid=s21 participant=133928
*pro* 还 有 悬念 吗
suid=s22 participant=132057
*pro* 怕 *pro* 有 事 来 不 了
suid=s23 participant=133928
单位 没 公休 吗
suid=s24 participant=132057
*pro* 有 假日 但 活儿 常 干 不 完 *pro* 还 怕 自己 或 孩子 身体 不 好 来 不 了
suid=s25 participant=132057
*pro* 还 怕 保姆 突然 请假
suid=s26 participant=133928
*pro* 还 想 *PRO* 到时 带 你 *PRO* 去 鼓浪屿
suid=s27 participant=132057
这 次 *pro* 就算 去 了 深圳 *pro* 也 没 时间 去 鼓浪屿 了 美景 *pro* 要 好好 赏 *T*-1 才 不 辜负 它
suid=s28 participant=133928
*OP* *T*-1 精致 的 女人 想法 也 别致
suid=s29 participant=132057
好人 好景 *pro* 莫 错过 *RNR*-2 也 莫 辜负 *T*-1
]]></TEXT>
<TAGS>
<我 comment="default value" end="114" id="我0" start="111" text="pro" type="" />
<我 comment="default value" end="238" id="我1" start="235" text="pro" type="" />
<我 comment="default value" end="313" id="我2" start="310" text="pro" type="" />
<我 comment="default value" end="329" id="我3" start="326" text="pro" type="" />
<我 comment="default value" end="349" id="我4" start="346" text="pro" type="" />
<我 comment="default value" end="1124" id="我5" start="1121" text="pro" type="" />
<我 comment="default value" end="1132" id="我6" start="1129" text="pro" type="" />
<我 comment="default value" end="1214" id="我7" start="1211" text="pro" type="" />
<我 comment="default value" end="1238" id="我8" start="1235" text="pro" type="" />
<我 comment="default value" end="1297" id="我9" start="1294" text="pro" type="" />
<我 comment="default value" end="1344" id="我10" start="1341" text="pro" type="" />
<我 comment="default value" end="1411" id="我11" start="1408" text="pro" type="" />
<我 comment="default value" end="1427" id="我12" start="1424" text="pro" type="" />
<我 comment="default value" end="1451" id="我13" start="1448" text="pro" type="" />
<我 comment="default value" end="150" id="我14" start="147" text="pro" type="" />
<你 comment="default value" end="32" id="你0" start="29" text="pro" type="" />
<你 comment="default value" end="275" id="你1" start="272" text="pro" type="" />
<你 comment="default value" end="1568" id="你2" start="1565" text="pro" type="" />
<他 comment="default value" end="844" id="他0" start="841" text="pro" type="" />
<他 comment="default value" end="857" id="他1" start="854" text="pro" type="" />
<它 comment="default value" end="47" id="它0" start="44" text="pro" type="" />
<它 comment="default value" end="509" id="它1" start="506" text="pro" type="" />
<existential comment="default value" end="1081" id="e0" start="1078" text="pro" type="" />
<generic comment="default value" end="587" id="g0" start="584" text="pro" type="" />
<generic comment="default value" end="642" id="g1" start="639" text="pro" type="" />
<pleonastic end="652" id="p0" start="649" text="pro" type="" />
</TAGS>
</ProTask>