<?xml version='1.0' encoding='UTF-8'?>
<ProTask>
<TEXT><![CDATA[
suid=s0 participant=137135
*pro* 在 呢
suid=s1 participant=136693
嗯
suid=s2 participant=136693
*pro* *pro* 考察 中
suid=s3 participant=137135
你 那 项目 弄 的 *-1 怎么样 了
suid=s4 participant=136693
今年 *pro* 不 打算 *PRO* 动手 了
suid=s5 participant=136693
大 环境 不 好
suid=s6 participant=137135
*pro* 是 啊
suid=s7 participant=137135
这 两 年 大 环境 都 不 太 好
suid=s8 participant=137135
昨天 我 老公 银座 佳驿 的 同事 来 玩 来
suid=s9 participant=137135
他们 刚 开会 酒店 分析 会
suid=s10 participant=137135
今年 整 个 经济 酒店 基本 都 亏
suid=s11 participant=136693
*pro* 是 啊
suid=s12 participant=136693
唉
suid=s13 participant=136693
不过 我 刚 成功 动员 了 我 在 北京 的 朋友
suid=s14 participant=136693
*pro* 准备 *PRO* 加盟 7-11
suid=s15 participant=137135
现在 投资 都 要 谨慎 啊
suid=s16 participant=136693
他 ...
suid=s17 participant=137135
你 加盟 啊
suid=s18 participant=137135
我 以为 *pro* 是 你 来
suid=s19 participant=137135
现在 *pro* 投资 做 生意 都 不 是 很 好 做 啊
suid=s20 participant=137135
*pro* 操心 太 多 了
suid=s21 participant=137135
*pro* 还 不 如 *pro* 做 职业 经理人 呢
suid=s22 participant=136693
*pro* 刚 看 了 昨天 的 时报
suid=s23 participant=136693
*pro* 还 不 如 *pro* 买 辆 旧 面包 改改 开 黑 救护车 呢
suid=s24 participant=137135
*pro* 怎么 了
suid=s25 participant=137135
哈哈
]]></TEXT>
<TAGS>
<我 comment="default value" end="98" id="我0" start="95" text="pro" type="" />
<我 comment="default value" end="193" id="我2" start="190" text="pro" type="" />
<我 comment="default value" end="938" id="我3" start="935" text="pro" type="" />
<我 comment="default value" end="950" id="我4" start="947" text="pro" type="" />
<我 comment="default value" end="995" id="我5" start="992" text="pro" type="" />
<我 comment="default value" end="1043" id="我6" start="1040" text="pro" type="" />
<我 comment="default value" end="1055" id="我7" start="1052" text="pro" type="" />
<我 comment="default value" end="104" id="我1" start="101" text="pro" type="" />
<你 comment="default value" end="32" id="你0" start="29" text="pro" type="" />
<你 comment="default value" end="895" id="你1" start="892" text="pro" type="" />
<你 comment="default value" end="1111" id="你2" start="1108" text="pro" type="" />
<他们 comment="default value" end="628" id="他们0" start="625" text="pro" type="" />
<generic comment="default value" end="839" id="g0" start="836" text="pro" type="" />
<pleonastic end="796" id="p0" start="793" text="pro" type="" />
<previous_utterance comment="default value" end="278" id="pr0" start="275" text="pro" type="" />
<previous_utterance comment="default value" end="505" id="pr1" start="502" text="pro" type="" />
</TAGS>
</ProTask>