<?xml version='1.0' encoding='UTF-8'?>
<ProTask>
<TEXT><![CDATA[
suid=s0 participant=137837
*pro* 干 嘛 呢 ？？？
suid=s1 participant=137837
作业 *pro* 写 了 *T*-1 么 ？
suid=s2 participant=137803
你 话 好 多
suid=s3 participant=137837
？？？？？？？？？？？？？？？？
suid=s4 participant=137803
*pro* 上来 *pro* 就 都 是 你 的 留言
suid=s5 participant=137837
。。。。。。。。。。。。。。
suid=s6 participant=137837
*pro* 哪 一 年 的 了 。。。。。。
suid=s7 participant=137803
*pro* 今天 的 ！
suid=s8 participant=137837
*pro* 写 不 出来 *pro* 肿么办 。。。
suid=s9 participant=137803
*pro* 加上 以前 的
suid=s10 participant=137803
*pro* 编 啊 ……
suid=s11 participant=137837
*pro* 好 !
suid=s12 participant=137803
名字 写 在 哪 ？
suid=s13 participant=137803
还有 这 个 essay 要 有 标题 不 ？
suid=s14 participant=137837
我 觉得 *pro* 不 要 吧 。。。
suid=s15 participant=137837
名字 写 页眉 呗
suid=s16 participant=137803
*pro* 哦 了
suid=s17 participant=137837
我 还是 退 课 吧 。。。
suid=s18 participant=137803
啊 ？
*pro* 退 哪个 ？
suid=s19 participant=137837
*pro* 正在 犹豫
suid=s20 participant=137803
哇靠 你 犹豫 好 了 告诉 我 啊
suid=s21 participant=137837
*pro* 干 嘛 ?
suid=s22 participant=137803
你 要是 把 entrepreneur 退 了 *-1 我 也 要 严重 考虑 一下 啊
suid=s23 participant=137837
哈哈哈哈哈哈哈哈哈哈哈哈哈哈哈哈哈哈
suid=s24 participant=137837
*pro* 慌 伐 ？？？？？？？？？？
suid=s25 participant=137837
我 肯定 偷偷 退 的 ， *pro* 退 了 还 去 上课 ， 学期 末 再 告诉 你 我 退 了
suid=s26 participant=137803
*pro* 讨厌 你 ！
suid=s27 participant=137837
那 个 死 老师 你 后来 怎么 写 *T*-1 的 啊
suid=s28 participant=137803
*OP* 我 想 *T*-1 的 是 那 个 老师 要求 学生 对 一 件 事 非常 熟悉 通过 各 种 观察 实践 得到 的 那 四 个 要求 *pro* 要 做到 *T*-2 的话 *pro* 也 要 通过 观察 实践 分析 如此 如此 这般 这般
suid=s29 participant=137803
我 要 睡觉 了 ！
suid=s30 participant=137837
*pro* 晚安 ！
]]></TEXT>
<TAGS>
<我 comment="default value" end="204" id="我0" start="201" text="pro" type="" />
<我 comment="default value" end="391" id="我1" start="388" text="pro" type="" />
<我 comment="default value" end="404" id="我2" start="401" text="pro" type="" />
<我 comment="default value" end="662" id="我3" start="659" text="pro" type="" />
<我 comment="default value" end="870" id="我4" start="867" text="pro" type="" />
<我 comment="default value" end="1180" id="我5" start="1177" text="pro" type="" />
<你 comment="default value" end="32" id="你0" start="29" text="pro" type="" />
<你 comment="default value" end="78" id="你1" start="75" text="pro" type="" />
<你 comment="default value" end="351" id="你2" start="348" text="pro" type="" />
<你 comment="default value" end="445" id="你3" start="442" text="pro" type="" />
<你 comment="default value" end="487" id="你4" start="484" text="pro" type="" />
<你 comment="default value" end="829" id="你5" start="826" text="pro" type="" />
<你 comment="default value" end="957" id="你6" start="954" text="pro" type="" />
<你 comment="default value" end="1117" id="你7" start="1114" text="pro" type="" />
<你 comment="default value" end="1245" id="你8" start="1242" text="pro" type="" />
<你 comment="default value" end="1537" id="你9" start="1534" text="pro" type="" />
<它们 comment="default value" end="301" id="它们0" start="298" text="pro" type="" />
<generic comment="default value" end="1416" id="g0" start="1413" text="pro" type="" />
<generic comment="default value" end="1436" id="g1" start="1433" text="pro" type="" />
<pleonastic end="213" id="p0" start="210" text="pro" type="" />
<previous_utterance comment="default value" end="528" id="pr0" start="525" text="pro" type="" />
<previous_utterance comment="default value" end="744" id="pr1" start="741" text="pro" type="" />
</TAGS>
</ProTask>