<?xml version='1.0' encoding='UTF-8'?>
<ProTask>
<TEXT><![CDATA[
suid=s0 participant=135882
我 进去 之后 visa info 什么 都 木有 哦
suid=s1 participant=135882
我 填好 发给 你 吧 ：）
suid=s2 participant=138427
我 发现 *pro* 是 保存 不 了 的 ， *pro* 只 能 一次过 填完
suid=s3 participant=135882
这个 啥 意思
suid=s4 participant=138427
那个 意思 是 *pro* 以前 有没有 入读 过 UPenn
suid=s5 participant=135882
那 我 发 个 email 给 之前 那 个 学校 吧
suid=s6 participant=138427
嗯
suid=s7 participant=135882
visa 那个 等等 ， 我 现在 拍 下来 发给 你
suid=s8 participant=138427
*pro* 有些 模糊 ， 手 震 的 感觉 ~
suid=s9 participant=135882
恩 ， *pro* 要 重新 拍 吗 ？
suid=s10 participant=138427
*pro* 最好 清晰 一点 ， 因为 这个 是 要 上传 的
suid=s11 participant=135882
*pro* OK
suid=s12 participant=135882
你 看 这个 有 没 好 点
suid=s13 participant=138427
*pro* ok
suid=s14 participant=135882
*pro* 好
suid=s15 participant=138427
Oh ， *pro* sorry , 我 搞错 了
suid=s16 participant=135882
噢 ， 那 是 *pro* 不 用 问 咯
suid=s17 participant=138427
我 点击 进去 那 个 transfer 表 ， *pro* 还 有 *OP* *T*-1 更 详细 的 说明
suid=s18 participant=138427
就是说 Sevis fee 还是 要 交 嘀 ~~ [ 图片 ]
suid=s19 participant=138427
哎呀 ， *pro* 真 不好意思 ， 让 你 *PRO* 空 欢喜 一 场 ， 因为 你 的 存款 证明 在 Jolly 那 ， 我 只 能 明天 一早 再 帮 你 *PRO* 上传 提交 了 ~~
suid=s20 participant=138427
你 有没有 看 过 学校 的 宿舍 ？
*pro* 准备 *PRO* 住 校内 还是 校外 ？
suid=s21 participant=135882
*pro* 没 关系 啦
suid=s22 participant=135882
*pro* 得 之 我 幸 *pro* 不 得 我 命
suid=s23 participant=135882
校内 多少 钱 ？
suid=s24 participant=135882
校外 应该 便宜 些 ， 可是 我 又 不 认识 人 ， 你们 有没有 学生 要 去 UPENN 的 ， *pro* 一起 合租 吧 ？
suid=s25 participant=135882
发
suid=s26 participant=138427
呵呵 ， *pro* 是 的 ， 校内 一般 都 比 校外 贵 ， 而且 很 少 位置 ， 如果 *pro* 想 *PRO* 住 校内 的话 ， *pro* 还 有 尽早 申请
suid=s27 participant=138427
*pro* 也 不 用 发 了 ， 因为 *pro* 不 属于 5 个 月 内 ， *pro* 转 不 了
suid=s28 participant=135882
[ 表情 ] *pro* why ?
suid=s29 participant=135882
幸好 我 还 没有 按 send
suid=s30 participant=138427
它 是 从 enrollment date 算起 ， *pro* 不 是 从 现在 算起
suid=s31 participant=138427
我们 这边 确实 也 有 *OP* *T*-1 去 UPenn Tesol 的 ， 我 帮 你 *PRO* 问问 ， 如果 你 想 *PRO* 合租 的话
suid=s32 participant=135882
嗯嗯 ， *pro* 好 啊 （*^◎^*）
suid=s33 participant=135882
*pro* 辛苦 你 啦 ， *pro* *pro* 这么 晚 还 加班
suid=s34 participant=138427
*pro* 没 事 ， 我 先 下班 了
suid=s35 participant=138427
*pro* 88
suid=s36 participant=135882
*pro* 拜
]]></TEXT>
<TAGS>
<我 comment="default value" end="486" id="我0" start="483" text="pro" type="" />
<我 comment="default value" end="749" id="我1" start="746" text="pro" type="" />
<我 comment="default value" end="806" id="我2" start="803" text="pro" type="" />
<我 comment="default value" end="998" id="我3" start="995" text="pro" type="" />
<我 comment="default value" end="1239" id="我4" start="1236" text="pro" type="" />
<我 comment="default value" end="1253" id="我5" start="1250" text="pro" type="" />
<你 comment="default value" end="1142" id="你0" start="1139" text="pro" type="" />
<你 comment="default value" end="1509" id="你1" start="1506" text="pro" type="" />
<你 comment="default value" end="1533" id="你2" start="1530" text="pro" type="" />
<你 comment="default value" end="1577" id="你3" start="1574" text="pro" type="" />
<你 comment="default value" end="1619" id="你4" start="1616" text="pro" type="" />
<你 comment="default value" end="1981" id="你5" start="1978" text="pro" type="" />
<你 comment="default value" end="2002" id="你6" start="1999" text="pro" type="" />
<它 comment="default value" end="134" id="它0" start="131" text="pro" type="" />
<它 comment="default value" end="153" id="它1" start="150" text="pro" type="" />
<它 comment="default value" end="430" id="它2" start="427" text="pro" type="" />
<它 comment="default value" end="531" id="它3" start="528" text="pro" type="" />
<它 comment="default value" end="1598" id="它4" start="1595" text="pro" type="" />
<它 comment="default value" end="1778" id="它5" start="1775" text="pro" type="" />
<我们 comment="default value" end="2095" id="我们0" start="2092" text="pro" type="" />
<我们 comment="default value" end="2132" id="我们1" start="2129" text="pro" type="" />
<你们 comment="default value" end="1386" id="你们0" start="1383" text="pro" type="" />
<existential comment="default value" end="873" id="e0" start="870" text="pro" type="" />
<pleonastic end="240" id="p0" start="237" text="pro" type="" />
<pleonastic end="1198" id="p1" start="1195" text="pro" type="" />
<pleonastic end="1666" id="p2" start="1663" text="pro" type="" />
<pleonastic end="1996" id="p3" start="1993" text="pro" type="" />
<pleonastic end="2046" id="p4" start="2043" text="pro" type="" />
<previous_utterance comment="default value" end="591" id="pr0" start="588" text="pro" type="" />
<previous_utterance comment="default value" end="671" id="pr1" start="668" text="pro" type="" />
<previous_utterance comment="default value" end="708" id="pr2" start="705" text="pro" type="" />
<previous_utterance comment="default value" end="1465" id="pr3" start="1462" text="pro" type="" />
<previous_utterance comment="default value" end="1935" id="pr4" start="1932" text="pro" type="" />
</TAGS>
</ProTask>