<?xml version='1.0' encoding='UTF-8'?>
<ProTask>
<TEXT><![CDATA[
suid=s0 participant=131226
赵 会计 ， 你 那里 有 固定 资产 清单 电子版 吗 ？
suid=s1 participant=132713
*OP* 我 现在 有 *T*-1 的 只 是 *OP* *pro* 从 金蝶 里 导出 *T*-2 的
suid=s2 participant=132713
我 还 想 *PRO* 问 张 总 呢 ， *pro* 要 不 要 设置 *OP* *T*-1 和 去年 一样 的 格式
suid=s3 participant=131226
金蝶 里 的 与 原来 的 数据 都 是 一样 的 啊 ？
suid=s4 participant=132713
以前 的 都 是 一样 的 ， *OP* *T*-1 多 的 只 是 *OP* *pro* 今年 购买 *T*-2 的
suid=s5 participant=131226
*OP* *pro* 导出 *T*-1 的 可以 打印 吗 ？
suid=s6 participant=132713
软件 里 有 名称 ， 数量 ， 以及 存放 地点
suid=s7 participant=131226
现在 你 方便 打印 吗 ？
suid=s8 participant=131226
*pro* 用 废纸 打印
suid=s9 participant=132713
我 先 给 你 传 一 份 吧 ， 你 看 *pro* 还 需要 修改 格式 吗 ？
suid=s10 participant=131226
*pro* 好 吧
suid=s11 participant=132713
我 修改 了 一下 ， 你 再 看看 。
suid=s12 participant=131226
*pro* 好 的
suid=s13 participant=131226
咱 原来 的 格式 里 用 保存人
suid=s14 participant=132713
哦 ， 你 看 着 修改 吧 ， 我 没有 以前 的 电子 版本 ， 只是 简单 修改 了 下
suid=s15 participant=131226
哦
suid=s16 participant=131226
*pro* 主要 是 统计 什么 办公 用品 啊 ？
suid=s17 participant=131226
订书机 还 统计 吗
suid=s18 participant=132713
统计
suid=s19 participant=131226
*OP* 行政部 统计 *T*-1 的 发给 你 吗 ？
suid=s20 participant=132713
*pro* 没 收到
suid=s21 participant=132713
其他 的 部门 也 没 一 个 发 的
suid=s22 participant=132713
*pro* 好
suid=s23 participant=131226
我 现在 发给 你
suid=s24 participant=132713
哦
suid=s25 participant=131226
装饰 公司 的 还 在 统计 ， 我 刚才 见 李淼 在 统计 了
]]></TEXT>
<TAGS>
<我 comment="default value" end="119" id="我0" start="116" text="pro" type="" />
<我 comment="default value" end="192" id="我1" start="189" text="pro" type="" />
<我 comment="default value" end="556" id="我2" start="553" text="pro" type="" />
<我 comment="default value" end="1127" id="我3" start="1124" text="pro" type="" />
<你 comment="default value" end="407" id="你0" start="404" text="pro" type="" />
<你 comment="default value" end="619" id="你1" start="616" text="pro" type="" />
<你 comment="default value" end="945" id="你2" start="942" text="pro" type="" />
<pleonastic end="355" id="p0" start="352" text="pro" type="" />
<previous_utterance comment="default value" end="668" id="pr0" start="665" text="pro" type="" />
<previous_utterance comment="default value" end="755" id="pr1" start="752" text="pro" type="" />
<previous_utterance comment="default value" end="1214" id="pr2" start="1211" text="pro" type="" />
</TAGS>
</ProTask>