<?xml version='1.0' encoding='UTF-8'?>
<ProTask>
<TEXT><![CDATA[
suid=s0 participant=137803
*pro* 在 不 ？
suid=s1 participant=137812
*pro* 干 嘛 ？
姐 ？
suid=s2 participant=137803
*OP* 你 上 次 帮 我 *PRO* 寄 *T*-1 的 成绩单 可以 查收 吗 ？？
suid=s3 participant=137812
我 知道
suid=s4 participant=137812
*pro* 还 没 收到 。。。。
suid=s5 participant=137803
啊 ？
*pro* 寄 丢 了 ？
suid=s6 participant=137812
我 明天 去 邮局 看看
suid=s7 participant=137812
*pro* 不 知道 啊
suid=s8 participant=137812
你 妈妈 说 学校 还 没 收到 。。
suid=s9 participant=137803
你 不 用 去 邮局 你 *OP* *pro* *T*-1 寄 的 时候 有没有 留下 那 张 单子 上面 有 个 号 可以 查 的
suid=s10 participant=137812
*pro* 好像 没 了
suid=s11 participant=137812
我 再 找找
suid=s12 participant=137812
*pro* 不好意思 ， 姐
suid=s13 participant=137803
*pro* 没 事 没 事 *pro* 这样 你 明天 能 不 能 帮 我 *PRO* 再 开 一 份 然后 *pro* 用 ems 寄 过来 地址 你 还 有 *T*-1 吗 ？
suid=s14 participant=137812
*pro* 没 了
suid=s15 participant=137812
关键 是 学校 的 成绩单 不 好 印
suid=s16 participant=137803
你 上 次 是 用 *OP* *T*-1 普通 的 寄 的 ？？
suid=s17 participant=137812
*pro* 不 是
suid=s18 participant=137812
*OP* *T*-1 最 快 的 那 种
suid=s19 participant=137803
*pro* 不好意思 啊 *pro* 太 麻烦 你 了
suid=s20 participant=137803
我 去 学校 问问 *pro* 到底 收到 没有 *pro* 可能 是 别的 文件 问题
suid=s21 participant=137812
这 快递 。。。
suid=s22 participant=137803
*pro* 重新 开 成绩单 很 麻烦 吗 ？
suid=s23 participant=137812
我 第一 次 打 你 的 成绩单 就 很 麻烦
suid=s24 participant=137812
那 人 死活 不 愿意
suid=s25 participant=137812
我 磨 了 她 半天
suid=s26 participant=137803
唉 …… 这些 人 真 是 …… 那 *pro* 去 找 段 老师 有用 吗 ？
suid=s27 participant=137812
*pro* 没用
suid=s28 participant=137812
他们 不 管
suid=s29 participant=137803
*pro* 好 吧 …… *pro* 如果 是 成绩单 没 寄到 *pro* 可能 还 得 麻烦 你 *PRO* 再 开 一 份 了 *pro* 不好意思 啊
suid=s30 participant=137812
恩
suid=s31 participant=137812
*pro* 没 事 ， 姐
suid=s32 participant=137803
恩 我 去 学校 了 *pro* 有 事 *pro* 给 你 留言
suid=s33 participant=137812
*pro* 好 的
]]></TEXT>
<TAGS>
<我 comment="default value" end="219" id="我0" start="216" text="pro" type="" />
<我 comment="default value" end="349" id="我1" start="346" text="pro" type="" />
<我 comment="default value" end="531" id="我2" start="528" text="pro" type="" />
<我 comment="default value" end="607" id="我3" start="604" text="pro" type="" />
<我 comment="default value" end="769" id="我4" start="766" text="pro" type="" />
<我 comment="default value" end="916" id="我5" start="913" text="pro" type="" />
<我 comment="default value" end="1003" id="我6" start="1000" text="pro" type="" />
<我 comment="default value" end="1016" id="我7" start="1013" text="pro" type="" />
<我 comment="default value" end="1526" id="我8" start="1523" text="pro" type="" />
<我 comment="default value" end="1560" id="我9" start="1557" text="pro" type="" />
<我 comment="default value" end="1631" id="我10" start="1628" text="pro" type="" />
<我 comment="default value" end="1684" id="我11" start="1681" text="pro" type="" />
<我 comment="default value" end="1694" id="我12" start="1691" text="pro" type="" />
<你 comment="default value" end="32" id="你0" start="29" text="pro" type="" />
<你 comment="default value" end="71" id="你1" start="68" text="pro" type="" />
<你 comment="default value" end="454" id="你2" start="451" text="pro" type="" />
<你 comment="default value" end="705" id="你3" start="702" text="pro" type="" />
<你 comment="default value" end="1169" id="你4" start="1166" text="pro" type="" />
<你 comment="default value" end="1371" id="你5" start="1368" text="pro" type="" />
<它 comment="default value" end="268" id="它0" start="265" text="pro" type="" />
<他们 comment="default value" end="1069" id="他们0" start="1066" text="pro" type="" />
<event comment="default value" end="1421" id="ev0" start="1418" text="pro" type="" />
<pleonastic end="650" id="p0" start="647" text="pro" type="" />
<pleonastic end="664" id="p1" start="661" text="pro" type="" />
<pleonastic end="1084" id="p2" start="1081" text="pro" type="" />
<pleonastic end="1506" id="p3" start="1503" text="pro" type="" />
<previous_utterance comment="default value" end="1493" id="pr0" start="1490" text="pro" type="" />
<previous_utterance comment="default value" end="1735" id="pr1" start="1732" text="pro" type="" />
</TAGS>
</ProTask>