<?xml version='1.0' encoding='UTF-8'?>
<ProTask>
<TEXT><![CDATA[
suid=s0 participant=138194
hi 雨浓 ， 我 准备 *PRO* 写 blog 5 了 ， *pro* 给 我 一些 feedback 吧 ， *pro* 主要 是 *pro* 问题 方面 谢谢 啦 [ 表情 ]
suid=s1 participant=138342
*pro* 好 *pro* 稍等 哈
suid=s2 participant=138194
*pro* 谢谢 雨浓 ！！ *pro* 好 的
suid=s3 participant=138342
*pro* 不 客气 哈
suid=s4 participant=138342
*OP* 这 个 blog 要求 *T*-1 的 feedback 是 不 是 还 得 " focus on your target area " *pro* 就 是 *OP* 你 学期 一 开始 订 *T*-2 的 主题 ？
你 是 啥 主题 啊 ？
suid=s5 participant=138342
*pro* 如果 说 点儿 别的 行 不 行
suid=s6 participant=138194
我 是 task-based
suid=s7 participant=138342
比如 我 说 corrective feedback 那 我 就 只 能 写 corrective feedback *pro* 是 吧
suid=s8 participant=138342
你 就 只 能 写 taskbased ?
suid=s9 participant=138342
哦 那 我 觉得 *OP* 你 需要 改进 *T*-1 的 地方 就 是 Interactive task 不 够 多
suid=s10 participant=138194
*pro* 也 不 是 但是 *pro* 主要 要 放 在 corrective feedback 上
suid=s11 participant=138342
*pro* 感觉 就是 老师 在 讲 比较 teacher centered
suid=s12 participant=138342
哦 *pro* 明白
suid=s13 participant=138194
*pro* 是 的 我 也 这么 觉得 的
suid=s14 participant=138194
我 的 mentor 也 是 这么 说 的
suid=s15 participant=138342
*pro* 别 提 了 那 天 NSC 两 个 人 去 听课 直接 把 我 骂 了 *-1 一 顿 啊
suid=s16 participant=138342
*pro* 说 我 讲 得 太 快 他们 听 不 懂
suid=s17 participant=138194
你 有 两 个 mentor ?
suid=s18 participant=138342
*pro* 不 是 *pro* 就 是 那 个 *OP* *T*-1 听课 的
suid=s19 participant=138342
*OP* *T*-1 填 表 那个
suid=s20 participant=138194
哦
suid=s21 participant=138194
*pro* 对 *pro* 就 是 针对 *OP* 你 写 *T*-1 的 你 的 问题 然后 提出 目标 还有 步骤
suid=s22 participant=138342
*pro* 明白
suid=s23 participant=138342
*pro* 多谢 了 啊
suid=s24 participant=138194
*pro* 没 事儿 *pro* 谢谢 你 哈哈
]]></TEXT>
<TAGS>
<我 comment="default value" end="101" id="我0" start="98" text="pro" type="" />
<我 comment="default value" end="198" id="我1" start="195" text="pro" type="" />
<我 comment="default value" end="444" id="我2" start="441" text="pro" type="" />
<我 comment="default value" end="784" id="我3" start="781" text="pro" type="" />
<我 comment="default value" end="849" id="我4" start="846" text="pro" type="" />
<我 comment="default value" end="918" id="我5" start="915" text="pro" type="" />
<我 comment="default value" end="1467" id="我6" start="1464" text="pro" type="" />
<我 comment="default value" end="1504" id="我7" start="1501" text="pro" type="" />
<我 comment="default value" end="1556" id="我8" start="1553" text="pro" type="" />
<我 comment="default value" end="1545" id="我9" start="1542" text="pro" type="" />
<你 comment="default value" end="64" id="你0" start="61" text="pro" type="" />
<你 comment="default value" end="160" id="你1" start="157" text="pro" type="" />
<你 comment="default value" end="250" id="你2" start="247" text="pro" type="" />
<你 comment="default value" end="1055" id="你3" start="1052" text="pro" type="" />
<他 comment="default value" end="1135" id="他0" start="1132" text="pro" type="" />
<他 comment="default value" end="1387" id="他1" start="1384" text="pro" type="" />
<它 comment="default value" end="769" id="它0" start="766" text="pro" type="" />
<pleonastic end="90" id="p0" start="87" text="pro" type="" />
<pleonastic end="364" id="p1" start="361" text="pro" type="" />
<pleonastic end="1245" id="p2" start="1242" text="pro" type="" />
<previous_utterance comment="default value" end="152" id="pr0" start="149" text="pro" type="" />
<previous_utterance comment="default value" end="213" id="pr1" start="210" text="pro" type="" />
<previous_utterance comment="default value" end="595" id="pr2" start="592" text="pro" type="" />
<previous_utterance comment="default value" end="955" id="pr3" start="952" text="pro" type="" />
<previous_utterance comment="default value" end="1235" id="pr4" start="1232" text="pro" type="" />
<previous_utterance comment="default value" end="1379" id="pr5" start="1376" text="pro" type="" />
</TAGS>
</ProTask>