<?xml version='1.0' encoding='UTF-8'?>
<ProTask>
<TEXT><![CDATA[
suid=s0 participant=135208
老乡 最好 可好 ？
小宝宝 一切 都 好 吧 ？
suid=s1 participant=135208
我 都 好 *OP* 孩子 *T*-1 小 的 时候 *pro* 会 很 累 的 *pro* 白天 之后 就 好 多 了
suid=s2 participant=136033
嗯 ， 最近 *pro* 来 北京 不 ？
suid=s3 participant=135208
我 14号 到 北京
suid=s4 participant=135208
16号 早上 *pro* 坐 飞机 去 美国
suid=s5 participant=136033
*pro* 去 美国 多久 ? *OP* *pro* *T*-1 回来 的 时候 *pro* 还 回 北京 吧 ？
suid=s6 participant=135208
*pro* 1 年 一 年 之后 回来
suid=s7 participant=136033
*pro* 进修 吗 ？
suid=s8 participant=135208
*pro* 公派 出国 1 年
suid=s9 participant=136033
14号 你 住 在 北京 哪里 ？
suid=s10 participant=135208
*pro* 出去 学习 一下
suid=s11 participant=135208
我 住 在 我 大舅子 家
suid=s12 participant=136033
*pro* 在 哪 ， *pro* 看看 *pro* 有没有 时间 我们 聚聚
suid=s13 participant=135208
*pro* 然后 再 去 国家 留学 基金委 办事
suid=s14 participant=135208
具体 地址 我 也 不 知道 *T*-1 *pro* 就 知道 他 去 接 我们 呵呵
suid=s15 participant=135208
到时候 *pro* 有 时间 我 跟 你们 联系 吧
suid=s16 participant=136033
*pro* 好 的 ， *pro* 去 美国 那 个 城市 啊 ？
suid=s17 participant=136033
就 你 一 个 人 吗 》
suid=s18 participant=135208
费城
suid=s19 participant=135208
我们 一 家 3 口
suid=s20 participant=136033
*pro* 这么 好 ， *pro* 可以 带 家属 ！
suid=s21 participant=135208
*pro* 带 家属 自己 花钱 啊
suid=s22 participant=135208
呵呵
suid=s23 participant=136033
呵呵 ， *OP* 住 的 地方 *pro* 不 用 自己 *T*-1 花钱 吧 ， 就是 交通 和 吃 自己 *T*-2 花钱 ， 呵呵 。
suid=s24 participant=135208
国家 给 我 出 生活费 *pro* 包括 *OP* *pro* 吃 *T*-1 的 *OP* *pro* *T*-2 住 的
suid=s25 participant=135208
钱 不 多 只 够 我 自己 用 的 一 家 人 去 的话 *pro* 得 自己 补 点
suid=s26 participant=136033
*pro* 不错 ， 我 去 过 纽约 ， *pro* 很 好 。
*pro* 待 一 年 *pro* 估计 你 就 不 想 *PRO* 回来 了 。
suid=s27 participant=135208
你 什么 时候 去 的 ？
*pro* 带 了 多 长 时间 ？
suid=s28 participant=135208
费城 离 纽约 很 近
suid=s29 participant=136033
我 是 去年 去 的 ， 待 了 6 天
suid=s30 participant=135208
*pro* 今年 要是 再 去 那边 *pro* 告诉 我 *pro* 有 时间 *pro* 到 我 那里 逛逛
suid=s31 participant=136033
*pro* 好 的 ， 呵呵
]]></TEXT>
<TAGS>
<我 comment="default value" end="112" id="我0" start="109" text="pro" type="" />
<我 comment="default value" end="126" id="我1" start="123" text="pro" type="" />
<我 comment="default value" end="267" id="我2" start="264" text="pro" type="" />
<我 comment="default value" end="395" id="我3" start="392" text="pro" type="" />
<我 comment="default value" end="482" id="我4" start="479" text="pro" type="" />
<我 comment="default value" end="571" id="我5" start="568" text="pro" type="" />
<我 comment="default value" end="668" id="我6" start="665" text="pro" type="" />
<我 comment="default value" end="724" id="我7" start="721" text="pro" type="" />
<我 comment="default value" end="799" id="我8" start="796" text="pro" type="" />
<我 comment="default value" end="1136" id="我9" start="1133" text="pro" type="" />
<我 comment="default value" end="1341" id="我10" start="1338" text="pro" type="" />
<我 comment="default value" end="1362" id="我11" start="1359" text="pro" type="" />
<我 comment="default value" end="1436" id="我12" start="1433" text="pro" type="" />
<我 comment="default value" end="1525" id="我13" start="1522" text="pro" type="" />
<你 comment="default value" end="180" id="你0" start="177" text="pro" type="" />
<你 comment="default value" end="310" id="你1" start="307" text="pro" type="" />
<你 comment="default value" end="331" id="你2" start="328" text="pro" type="" />
<你 comment="default value" end="351" id="你3" start="348" text="pro" type="" />
<你 comment="default value" end="442" id="你4" start="439" text="pro" type="" />
<你 comment="default value" end="854" id="你5" start="851" text="pro" type="" />
<你 comment="default value" end="917" id="你6" start="914" text="pro" type="" />
<你 comment="default value" end="1092" id="你7" start="1089" text="pro" type="" />
<你 comment="default value" end="1231" id="你8" start="1228" text="pro" type="" />
<你 comment="default value" end="1513" id="你9" start="1510" text="pro" type="" />
<你 comment="default value" end="1597" id="你10" start="1594" text="pro" type="" />
<你 comment="default value" end="1733" id="你11" start="1730" text="pro" type="" />
<你 comment="default value" end="1752" id="你12" start="1749" text="pro" type="" />
<你 comment="default value" end="1763" id="你13" start="1760" text="pro" type="" />
<你 comment="default value" end="1774" id="你14" start="1771" text="pro" type="" />
<它 comment="default value" end="656" id="它0" start="653" text="pro" type="" />
<它 comment="default value" end="1327" id="它1" start="1324" text="pro" type="" />
<它 comment="default value" end="1501" id="它2" start="1498" text="pro" type="" />
<我们 comment="default value" end="677" id="我们0" start="674" text="pro" type="" />
<pleonastic end="1079" id="p0" start="1076" text="pro" type="" />
<pleonastic end="1479" id="p1" start="1476" text="pro" type="" />
<previous_utterance comment="default value" end="905" id="pr0" start="902" text="pro" type="" />
<previous_utterance comment="default value" end="1818" id="pr1" start="1815" text="pro" type="" />
</TAGS>
</ProTask>