<?xml version='1.0' encoding='UTF-8'?>
<ProTask>
<TEXT><![CDATA[
suid=s0 participant=131226
孟娇
suid=s1 participant=131226
你 让 彭明伟 *PRO* 上 我 办公室
suid=s2 participant=134108
*pro* 不 在 啊
suid=s3 participant=131226
哦 ， *pro* 那 算了 。
*pro* 谢谢 你
suid=s4 participant=131226
这 次 你 回复 得 蛮 快
suid=s5 participant=134108
嘿嘿 今天 卫生 不 是 很 脏
suid=s6 participant=134108
还有 昨天 *pro* 问 清楚 了 1 3 6 7
suid=s7 participant=134108
瑜伽
suid=s8 participant=134108
1 3 是 晚上
suid=s9 participant=131226
1 3 6 7 是 什么
suid=s10 participant=131226
*pro* 一 周 四 天 课 ？
suid=s11 participant=134108
6 7 是 下午
suid=s12 participant=134108
2 4 5 肚皮 舞
suid=s13 participant=131226
2 4 5 是 什么 ？
suid=s14 participant=131226
我 肯定 是 每 天 晚上
suid=s15 participant=131226
2 4 5 是 晚上 吗
suid=s16 participant=134108
*pro* 过 两 天 *pro* 还 有 爵士 舞
suid=s17 participant=134108
*pro* 是 啊
suid=s18 participant=134108
我 都 是 晚上
suid=s19 participant=134108
周五 晚上 *pro* 没有
suid=s20 participant=131226
爵士 舞 不错
suid=s21 participant=131226
我 也 想 *PRO* 学
suid=s22 participant=134108
呵呵 *pro* 过 段 时间 *pro* 就 开课
suid=s23 participant=131226
你 给 我 总结 下
suid=s24 participant=134108
1 3 晚上 瑜伽 2 4 晚上 肚皮
suid=s25 participant=131226
*pro* 每 天 晚上 都 有 什么
suid=s26 participant=131226
刚才 我 看乱 了
suid=s27 participant=134108
*pro* 5 休息
suid=s28 participant=134108
6 7 都 是 下午 的 课
suid=s29 participant=131226
*pro* 这样 的话 *pro* 晚上 一 周 就 4 天 课
suid=s30 participant=131226
另外 ， 晚上 是 几点 到 几点 ？
suid=s31 participant=134108
6.20 - 7.20
suid=s32 participant=134108
*pro* 过 段 时间 *pro* 可能 改 时间
suid=s33 participant=134108
那 *pro* 就 就 不 清楚 了
suid=s34 participant=134108
一月 280 3月 580
suid=s35 participant=134108
你 可以 去 试课
suid=s36 participant=134108
我 昨天 试课
suid=s37 participant=131226
*pro* 昨天 试 的 什么 ？
suid=s38 participant=134108
瑜伽
suid=s39 participant=131226
*pro* 在 具体 什么 位置
suid=s40 participant=134108
*pro* 中天 步行街 南头 右边 路口 进去 *pro* 365
suid=s41 participant=134108
365 舞蹈 室 在 二 楼 一 楼 是 化妆品
suid=s42 participant=134108
对面 是 书店
suid=s43 participant=131226
恩 。
我 要是 骑 自行车 去 ， *pro* 放 哪 呀 ？
suid=s44 participant=131226
*pro* 离 我 家 确实 有点 远
suid=s45 participant=134108
*pro* 晕 店 门口
suid=s46 participant=134108
一 楼 有 人
suid=s47 participant=131226
我 的 自行车 很 小 ， *pro* 还 虾轻 ， 别人 一 搬 就 走
suid=s48 participant=131226
*OP* 你 体验 *T*-1 的 感受 是 什么 ？
suid=s49 participant=134108
*pro* 还 行
suid=s50 participant=134108
*OP* *T*-1 最 大 的 感觉 就 是 *pro* 平时 他 缺乏 锻炼 了
suid=s51 participant=134108
*pro* 还有 就 是 侠客 好 快 啊
suid=s52 participant=134108
*pro* 下课 好 快
suid=s53 participant=131226
*pro* 意犹未尽
suid=s54 participant=134108
额 *pro* 可以 那么 说
suid=s55 participant=131226
你 报完 名 了 ？
suid=s56 participant=131226
你 家 离 那里 近 吗 ？
suid=s57 participant=134108
*pro* 不 近
suid=s58 participant=134108
我 在 哪 学 *pro* 都 不 近
suid=s59 participant=131226
老师 教 得 好 吗
suid=s60 participant=131226
*OP* *T*-1 学 的 人 多 么 ？
suid=s61 participant=134108
昨天 瑜伽 人 不 多
suid=s62 participant=134108
肚皮 舞 我 那 天 看 *pro* 有 8 个
suid=s63 participant=131226
我 希望 人 少 点
suid=s64 participant=131226
我 不 喜欢 人 多
suid=s65 participant=134108
*pro* 晕 除了 *pro* 上 小 课 哪 有 *OP* 人 *T*-1 少 的
suid=s66 participant=131226
小彭 在 吗
suid=s67 participant=134108
*pro* 在 啊
suid=s68 participant=131226
你 给 小彭 说 *pro* 什么 时候 去 ？
suid=s69 participant=131226
费用 已经 签完
suid=s70 participant=131226
他 懂
]]></TEXT>
<TAGS>
<我 comment="default value" end="154" id="我0" start="151" text="pro" type="" />
<我 comment="default value" end="297" id="我1" start="294" text="pro" type="" />
<我 comment="default value" end="452" id="我2" start="449" text="pro" type="" />
<我 comment="default value" end="1703" id="我3" start="1700" text="pro" type="" />
<我 comment="default value" end="3027" id="我4" start="3024" text="pro" type="" />
<我 comment="default value" end="1735" id="我5" start="1732" text="pro" type="" />
<我 comment="default value" end="167" id="我6" start="164" text="pro" type="" />
<我 comment="default value" end="753" id="我7" start="750" text="pro" type="" />
<你 comment="default value" end="1748" id="你0" start="1745" text="pro" type="" />
<你 comment="default value" end="2619" id="你1" start="2616" text="pro" type="" />
<你 comment="default value" end="3074" id="你2" start="3071" text="pro" type="" />
<你 comment="default value" end="1763" id="你3" start="1760" text="pro" type="" />
<他 comment="default value" end="154" id="他0" start="151" text="pro" type="" />
<它 comment="default value" end="2009" id="它0" start="2006" text="pro" type="" />
<它 comment="default value" end="2100" id="它1" start="2097" text="pro" type="" />
<它 comment="default value" end="2270" id="它2" start="2267" text="pro" type="" />
<它 comment="default value" end="2802" id="它3" start="2799" text="pro" type="" />
<它 comment="default value" end="1177" id="它4" start="1174" text="pro" type="" />
<existential comment="default value" end="710" id="e0" start="707" text="pro" type="" />
<existential comment="default value" end="834" id="e1" start="831" text="pro" type="" />
<existential comment="default value" end="965" id="e2" start="962" text="pro" type="" />
<existential comment="default value" end="1421" id="e3" start="1418" text="pro" type="" />
<existential comment="default value" end="2408" id="e4" start="2405" text="pro" type="" />
<existential comment="default value" end="2931" id="e5" start="2928" text="pro" type="" />
<generic comment="default value" end="1919" id="g0" start="1916" text="pro" type="" />
<pleonastic end="710" id="p1" start="707" text="pro" type="" />
<pleonastic end="1259" id="p3" start="1256" text="pro" type="" />
<pleonastic end="1271" id="p4" start="1268" text="pro" type="" />
<pleonastic end="1408" id="p5" start="1405" text="pro" type="" />
<pleonastic end="1465" id="p7" start="1462" text="pro" type="" />
<pleonastic end="1626" id="p8" start="1623" text="pro" type="" />
<pleonastic end="1773" id="p9" start="1770" text="pro" type="" />
<pleonastic end="2208" id="p10" start="2205" text="pro" type="" />
<pleonastic end="2367" id="p11" start="2364" text="pro" type="" />
<pleonastic end="2449" id="p12" start="2446" text="pro" type="" />
<pleonastic end="2573" id="p13" start="2570" text="pro" type="" />
<pleonastic end="2920" id="p14" start="2917" text="pro" type="" />
<pleonastic end="1091" id="p0" start="1088" text="pro" type="" />
<previous_utterance comment="default value" end="2317" id="pr0" start="2314" text="pro" type="" />
<previous_utterance comment="default value" end="952" id="pr1" start="949" text="pro" type="" />
<other comment="default value" end="1961" id="o0" start="1958" text="pro" type="unsure" />
</TAGS>
</ProTask>