<?xml version='1.0' encoding='UTF-8'?>
<ProTask>
<TEXT><![CDATA[
suid=s0 participant=135208
邱 *pro* 有 人 说 国内 驾照 *pro* 公正 之后 就 可以 在 美国 领 一 个 临时 驾照 *pro* 不 知道 *pro* 是否 属实
suid=s1 participant=136366
*pro* 属实
suid=s2 participant=135208
*pro* 好
suid=s3 participant=135208
*pro* 没 睡 呢 ？
suid=s4 participant=136366
*pro* 正 要 睡 呢
suid=s5 participant=135208
我 最近 在 找 房子 费城 得 1000
suid=s6 participant=135208
*pro* 也 比较 贵
suid=s7 participant=135208
*pro* *pro* 今天 中午 吃饭 时 见到 你 媳妇 了 他 说 你 在 那边 比较 忙 *pro* 怎么样 ？
*pro* 都 不如 正轨 啦 吧
suid=s8 participant=135208
*pro* 是 啊 *OP* 你 租 *T*-1 的 是 *OP* *T*-2 多 大 的 多少 钱 ？
suid=s9 participant=136366
*pro* 的了 ， 哥 ， 俺 睡 了
suid=s10 participant=135208
*pro* 好 的
suid=s11 participant=135208
*pro* 改天 再 聊
suid=s12 participant=136366
*pro* 不 知道 *pro* 多 大 ， *pro* share 的 ， 两 室 一 厅
suid=s13 participant=136366
我 住 次卧
suid=s14 participant=136366
600
suid=s15 participant=135208
哦
suid=s16 participant=135208
*pro* 睡 吧 good night ！！！
suid=s17 participant=136366
*pro* 好 的 ， *pro* 确实 困 了
suid=s18 participant=136366
改天
]]></TEXT>
<TAGS>
<我 comment="default value" end="86" id="我0" start="83" text="pro" type="" />
<我 comment="default value" end="248" id="我1" start="245" text="pro" type="" />
<我 comment="default value" end="378" id="我2" start="375" text="pro" type="" />
<我 comment="default value" end="384" id="我3" start="381" text="pro" type="" />
<我 comment="default value" end="692" id="我4" start="689" text="pro" type="" />
<我 comment="default value" end="929" id="我5" start="926" text="pro" type="" />
<你 comment="default value" end="207" id="你0" start="204" text="pro" type="" />
<你 comment="default value" end="427" id="你1" start="424" text="pro" type="" />
<你 comment="default value" end="864" id="你2" start="861" text="pro" type="" />
<它 comment="default value" end="52" id="它0" start="49" text="pro" type="" />
<它 comment="default value" end="97" id="它1" start="94" text="pro" type="" />
<它 comment="default value" end="136" id="它2" start="133" text="pro" type="" />
<它 comment="default value" end="338" id="它3" start="335" text="pro" type="" />
<它 comment="default value" end="703" id="它4" start="700" text="pro" type="" />
<我们 comment="default value" end="439" id="我们0" start="436" text="pro" type="" />
<我们 comment="default value" end="651" id="我们1" start="648" text="pro" type="" />
<我们 comment="default value" end="715" id="我们2" start="712" text="pro" type="" />
<existential comment="default value" end="34" id="e0" start="31" text="pro" type="" />
<previous_utterance comment="default value" end="172" id="pr0" start="169" text="pro" type="" />
<previous_utterance comment="default value" end="484" id="pr1" start="481" text="pro" type="" />
<previous_utterance comment="default value" end="564" id="pr2" start="561" text="pro" type="" />
<previous_utterance comment="default value" end="613" id="pr3" start="610" text="pro" type="" />
<previous_utterance comment="default value" end="917" id="pr4" start="914" text="pro" type="" />
</TAGS>
</ProTask>