<?xml version='1.0' encoding='UTF-8'?>
<ProTask>
<TEXT><![CDATA[
suid=s0 participant=135893
我 要 买 套鞋 ！！！
suid=s1 participant=131228
??? 什么 东东 ？
suid=s2 participant=135893
*pro* 就 是 雨鞋 的 意思 ， 鞋 都 湿 了 ， 脚 好 冷 啊 ！！！
suid=s3 participant=131228
哦 ， 现在 雨靴 都 可 好看 了 呢 。。
suid=s4 participant=135893
*pro* 是 呀 *pro* 是 呀 ， 而且 *pro* 还 不 贵 ！
suid=s5 participant=131228
恩恩 ， 咱 一块 上网 买 吧 。。
suid=s6 participant=135893
*pro* 好 呀 *pro* 好 呀 ， 我 就 是 这 个 意思 ~
suid=s7 participant=131228
嗯
suid=s8 participant=135893
脚 说 它 快 冻死 了 ！！！
suid=s9 participant=131228
嘿嘿 ， 我 替 你 给 她 说 对不起 哈
suid=s10 participant=135893
如果 对不起 有用 的话 *pro* 要 警察 干 吗 ！！！
suid=s11 participant=131228
*pro* 起码 得 意思 意思 啊
suid=s12 participant=135893
*pro* 对 鸟 ， 因为 脚 太 湿 *pro* 没 给 你 买 指甲油 …
suid=s13 participant=131228
*pro* 没 事
suid=s14 participant=135893
擦嘞 ， 渣渣 帮 我 *PRO* 说话 了 ！！！
suid=s15 participant=131228
谁 ？
suid=s16 participant=135893
……
suid=s17 participant=135893
*pro* 不 记得 *pro* 就 算嘞 …
suid=s18 participant=131228
182 ？
suid=s19 participant=135893
*pro* 不 是 … 那 个 渣渣 居然 就 这么 下 了 ！！！
suid=s20 participant=131228
哪个 呀 ？？
suid=s21 participant=135893
*pro* 算了 ， *pro* 不 提 了 ， *pro* 一 提 *pro* 就 生气 ！
suid=s22 participant=131228
靠
suid=s23 participant=135893
陆凯 也 跟 我 说话 来着 …
suid=s24 participant=131228
陆凯 是 谁 啊
suid=s25 participant=135893
*OP* *T*-1 坐 我 前面 的 大叔 …
suid=s26 participant=131228
哦 。。
suid=s27 participant=135893
所以 你 有 看 雨鞋 不 ？
suid=s28 participant=131228
没 。。 我 正 视频 呢
suid=s29 participant=135893
*pro* 好 吧 ， 那 我 不 吵 你 ~
suid=s30 participant=131228
你 带 pad 了 ？
]]></TEXT>
<TAGS>
<我 comment="default value" end="111" id="我0" start="108" text="pro" type="" />
<我 comment="default value" end="708" id="我1" start="705" text="pro" type="" />
<我 comment="default value" end="1049" id="我2" start="1046" text="pro" type="" />
<我 comment="default value" end="1060" id="我3" start="1057" text="pro" type="" />
<我 comment="default value" end="1074" id="我4" start="1071" text="pro" type="" />
<我 comment="default value" end="1084" id="我5" start="1081" text="pro" type="" />
<你 comment="default value" end="592" id="你0" start="589" text="pro" type="" />
<你 comment="default value" end="864" id="你1" start="861" text="pro" type="" />
<你 comment="default value" end="875" id="你2" start="872" text="pro" type="" />
<她 comment="default value" end="660" id="她0" start="657" text="pro" type="" />
<它们 comment="default value" end="256" id="它们0" start="253" text="pro" type="" />
<generic comment="default value" end="545" id="g0" start="542" text="pro" type="" />
<previous_utterance comment="default value" end="231" id="pr0" start="228" text="pro" type="" />
<previous_utterance comment="default value" end="241" id="pr1" start="238" text="pro" type="" />
<previous_utterance comment="default value" end="344" id="pr2" start="341" text="pro" type="" />
<previous_utterance comment="default value" end="354" id="pr3" start="351" text="pro" type="" />
<previous_utterance comment="default value" end="639" id="pr4" start="636" text="pro" type="" />
<previous_utterance comment="default value" end="950" id="pr5" start="947" text="pro" type="" />
<previous_utterance comment="default value" end="1409" id="pr6" start="1406" text="pro" type="" />
</TAGS>
</ProTask>