<?xml version='1.0' encoding='UTF-8'?>
<ProTask>
<TEXT><![CDATA[
suid=s0 participant=135893
*pro* 可以 的
suid=s1 participant=131228
我 今天 果真 运势 不 好 ， 我 去 了 两 家 店 ， *pro* 都 说 *pro* 不 参加 团购 ， *pro* 气死 我 了
suid=s2 participant=135893
。。。 我 都 吃掉 了
suid=s3 participant=131228
*pro* 能 退 吗 ／
suid=s4 participant=135893
*pro* 退 *pro* 不 能 退 诶
suid=s5 participant=131228
那 你 把 网址 给 我 发 过来 *-1 行 吗 ？
suid=s6 participant=135893
如果 你 要 退 的话 *pro* 就 给 我 吧
suid=s7 participant=131228
， 我 就是 问问
suid=s8 participant=131228
我 今天 快 累死 了 ， 我 回到 宿舍 *pro* 都 7点30 了 ， 脚 都 要 废 了 。。
suid=s9 participant=135893
鞋 太 高 。。。
suid=s10 participant=131228
*pro* 主要 是 *OP* *pro* *T*-1 走 的 时间 太 长 了 ， *pro* 6 *RNR*-2 . 7 个 小时 呢
suid=s11 participant=135893
*pro* 是 的
suid=s12 participant=131228
我 的 绩点 *pro* 给 我 打错 了 。。
suid=s13 participant=135893
*pro* 咋 啦 ？
suid=s14 participant=131228
ps 的 绩点 *pro* 给 我 少 打 了 0.7 分
suid=s15 participant=135893
*pro* 可以 改 不 啦 ？
suid=s16 participant=131228
*pro* 不 知道 啊 ， 我 刚才 问 贺 ， 她 还 没 回复 我 ，
suid=s17 participant=131228
*pro* 明天 正好 在 设计 学院 上课 ， *pro* 不 行 我 就 直接 去 找 游
suid=s18 participant=135893
那 你 现在 平均 是 多少 ？
suid=s19 participant=131228
2.9
suid=s20 participant=135893
那 *pro* 加上 *pro* 就 有 3 了
suid=s21 participant=131228
嗯
suid=s22 participant=135893
*pro* 擦 勒 ， 那 个 该死 的 鱼群 甩手 不 干 了 ， 然后 我 舅公 还 急着 要 ， *pro* 悲剧 了 。。。
suid=s23 participant=131228
我 摄影 85 ， 他 给 我 3.7 ， ps 86 ， 他 却 给 我 3
suid=s24 participant=135893
。。。
suid=s25 participant=131228
他 为什么 不 干 了 啊 ？
suid=s26 participant=135893
他 有 别的 项目 要 接 而 我 也 不 确定 *pro* 能 给 他 多少 。。。
suid=s27 participant=135893
你 兄弟 姐妹 里 有 大三 的 吗 ？
*pro* 帮 我 *PRO* 问问 啊
suid=s28 participant=131228
*pro* 有 大二 和 大四 的 ， 就是 没 大三 的
suid=s29 participant=135893
大四 的 也 行 ， *pro* 让 她 *PRO* 帮 我 *PRO* 问问 啊
suid=s30 participant=131228
她 都 不 怎么 在 学校 啊 。。
suid=s31 participant=131228
我 问问 看 吧 ， 我 还 没 她 号
suid=s32 participant=135893
。。。 *pro* 好 嘞 ， *pro* 麻烦 你 了
suid=s33 participant=131228
明天 晚上 你 姐姐 来 找 你 *pro* 是 吧
suid=s34 participant=135893
*pro* 是 的
suid=s35 participant=131228
我 格 有 西树 *pro* 对 吧
suid=s36 participant=135893
*pro* 对 的
suid=s37 participant=131228
明天 *pro* 去 我 格 拿
suid=s38 participant=135893
*pro* 好 的
suid=s39 participant=131228
我 应该 怎么 问 她 呢 ？
suid=s40 participant=135893
*pro* 问 她 有没有 *OP* *T*-1 比较 闲 的 ， 会 3D MAXPS ， 帮忙 *PRO* 做 效果 图 ， *pro* 有 报酬 但 *pro* 要 看 成品 定
suid=s41 participant=135893
*pro* 先 去 洗澡 啦
]]></TEXT>
<TAGS>
<我 comment="default value" end="101" id="我0" start="98" text="pro" type="" />
<我 comment="default value" end="111" id="我1" start="108" text="pro" type="" />
<我 comment="default value" end="248" id="我2" start="245" text="pro" type="" />
<我 comment="default value" end="256" id="我3" start="253" text="pro" type="" />
<我 comment="default value" end="559" id="我4" start="556" text="pro" type="" />
<我 comment="default value" end="891" id="我5" start="888" text="pro" type="" />
<我 comment="default value" end="1194" id="我6" start="1191" text="pro" type="" />
<我 comment="default value" end="1246" id="我7" start="1243" text="pro" type="" />
<我 comment="default value" end="1458" id="我8" start="1455" text="pro" type="" />
<我 comment="default value" end="1575" id="我9" start="1572" text="pro" type="" />
<我 comment="default value" end="1815" id="我10" start="1812" text="pro" type="" />
<我 comment="default value" end="2282" id="我11" start="2279" text="pro" type="" />
<我 comment="default value" end="575" id="我12" start="572" text="pro" type="" />
<你 comment="default value" end="32" id="你0" start="29" text="pro" type="" />
<你 comment="default value" end="207" id="你1" start="204" text="pro" type="" />
<你 comment="default value" end="364" id="你2" start="361" text="pro" type="" />
<你 comment="default value" end="1113" id="你3" start="1110" text="pro" type="" />
<你 comment="default value" end="1526" id="你4" start="1523" text="pro" type="" />
<你 comment="default value" end="1644" id="你5" start="1641" text="pro" type="" />
<你 comment="default value" end="2161" id="你7" start="2158" text="pro" type="" />
<她 comment="default value" end="958" id="她0" start="955" text="pro" type="" />
<她 comment="default value" end="2037" id="她1" start="2034" text="pro" type="" />
<它 comment="default value" end="127" id="它0" start="124" text="pro" type="" />
<它 comment="default value" end="602" id="它1" start="599" text="pro" type="" />
<它 comment="default value" end="1122" id="它2" start="1119" text="pro" type="" />
<他们 comment="default value" end="702" id="他们0" start="699" text="pro" type="" />
<他们 comment="default value" end="748" id="他们1" start="745" text="pro" type="" />
<他们 comment="default value" end="796" id="他们2" start="793" text="pro" type="" />
<他们 comment="default value" end="846" id="他们3" start="843" text="pro" type="" />
<他们 comment="default value" end="2239" id="他们4" start="2236" text="pro" type="" />
<existential comment="default value" end="2226" id="e0" start="2223" text="pro" type="" />
<pleonastic end="464" id="p0" start="461" text="pro" type="" />
<pleonastic end="983" id="p1" start="980" text="pro" type="" />
<previous_utterance comment="default value" end="657" id="pr0" start="654" text="pro" type="" />
<previous_utterance comment="default value" end="1803" id="pr1" start="1800" text="pro" type="" />
<previous_utterance comment="default value" end="1873" id="pr2" start="1870" text="pro" type="" />
<previous_utterance comment="default value" end="1911" id="pr3" start="1908" text="pro" type="" />
<previous_utterance comment="default value" end="1958" id="pr4" start="1955" text="pro" type="" />
<previous_utterance comment="default value" end="1996" id="pr5" start="1993" text="pro" type="" />
<previous_utterance comment="default value" end="2079" id="pr6" start="2076" text="pro" type="" />
</TAGS>
</ProTask>