<?xml version='1.0' encoding='UTF-8'?>
<ProTask>
<TEXT><![CDATA[
suid=s0 participant=131623
媛 姐 。
咱们 部 有 啥 优秀 组织者 的 那 个 奖 么 ？
suid=s1 participant=132664
*pro* 为什么 会 有 这 个 奖 ?
suid=s2 participant=132664
[ 表情 ] 我 大一 时 没有 啊
suid=s3 participant=131623
*pro* 就 是 别的 部门 都 有 。。 现在 *pro* 让 *pro* 统计 的 [ 表情 ]
suid=s4 participant=132664
*pro* 是 吗 ， 我 问 下 。
suid=s5 participant=132664
元旦 晚会 的 吗
suid=s6 participant=132664
嗯 ? 这 和 元旦 晚会 没 关系 啊 ， *pro* 是 *OP* 你们 平时 参与 *T*-1 的 活动
suid=s7 participant=132664
哪 个 部门 有 ?
suid=s8 participant=131623
恩恩 。。 *OP* 咱们 部 主办 *T*-1 的 活动 也 有 优秀 组织 奖 么 ？
suid=s9 participant=131623
秘书处 。。 体育部 都 有 啊
suid=s10 participant=132664
我 问 下 。
suid=s11 participant=131623
恩恩 。
suid=s12 participant=132664
秘书处 说 *pro* 没有 ， 因为 他们 没有 活动
suid=s13 participant=131623
[ 表情 ] *pro* 好 吧 。。 媛 姐 。。 咱们 也 是 么有 么 ？
suid=s14 participant=132664
体育部 的 那样 做 是 违规 的 ， 事后 主席团 才 知道 的 。
suid=s15 participant=131623
恩恩 。。 我 以为 每 个 部门 都 有 呢 。。 *pro* 刚刚 在 *OP* *pro* *T*-1 统计 班 里 的 时候 才 知道 的 [ 表情 ]
suid=s16 participant=132664
我 问 一下 *pro* 辛苦 两 个 活动 了 ， *pro* 能否 发 张 证书 。
suid=s17 participant=131623
*pro* 没 事 。
媛 姐 。。 别 问 了 。
suid=s18 participant=132664
*pro* 给 大家 争取 一下
suid=s19 participant=132664
*pro* 没 事 ， 我 问问 就 是 了
suid=s20 participant=131623
*pro* 太 麻烦 了 。
媛 姐 。
体育部 违规 咱们 不 能 违规 啊 [ 表情 ]
suid=s21 participant=132664
我 先 申请 下 ， *pro* 不 叫 违规 哈 !
suid=s22 participant=132664
*OP* *pro* 该 给 你们 争取 *T*-1 的 *pro* 争取 *T*-2
suid=s23 participant=131623
[ 表情 ] *pro* 好 吧 。
媛 姐 别 太 费事 了 。。
suid=s24 participant=132664
*pro* 好 啦 ， *pro* 早点 休息 吧 ！
suid=s25 participant=131623
恩恩 。
*pro* 知道 啦 。
媛 姐 [ 表情 ]
suid=s26 participant=131623
*pro* 安 啦 媛 姐
]]></TEXT>
<TAGS>
<我 comment="default value" end="222" id="我0" start="219" text="pro" type="" />
<我 comment="default value" end="876" id="我1" start="873" text="pro" type="" />
<我 comment="default value" end="892" id="我2" start="889" text="pro" type="" />
<我 comment="default value" end="1086" id="我3" start="1083" text="pro" type="" />
<我 comment="default value" end="1318" id="我4" start="1315" text="pro" type="" />
<我 comment="default value" end="1509" id="我5" start="1506" text="pro" type="" />
<我 comment="default value" end="1342" id="我6" start="1339" text="pro" type="" />
<你 comment="default value" end="1460" id="你0" start="1457" text="pro" type="" />
<你 comment="default value" end="1561" id="你1" start="1558" text="pro" type="" />
<我们 comment="default value" end="93" id="我们0" start="90" text="pro" type="" />
<我们 comment="default value" end="985" id="我们1" start="982" text="pro" type="" />
<我们 comment="default value" end="965" id="我们2" start="962" text="pro" type="" />
<他们 comment="default value" end="214" id="他们0" start="211" text="pro" type="" />
<他们 comment="default value" end="665" id="他们1" start="662" text="pro" type="" />
<event comment="default value" end="1182" id="ev0" start="1179" text="pro" type="" />
<event comment="default value" end="1268" id="ev1" start="1265" text="pro" type="" />
<pleonastic end="188" id="p0" start="185" text="pro" type="" />
<pleonastic end="374" id="p1" start="371" text="pro" type="" />
<pleonastic end="1031" id="p2" start="1028" text="pro" type="" />
<pleonastic end="1131" id="p3" start="1128" text="pro" type="" />
<previous_utterance comment="default value" end="267" id="pr0" start="264" text="pro" type="" />
<previous_utterance comment="default value" end="723" id="pr1" start="720" text="pro" type="" />
<previous_utterance comment="default value" end="1392" id="pr2" start="1389" text="pro" type="" />
<previous_utterance comment="default value" end="1448" id="pr3" start="1445" text="pro" type="" />
</TAGS>
</ProTask>