<?xml version='1.0' encoding='UTF-8'?>
<ProTask>
<TEXT><![CDATA[
suid=s0 participant=134013
*pro* 在 吗 ？
suid=s1 participant=136581
你 好
suid=s2 participant=134013
你 好 ！
*pro* 问 你 一下 ， 工商证 什么 时间 *pro* 去 领 *T*-1 呀 ？
suid=s3 participant=136581
3月 中旬 成绩 差 了 吗
suid=s4 participant=136581
查
suid=s5 participant=134013
*pro* 查 了
suid=s6 participant=136581
恩恩 那 *pro* 就 等 着 吧 我 会 通知 你 的
suid=s7 participant=134013
*pro* 好 的 ， *pro* 谢谢
suid=s8 participant=134013
68 分 过 了 吗 ？
suid=s9 participant=136581
高级 还是 中级 ？
suid=s10 participant=136581
高级 的 分数线 是 75 分 中级 60
suid=s11 participant=134013
*pro* 就 是 *OP* *T*-1 顶 自考 的 那个
suid=s12 participant=136581
*pro* 对
suid=s13 participant=134013
*pro* 是 中级 还是 高级 呀 ？
suid=s14 participant=136581
*OP* 你 考 *T*-1 的 是 本科 段 吗
suid=s15 participant=136581
那 就 是 高级
suid=s16 participant=134013
哦
suid=s17 participant=136581
恩恩
suid=s18 participant=134013
68 分 就 是 没 过 了 ？
suid=s19 participant=134013
*pro* 那 怎么 ， 什么 时候 *pro* 再 考 ？
suid=s20 participant=134013
*OP* *T*-1 没 过 的 怎么办 ， 还 能 补考 吗 ？
suid=s21 participant=136581
恩恩 *pro* 可以 补考 6月份
suid=s22 participant=136581
*pro* 一 年 就 考 两 次 6 12月份
suid=s23 participant=136581
*pro* 3月份 报名
suid=s24 participant=136581
补考 费 200 元
suid=s25 participant=134013
哦
suid=s26 participant=136581
*pro* 需要 把 你 的 资料 身份证 复印件 和 一 寸 两 寸 各 两 张
suid=s27 participant=134013
哦
suid=s28 participant=134013
什么 时间 *pro* 给 你
suid=s29 participant=136581
*pro* 下 周 吧
suid=s30 participant=134013
哦
suid=s31 participant=134013
到时候 *pro* 让 我 女 朋友 *PRO* 给 你 送 过去 吧 ， 我 在 外地
suid=s32 participant=136581
*pro* 好 的
suid=s33 participant=134013
张志翔
suid=s34 participant=134013
这 次 的 过关率 怎么样 ？
suid=s35 participant=136581
*pro* 挺 高 的 90%
suid=s36 participant=134013
哦
suid=s37 participant=134013
那 到 *OP* *pro* *T*-1 报名 的 时候 *pro* 通知 我 一下 吧
suid=s38 participant=134013
*pro* 谢谢
]]></TEXT>
<TAGS>
<我 comment="default value" end="32" id="我0" start="29" text="pro" type="" />
<我 comment="default value" end="108" id="我1" start="105" text="pro" type="" />
<我 comment="default value" end="133" id="我2" start="130" text="pro" type="" />
<我 comment="default value" end="357" id="我4" start="354" text="pro" type="" />
<我 comment="default value" end="617" id="我5" start="614" text="pro" type="" />
<我 comment="default value" end="863" id="我6" start="860" text="pro" type="" />
<我 comment="default value" end="1300" id="我8" start="1297" text="pro" type="" />
<我 comment="default value" end="1742" id="我9" start="1739" text="pro" type="" />
<我 comment="default value" end="251" id="我7" start="248" text="pro" type="" />
<我 comment="default value" end="1412" id="我10" start="1409" text="pro" type="" />
<你 comment="default value" end="293" id="你0" start="290" text="pro" type="" />
<你 comment="default value" end="1194" id="你2" start="1191" text="pro" type="" />
<你 comment="default value" end="1338" id="你3" start="1335" text="pro" type="" />
<你 comment="default value" end="1698" id="你4" start="1695" text="pro" type="" />
<它 comment="default value" end="522" id="它0" start="519" text="pro" type="" />
<它 comment="default value" end="1595" id="它1" start="1592" text="pro" type="" />
<generic comment="default value" end="882" id="g0" start="879" text="pro" type="" />
<generic comment="default value" end="987" id="g1" start="984" text="pro" type="" />
<generic comment="default value" end="1031" id="g2" start="1028" text="pro" type="" />
<generic comment="default value" end="1084" id="g3" start="1081" text="pro" type="" />
<generic comment="default value" end="1678" id="g4" start="1675" text="pro" type="" />
<previous_utterance comment="default value" end="345" id="pr0" start="342" text="pro" type="" />
<previous_utterance comment="default value" end="581" id="pr1" start="578" text="pro" type="" />
<previous_utterance comment="default value" end="1481" id="pr2" start="1478" text="pro" type="" />
</TAGS>
</ProTask>