<?xml version='1.0' encoding='UTF-8'?>
<ProTask>
<TEXT><![CDATA[
suid=s0 participant=134167
师兄 ， *pro* 有 时间 的话 ， 我 想 *PRO* 跟 你 请教 一下 ， *OP* *pro* *T*-1 面试 找 工作 的 经验
suid=s1 participant=134665
*pro* 好 的
suid=s2 participant=134167
师兄 最近 怎么样 ， 是 在 省医 吗
suid=s3 participant=134665
*pro* 是 的
suid=s4 participant=134665
*pro* 不错
suid=s5 participant=134665
你 呢
suid=s6 participant=134665
*pro* 什么 时候 回来 ， 要 去 哪 ？
suid=s7 participant=134167
我 年底 回国 ， 明年 6月份 就 毕业 了 ，
suid=s8 participant=134167
*pro* 想 *PRO* 回 广东
suid=s9 participant=134665
哦 ， *pro* 不 在 浙江 ？
suid=s10 participant=134167
但是 *pro* 不 知道 *pro* 有没有 竞争力 进 附属 医院 ， 或者 省医
suid=s11 participant=134665
*pro* 要 让 你 老板 *PRO* 都 问问
suid=s12 participant=134665
这个 比较 关键
suid=s13 participant=134167
*pro* 就 是 浙二 医院 或者是 广州 ， 深圳 ， 这 几 个 地方 ， 其他 *pro* 不 考虑 *T*-1 了 ，
suid=s14 participant=134167
嗯
suid=s15 participant=134167
那 *pro* 只是 想 *PRO* 打听 一下 广州 的 情况 。
suid=s16 participant=134665
*pro* 争取 *PRO* 在 你 老板 那里
suid=s17 participant=134665
*pro* 然后 不 行 了 *pro* 才 让 他 *PRO* 推荐 ， *pro* 一般 可以
suid=s18 participant=134167
但是 我 心里 不 是 特 想 *PRO* 在 杭州 ， 还是 想 *PRO* 回 广东
suid=s19 participant=134167
虽然 杭州 也 是 我 的 *OP* *pro* 考虑 *T*-1 的 一 个 选择 之一 ， 但是 如果 *pro* 有 附属 医院 或者 省医 能 进 的话 ， 我 肯定 回 广东 了
suid=s20 participant=134665
那 你 要 让 你 老板 *PRO* 打 招呼 才 行
suid=s21 participant=134665
你 首先 问 他 是否 留 你 *pro* 不 留 *pro* 久 打 招呼 咯
suid=s22 participant=134167
*pro* 也 对 ， 只是 我 觉得 我 表态 *pro* 要 留 的话 ， 到时候 他 争取 *PRO* 帮 我 *PRO* 留 下来 ， 而 我 又 想 着 *pro* 回 广东 就 不 好 了 。
如果 *pro* 这样 ， 我 还是 直接 跟 他 讲 ， 我 想 *PRO* 回 广东 好了
suid=s23 participant=134665
那 你 就 要 确定 了
suid=s24 participant=134167
恩恩 ， 所以 *pro* 想 *PRO* 打听 一下 广东 的 情况
suid=s25 participant=134665
各 个 医院 还是 需要 人 的
suid=s26 participant=134167
恩恩 ， 我 到时候 自己 查查 ， *pro* 有 *OP* *T*-1 具体 的 问题 ， *pro* 再 咨询 师兄 ， 谢谢 师兄 了 。
suid=s27 participant=134665
*pro* 好 的
suid=s28 participant=134665
*pro* 定位 好 了 后 ， 我 会 帮 你 *PRO* 问 的
suid=s29 participant=134167
恩恩 ， 那 *pro* 太 谢谢 师兄 了
]]></TEXT>
<TAGS>
<我 comment="default value" end="254" id="我0" start="251" text="pro" type="" />
<我 comment="default value" end="426" id="我1" start="423" text="pro" type="" />
<我 comment="default value" end="522" id="我2" start="519" text="pro" type="" />
<我 comment="default value" end="533" id="我3" start="530" text="pro" type="" />
<我 comment="default value" end="726" id="我4" start="723" text="pro" type="" />
<我 comment="default value" end="807" id="我5" start="804" text="pro" type="" />
<我 comment="default value" end="1091" id="我7" start="1088" text="pro" type="" />
<我 comment="default value" end="1126" id="我8" start="1123" text="pro" type="" />
<我 comment="default value" end="1345" id="我9" start="1342" text="pro" type="" />
<我 comment="default value" end="1402" id="我10" start="1399" text="pro" type="" />
<我 comment="default value" end="1548" id="我11" start="1545" text="pro" type="" />
<我 comment="default value" end="1668" id="我12" start="1665" text="pro" type="" />
<我 comment="default value" end="1697" id="我13" start="1694" text="pro" type="" />
<我 comment="default value" end="1859" id="我14" start="1856" text="pro" type="" />
<你 comment="default value" end="37" id="你0" start="34" text="pro" type="" />
<你 comment="default value" end="321" id="你1" start="318" text="pro" type="" />
<你 comment="default value" end="476" id="你2" start="473" text="pro" type="" />
<你 comment="default value" end="591" id="你3" start="588" text="pro" type="" />
<你 comment="default value" end="868" id="你4" start="865" text="pro" type="" />
<你 comment="default value" end="921" id="你5" start="918" text="pro" type="" />
<你 comment="default value" end="936" id="你6" start="933" text="pro" type="" />
<你 comment="default value" end="959" id="你7" start="956" text="pro" type="" />
<你 comment="default value" end="1277" id="你8" start="1274" text="pro" type="" />
<你 comment="default value" end="1789" id="你9" start="1786" text="pro" type="" />
<他 comment="default value" end="1267" id="他0" start="1264" text="pro" type="" />
<它们 comment="default value" end="682" id="它们0" start="679" text="pro" type="" />
<event comment="default value" end="1426" id="ev0" start="1423" text="pro" type="" />
<generic comment="default value" end="80" id="g0" start="77" text="pro" type="" />
<previous_utterance comment="default value" end="132" id="pr0" start="129" text="pro" type="" />
<previous_utterance comment="default value" end="217" id="pr1" start="214" text="pro" type="" />
<previous_utterance comment="default value" end="1320" id="pr2" start="1317" text="pro" type="" />
<previous_utterance comment="default value" end="1751" id="pr3" start="1748" text="pro" type="" />
</TAGS>
</ProTask>