<?xml version='1.0' encoding='UTF-8'?>
<ProTask>
<TEXT><![CDATA[
suid=s0 participant=138207
陈 老师 ， *pro* 祝 您 新年 快乐 ， 元宵节 快乐
suid=s1 participant=138207
您 这 现在 还 有 袁 经理 的 号码 不 ？
suid=s2 participant=138194
*pro* 有 啊 ， 你 有 事 找 他 ？
suid=s3 participant=138207
*pro* 想 *PRO* 问 他 个 事
suid=s4 participant=138207
他 现在 还 在 做 迪拜 的 业务 吗 ？
还是 *pro* 已经 改行 了 呢 ？
suid=s5 participant=138194
*pro* 还 在 做 业务
suid=s6 participant=138194
你 有 朋友 想 *PRO* 去 迪拜 ？
suid=s7 participant=138207
我 爸 学校 的 学生 ，
suid=s8 participant=138194
哦 ， 那 你 直接 跟 他 联系 吧 。
suid=s9 participant=138207
*pro* 直接 联系 他 没 关系 吧
suid=s10 participant=138194
你 就 说 我 给 你 的 电话 号码
suid=s11 participant=138207
恩 ， *pro* 多谢 陈 老师
suid=s12 participant=138194
*pro* 不 谢 。
suid=s13 participant=138207
你 *pro* 这么 早 就 回 黄石 上班 了 呢 ？
suid=s14 participant=138194
我 先 给 他 发 给 信息 吧 。
*pro* 以免 唐突 。
suid=s15 participant=138207
*pro* 好 的
suid=s16 participant=138194
我 已经 在 黄石 上班 了 。
suid=s17 participant=138207
如果 *pro* 想 *PRO* 跟 他 合作 的话 ， 具体 *pro* 是 怎么 操作 的 呢 ？
suid=s18 participant=138194
你 先 跟 她 联系 上 ， 看 他 如何 回复 你 。
你 爸爸 学校 学生 的 英语 怎样 ， *pro* 愿意 *PRO* 从事 酒店 这 个 行业 吗 ？
suid=s19 participant=138207
*pro* 也 是 旅游 专业 的 学生
suid=s20 participant=138207
*pro* 出国 的话 *pro* 应该 还是 蛮 有 吸引力 的
suid=s21 participant=138194
哦 ， 他们 学校 对 学生 的 出国 教育 有没有 基础 。
这个 很 重要 的 。
suid=s22 participant=138207
*pro* 刚 开始 的话 ， 我 想 *pro* 应该 一 *RNR*-1 两 个 出去 是 应该 没 问题 ， *pro* 先 坐下 招牌 就 是 。
suid=s23 participant=138194
*pro* 是 的 ， 你 直接 跟 他 谈 吧 。
suid=s24 participant=138207
*pro* 行 ， 我 看看 现在 *pro* 能 不 能 搞 下 副业 。
呵呵
suid=s25 participant=138194
*pro* 有 时间 *pro* 可以 做 啊 。
suid=s26 participant=138207
目前 时间 还 蛮 充沛 的
suid=s27 participant=138194
*pro* 先 尝试 吧 。
*pro* 都 有 个 过程 。
suid=s28 participant=138207
*pro* 对 ， *pro* 说说 很 容易 ， *pro* 实际 操作 应该 并 不 那么 容易
suid=s29 participant=138194
学生 思想 理顺 了 ， *pro* 就 好 操作 了 。
suid=s30 participant=138207
*pro* 还 有 一 系列 的 培训 要 实施 ， 学生 的 水平 应该 跟 省 旅游 的 学生 差不多 ， *pro* 都 需要 培训
suid=s31 participant=138194
你 爸爸 可以 帮 你 的 。
suid=s32 participant=138207
*pro* 应该 都 要 通过 袁 经理 那边 吧 ？
您 这边 还 有 其他 中介 有 合作 过 的 吗 ？
suid=s33 participant=138194
*pro* 有 过 ， 但 *OP* *pro* *T*-1 和 袁 经理 合作 的 时间 最 长 。
]]></TEXT>
<TAGS>
<我 comment="default value" end="39" id="我0" start="36" text="pro" type="" />
<我 comment="default value" end="143" id="我1" start="140" text="pro" type="" />
<我 comment="default value" end="194" id="我2" start="191" text="pro" type="" />
<我 comment="default value" end="596" id="我3" start="593" text="pro" type="" />
<我 comment="default value" end="882" id="我5" start="879" text="pro" type="" />
<我 comment="default value" end="1431" id="我6" start="1428" text="pro" type="" />
<我 comment="default value" end="1580" id="我7" start="1577" text="pro" type="" />
<我 comment="default value" end="2003" id="我8" start="2000" text="pro" type="" />
<你 comment="default value" end="495" id="你0" start="492" text="pro" type="" />
<你 comment="default value" end="638" id="你1" start="635" text="pro" type="" />
<你 comment="default value" end="680" id="你2" start="677" text="pro" type="" />
<你 comment="default value" end="754" id="你3" start="751" text="pro" type="" />
<你 comment="default value" end="1483" id="你4" start="1480" text="pro" type="" />
<你 comment="default value" end="1494" id="你5" start="1491" text="pro" type="" />
<你 comment="default value" end="1732" id="你7" start="1729" text="pro" type="" />
<你 comment="default value" end="1919" id="你8" start="1916" text="pro" type="" />
<他 comment="default value" end="269" id="他0" start="266" text="pro" type="" />
<他 comment="default value" end="314" id="他1" start="311" text="pro" type="" />
<他 comment="default value" end="1009" id="他2" start="1006" text="pro" type="" />
<他 comment="default value" end="1069" id="他3" start="1066" text="pro" type="" />
<我们 comment="default value" end="2022" id="我们0" start="2019" text="pro" type="" />
<他们 comment="default value" end="1272" id="他们0" start="1269" text="pro" type="" />
<他们 comment="default value" end="1310" id="他们1" start="1307" text="pro" type="" />
<他们 comment="default value" end="1833" id="他们2" start="1830" text="pro" type="" />
<event comment="default value" end="911" id="ev0" start="908" text="pro" type="" />
<generic comment="default value" end="1118" id="g0" start="1115" text="pro" type="" />
<generic comment="default value" end="1595" id="g1" start="1592" text="pro" type="" />
<generic comment="default value" end="1650" id="g2" start="1647" text="pro" type="" />
<generic comment="default value" end="1666" id="g3" start="1663" text="pro" type="" />
<generic comment="default value" end="1777" id="g4" start="1774" text="pro" type="" />
<pleonastic end="1130" id="p0" start="1127" text="pro" type="" />
<pleonastic end="1252" id="p1" start="1249" text="pro" type="" />
<previous_utterance comment="default value" end="796" id="pr0" start="793" text="pro" type="" />
<previous_utterance comment="default value" end="1358" id="pr1" start="1355" text="pro" type="" />
<previous_utterance comment="default value" end="1413" id="pr2" start="1410" text="pro" type="" />
<previous_utterance comment="default value" end="1640" id="pr3" start="1637" text="pro" type="" />
</TAGS>
</ProTask>