<?xml version='1.0' encoding='UTF-8'?>
<ProTask>
<TEXT><![CDATA[
suid=s0 participant=138436
*pro* 在 ？
suid=s1 participant=135882
yes
suid=s2 participant=135882
*pro* 要 啊 ， *pro* *pro* 回去 不 到 一 个 礼拜 还 要 考试 呢
suid=s3 participant=135882
*pro* 补考 回 *OP* *pro* *pro* 出国 前 没 来 得 及 *PRO* 考 *T*-1 的 科目
suid=s4 participant=135882
*pro* 考完 *pro* 估计 *pro* 就 放 寒假 了 吧
suid=s5 participant=138436
哦 。。。
suid=s6 participant=138436
*pro* 还 以为 你 直接 放假 了 呢
suid=s7 participant=135882
*pro* what's up
suid=s8 participant=135882
我 *pro* 要是 直接 放假 就 圣诞 之后 再 走 了 ， 哎 ， *pro* 可惜
suid=s9 participant=135882
呃 ， *pro* 跟 香港 价钱 差不多
suid=s10 participant=135882
不过 *pro* 听说 HK 的 都 被 *OP* 黄牛 买 *T*-1 了
suid=s11 participant=138436
HK 买 不 到
suid=s12 participant=138436
*pro* 排队 起码 要 2 *RNR*-1 - 3 个 月
suid=s13 participant=135882
*pro* 太 疯狂 了
suid=s14 participant=138436
*pro* 就 是
suid=s15 participant=135882
等 *pro* 明年 回来 *pro* 帮 你 *PRO* 买 IPHONE5 吧
suid=s16 participant=138436
所以 你 地 在 美国 ， *pro* 真的 可以 赚 很多 。。。
suid=s17 participant=138436
哈哈哈 ， *pro* 好 啊
suid=s18 participant=135882
嗯嗯
suid=s19 participant=138436
*pro* 如果 可以 *pro* 就 帮 我 *PRO* 买 台 *OP* *T*-1 UNLOCK 的 ， 白色 ， 16 G
suid=s20 participant=138436
*pro* 可以 赚 500 一 台 ， *pro* 赚到 就 比 你 。。
suid=s21 participant=138436
RMB
suid=s22 participant=135882
*pro* 好 *pro* 好 ， 我 看看
suid=s23 participant=138436
*pro* 麻烦 了
suid=s24 participant=135882
*pro* 木 事 ， *pro* 也 不 一定 能 买到 。
苹果 店 之前 说 *pro* 最 迟 *pro* *pro* 要 23号 才 有 货
suid=s25 participant=135882
嗯
suid=s26 participant=138436
ATT store
suid=s27 participant=138436
你 看看 啦 ， *pro* 能 带 *pro* 就 带 ， *pro* 不 能 *pro* 就 算了
suid=s28 participant=135882
ATT 的 不 是 *OP* *T*-1 unlocked 的
suid=s29 participant=138436
*pro* 是 么 ？
他们 也 有 *OP* *T*-1 UNLOCKED 卖 得
suid=s30 participant=135882
*pro* 木有 吧 ， 只有 ebay 和 apple store 有 *OP* *T*-1 unlocked 的 ， ATT 那些 是 *OP* *T*-2 contract 的
suid=s31 participant=138436
ALEX 说 *pro* 有 哦 。。。
suid=s32 participant=135882
他 说 他 昨天 ship 了 给 我
]]></TEXT>
<TAGS>
<我 comment="default value" end="100" id="我0" start="97" text="pro" type="" />
<我 comment="default value" end="112" id="我1" start="109" text="pro" type="" />
<我 comment="default value" end="118" id="我2" start="115" text="pro" type="" />
<我 comment="default value" end="174" id="我3" start="171" text="pro" type="" />
<我 comment="default value" end="190" id="我4" start="187" text="pro" type="" />
<我 comment="default value" end="196" id="我5" start="193" text="pro" type="" />
<我 comment="default value" end="270" id="我7" start="267" text="pro" type="" />
<我 comment="default value" end="356" id="我8" start="353" text="pro" type="" />
<我 comment="default value" end="261" id="我9" start="258" text="pro" type="" />
<我 comment="default value" end="451" id="我10" start="448" text="pro" type="" />
<我 comment="default value" end="575" id="我11" start="572" text="pro" type="" />
<我 comment="default value" end="829" id="我12" start="826" text="pro" type="" />
<我 comment="default value" end="1306" id="我13" start="1303" text="pro" type="" />
<我 comment="default value" end="1318" id="我14" start="1315" text="pro" type="" />
<你 comment="default value" end="32" id="你0" start="29" text="pro" type="" />
<你 comment="default value" end="406" id="你3" start="403" text="pro" type="" />
<你 comment="default value" end="817" id="你4" start="814" text="pro" type="" />
<你 comment="default value" end="899" id="你5" start="896" text="pro" type="" />
<你 comment="default value" end="1023" id="你6" start="1020" text="pro" type="" />
<你 comment="default value" end="1035" id="你7" start="1032" text="pro" type="" />
<你 comment="default value" end="1117" id="你8" start="1114" text="pro" type="" />
<你 comment="default value" end="1138" id="你9" start="1135" text="pro" type="" />
<你 comment="default value" end="1267" id="你10" start="1264" text="pro" type="" />
<你 comment="default value" end="1487" id="你11" start="1484" text="pro" type="" />
<你 comment="default value" end="1497" id="你12" start="1494" text="pro" type="" />
<你 comment="default value" end="1509" id="你13" start="1506" text="pro" type="" />
<你 comment="default value" end="1519" id="你14" start="1516" text="pro" type="" />
<它 comment="default value" end="526" id="它0" start="523" text="pro" type="" />
<我们 comment="default value" end="279" id="我们0" start="276" text="pro" type="" />
<他们 comment="default value" end="1348" id="他们0" start="1345" text="pro" type="" />
<他们 comment="default value" end="1358" id="他们1" start="1355" text="pro" type="" />
<他们 comment="default value" end="1364" id="他们2" start="1361" text="pro" type="" />
<existential comment="default value" end="1689" id="e0" start="1686" text="pro" type="" />
<existential comment="default value" end="1816" id="e1" start="1813" text="pro" type="" />
<generic comment="default value" end="676" id="g0" start="673" text="pro" type="" />
<pleonastic end="486" id="p0" start="483" text="pro" type="" />
<pleonastic end="736" id="p1" start="733" text="pro" type="" />
<previous_utterance comment="default value" end="777" id="pr0" start="774" text="pro" type="" />
<previous_utterance comment="default value" end="954" id="pr1" start="951" text="pro" type="" />
<previous_utterance comment="default value" end="1216" id="pr2" start="1213" text="pro" type="" />
<previous_utterance comment="default value" end="1224" id="pr3" start="1221" text="pro" type="" />
<previous_utterance comment="default value" end="1618" id="pr4" start="1615" text="pro" type="" />
</TAGS>
</ProTask>