<?xml version='1.0' encoding='UTF-8'?>
<ProTask>
<TEXT><![CDATA[
suid=s0 participant=131226
你 好 ， 我 今天 上午 去 过 你 的 店
suid=s1 participant=131226
*pro* 想 *PRO* 做 工装 裙子 的
suid=s2 participant=131226
我 想 *PRO* 问 下 ， *pro* 分体 的 做 的话 ， *pro* 也 一样 钱 吗 ？
suid=s3 participant=132715
我 刚 回来
suid=s4 participant=131226
恩 ， 我们 想 *PRO* 做 连体 *OP* *T*-1 无 袖 的 裙子 再 加上 一 个 小 外套
suid=s5 participant=132715
那 价 要 高 点
suid=s6 participant=131226
*pro* 想 *PRO* 问 下 价格
suid=s7 participant=131226
？
suid=s8 participant=131226
我 今天 上午 去 过 你 的 店
suid=s9 participant=131226
*pro* 反正 肯定 要 比 单件 贵
suid=s10 participant=131226
你 给 我 报 个 价 吧
suid=s11 participant=131226
因为 我们 也 是 想 *PRO* 赶紧 确定 下来
suid=s12 participant=132715
那 要 450 元 l 套
suid=s13 participant=131226
里头 的 连体 裙 这样 款式 ， 不 要 袖子 与 肩部 扣子 [ 图片 ]
suid=s14 participant=131226
外头 [ 图片 ]
suid=s15 participant=131226
*pro* 要 那么 贵 啊 ？
！
suid=s16 participant=131226
外套 *pro* 也 做 *OP* *T*-2 不 大 的 *T*-1
suid=s17 participant=131226
*pro* 怎么 贵 出来 那么 多 ？
！
suid=s18 participant=131226
一 件 外套 比 连体 裙 还 贵 ？
！
suid=s19 participant=132715
*pro* 是 的 , *pro* 最少 也 要 420
suid=s20 participant=131226
为什么 外套 比 连体 裙 要 贵 呢 ？
suid=s21 participant=132715
*pro* 那样 做 *pro* 320
]]></TEXT>
<TAGS>
<我 comment="default value" end="83" id="我0" start="80" text="pro" type="" />
<我 comment="default value" end="364" id="我1" start="361" text="pro" type="" />
<它 comment="default value" end="1004" id="它1" start="1001" text="pro" type="" />
<我们 comment="default value" end="1099" id="我们0" start="1096" text="pro" type="" />
<event comment="default value" end="168" id="ev0" start="165" text="pro" type="" />
<event comment="default value" end="486" id="ev1" start="483" text="pro" type="" />
<event comment="default value" end="780" id="ev2" start="777" text="pro" type="" />
<event comment="default value" end="1110" id="ev3" start="1107" text="pro" type="" />
<pleonastic end="150" id="p0" start="147" text="pro" type="" />
<pleonastic end="830" id="p1" start="827" text="pro" type="" />
<pleonastic end="891" id="p2" start="888" text="pro" type="" />
<previous_utterance comment="default value" end="992" id="pr0" start="989" text="pro" type="" />
</TAGS>
</ProTask>