<?xml version='1.0' encoding='UTF-8'?>
<ProTask>
<TEXT><![CDATA[
suid=s0 participant=132660
*pro* 在 吗
suid=s1 participant=131623
en *pro* 在
suid=s2 participant=131623
*pro* 来 了
suid=s3 participant=132660
我 开 了 个 淘宝 店
suid=s4 participant=132660
*pro* 收藏 下 呗 ， 亲
suid=s5 participant=132660
东昌 毛笔 旗舰 店
suid=s6 participant=131623
*pro* 真 的 假 的 ？
suid=s7 participant=131623
淘宝 店 ？
suid=s8 participant=132660
*pro* 真 的
suid=s9 participant=132660
你 不 信 *pro* 查查
suid=s10 participant=131623
你 自己 开 的 还 *pro* 是 合伙 啊
suid=s11 participant=132660
*pro* 合伙 ， 和 我 姐 还有 我 弟
suid=s12 participant=131623
*pro* 整天 在 网上 看 着 很 累 的
suid=s13 participant=131623
恩恩 。
*pro* 怎么 想 着 *PRO* 卖 毛笔 了 啊
suid=s14 participant=132660
因为 我们 老家 产 毛笔 啊 ， *pro* 还 是 非 物质 文化 遗产
suid=s15 participant=131623
.. 恩恩 。
销量 怎么样 啊 ？
suid=s16 participant=132660
*pro* 刚 开
suid=s17 participant=132660
*pro* 还 没 卖 呢 。
suid=s18 participant=132660
所以 你 得 有空 帮 我 *PRO* 刷 信誉
suid=s19 participant=131623
*pro* 哦 了 。。
suid=s20 participant=131623
*pro* 么有 问题 。。
suid=s21 participant=132660
恩 。
你 回家 了 ？
suid=s22 participant=131623
嗯 。。 昨天 *pro* 刚刚 到家 的 [ 表情 ]
suid=s23 participant=131623
幸好 *pro* 回来 了 。
*pro* 今天 就 下雪
suid=s24 participant=132660
恩 。
*pro* 就 是 啊
suid=s25 participant=131623
我 也 想 *PRO* 开 网店 [ 表情 ]
suid=s26 participant=132660
*pro* 那 开 吧
suid=s27 participant=131623
*pro* 不 清楚 流程 啊
suid=s28 participant=132660
你 卖 什么 啊 ？
suid=s29 participant=131623
*pro* 么有 想好 呢 。。
suid=s30 participant=131623
*pro* 有 过 这 种 想法 。
*pro* 但是 一直 没有 实施
suid=s31 participant=132660
恩 ， 你 得 实践 ， 不 能 只 想
suid=s32 participant=131623
恩恩 。。 你 啥 时候 来 啊 ？
suid=s33 participant=132660
*pro* 过 几 天 吧 。
最近 家里 忙
suid=s34 participant=131623
嗯 。
*pro* 成 。。 到时候 你 教教 我
suid=s35 participant=132660
现在 *pro* 长大 了 ， *pro* 得 学 着 *PRO* 做 点 事 了
suid=s36 participant=132660
恩 ， *pro* 好 ，
suid=s37 participant=131623
恩恩 。
[ 表情 ]
suid=s38 participant=132660
嘿嘿
]]></TEXT>
<TAGS>
<我 comment="default value" end="72" id="我0" start="69" text="pro" type="" />
<我 comment="default value" end="107" id="我1" start="104" text="pro" type="" />
<我 comment="default value" end="343" id="我2" start="340" text="pro" type="" />
<我 comment="default value" end="930" id="我3" start="927" text="pro" type="" />
<我 comment="default value" end="1022" id="我4" start="1019" text="pro" type="" />
<我 comment="default value" end="1265" id="我5" start="1262" text="pro" type="" />
<我 comment="default value" end="1348" id="我6" start="1345" text="pro" type="" />
<我 comment="default value" end="1393" id="我7" start="1390" text="pro" type="" />
<我 comment="default value" end="1412" id="我8" start="1409" text="pro" type="" />
<我 comment="default value" end="1554" id="我9" start="1551" text="pro" type="" />
<我 comment="default value" end="1663" id="我10" start="1660" text="pro" type="" />
<我 comment="default value" end="1676" id="我11" start="1673" text="pro" type="" />
<你 comment="default value" end="32" id="你0" start="29" text="pro" type="" />
<你 comment="default value" end="184" id="你1" start="181" text="pro" type="" />
<你 comment="default value" end="266" id="你2" start="263" text="pro" type="" />
<你 comment="default value" end="386" id="你3" start="383" text="pro" type="" />
<你 comment="default value" end="434" id="你4" start="431" text="pro" type="" />
<你 comment="default value" end="527" id="你5" start="524" text="pro" type="" />
<你 comment="default value" end="584" id="你6" start="581" text="pro" type="" />
<你 comment="default value" end="1074" id="你7" start="1071" text="pro" type="" />
<你 comment="default value" end="1225" id="你8" start="1222" text="pro" type="" />
<它 comment="default value" end="658" id="它0" start="655" text="pro" type="" />
<我们 comment="default value" end="475" id="我们0" start="472" text="pro" type="" />
<我们 comment="default value" end="754" id="我们1" start="751" text="pro" type="" />
<我们 comment="default value" end="792" id="我们2" start="789" text="pro" type="" />
<pleonastic end="1087" id="p0" start="1084" text="pro" type="" />
<previous_utterance comment="default value" end="889" id="pr0" start="886" text="pro" type="" />
<previous_utterance comment="default value" end="1133" id="pr1" start="1130" text="pro" type="" />
<previous_utterance comment="default value" end="1610" id="pr2" start="1607" text="pro" type="" />
<previous_utterance comment="default value" end="1734" id="pr3" start="1731" text="pro" type="" />
</TAGS>
</ProTask>