<?xml version='1.0' encoding='UTF-8'?>
<ProTask>
<TEXT><![CDATA[
suid=s0 participant=137186
*pro* 在 吗 （ *pro* 来自 手机 QQ : http:／／mobile.qq.com ）
suid=s1 participant=137903
*pro* 在
suid=s2 participant=137186
现在 学院 人事 变动 。
*pro* 要 大 片幅 裁人
suid=s3 participant=137903
所有 部门 ？
suid=s4 participant=137186
*pro* 昨天 在 学院 看会 ， *pro* 提到 *pro* 去年 夏令营 没 给 讲师 发 钱 的 事 ， 张强 恨 得 我 和 陈磊 啊
suid=s5 participant=137186
所有 部门 包括 老师 。
suid=s6 participant=137903
谁 恨 谁 啊
suid=s7 participant=137186
张强 恨 我 俩 啊
suid=s8 participant=137903
*pro* 为么 啊
suid=s9 participant=137903
*pro* 关 你们 什么 事情 啊
suid=s10 participant=137186
*pro* 说 我们 没 领导 好 ， 没 引导 好 。
suid=s11 participant=137903
*pro* 晕
suid=s12 participant=137186
*pro* 起 不 到 骨干 的 作用 。
suid=s13 participant=137903
*pro* 没 张绪东 什么 事情 吗
suid=s14 participant=137186
哎 。
suid=s15 participant=137903
他 不 是 一直 负责 讲师 的 吗
suid=s16 participant=137903
学院 近期 是 要 进行 大 规模 调整
suid=s17 participant=137186
现在 *pro* 不 是 归 二 级 学院 了 吗
suid=s18 participant=137186
*pro* 就 是 啊 。
suid=s19 participant=137903
*pro* 昨天 不 知道 李学军 和 谁 打 电话 呢 ， 一直 说 学院 的 人事 问题
suid=s20 participant=137186
*pro* 估计 陈磊 会 走 了 。
suid=s21 participant=137903
*pro* 还 说 *pro* 和 张绪东 谈谈
suid=s22 participant=137186
我 感觉 他 可能 会 把 我 弄 下来 *-1 。
suid=s23 participant=137186
*pro* 弄到 基地 去
suid=s24 participant=137186
老 人 一 个 个 的 都 是 这么 办 的
suid=s25 participant=137186
*OP* 学院 现在 给 人 *T*-1 感觉 特别 动荡
suid=s26 participant=137903
这 是 要 换水 啊
suid=s27 participant=137186
恩 。
*pro* 换 。
而且 这 次 *pro* 看 样子 *pro* 要 大 换
suid=s28 participant=137186
张强 太 坏 了
suid=s29 participant=137903
这 是 谁 的 主意 啊
suid=s30 participant=137186
*pro* 肯定 是 他 的 啊
suid=s31 participant=137186
*pro* 一会 把 聊天 记录 删 了 *-1 啊
suid=s32 participant=137903
嗯 ， 我 知道
suid=s33 participant=137903
你 有 什么 打算 吗
suid=s34 participant=137186
*pro* 还 没 想好 。
*pro* 打算 *PRO* 真 不 在 海天 了 ， 就 自己 干 点 买卖 。
suid=s35 participant=137186
我们 本来 想 *PRO* 在 高新 开 个 安家 蛋挞 。
suid=s36 participant=137186
但 *pro* 害怕 *pro* 太 局限 了 。
suid=s37 participant=137903
*pro* 卖 的 倒 是 挺 好 的
suid=s38 participant=137186
*pro* 是 呀
suid=s39 participant=137903
不过 高新区 是 不 是 稍微 偏 了 一点
suid=s40 participant=137186
高新 现在 没有 。
就是 *OP* 我 婆婆 *T*-1 住 的 这边 *pro* 卖 什么 *OP* *pro* 吃 *T*-2 的 都 可 火 了
suid=s41 participant=137186
*pro* 加盟 *pro* 不 知道 多 钱 啊
suid=s42 participant=137903
*pro* 还 有 一 个 问题 就 是 人家 让 加盟 吧
suid=s43 participant=137903
现在 很多 店 是 不 让 加盟 的
suid=s44 participant=137186
*pro* 是 。
我们 也 在 想 这 个 事 。
suid=s45 participant=137186
*pro* 都 是 直营
suid=s46 participant=137903
你 不 想 *PRO* 再 教课 了 ？
suid=s47 participant=137186
我 到 基地 了 。
*pro* 去 找 你 *PRO* 聊聊 吧
suid=s48 participant=137903
*pro* 好 的
suid=s49 participant=137186
*pro* 正好 看到 陈绍佳 了 。
我 套套 她 的 话 。
suid=s50 participant=137903
嗯
]]></TEXT>
<TAGS>
<我 comment="default value" end="111" id="我0" start="108" text="pro" type="" />
<我 comment="default value" end="595" id="我2" start="592" text="pro" type="" />
<我 comment="default value" end="953" id="我3" start="950" text="pro" type="" />
<我 comment="default value" end="1028" id="我4" start="1025" text="pro" type="" />
<我 comment="default value" end="1184" id="我5" start="1181" text="pro" type="" />
<我 comment="default value" end="1395" id="我6" start="1392" text="pro" type="" />
<我 comment="default value" end="1524" id="我7" start="1521" text="pro" type="" />
<我 comment="default value" end="1701" id="我8" start="1698" text="pro" type="" />
<我 comment="default value" end="1716" id="我9" start="1713" text="pro" type="" />
<我 comment="default value" end="1847" id="我10" start="1844" text="pro" type="" />
<我 comment="default value" end="2150" id="我11" start="2147" text="pro" type="" />
<我 comment="default value" end="2457" id="我12" start="2454" text="pro" type="" />
<我 comment="default value" end="2546" id="我13" start="2543" text="pro" type="" />
<你 comment="default value" end="32" id="你0" start="29" text="pro" type="" />
<你 comment="default value" end="1569" id="你2" start="1566" text="pro" type="" />
<他 comment="default value" end="911" id="他0" start="908" text="pro" type="" />
<他 comment="default value" end="1076" id="他1" start="1073" text="pro" type="" />
<他 comment="default value" end="1086" id="他2" start="1083" text="pro" type="" />
<他 comment="default value" end="860" id="他3" start="857" text="pro" type="" />
<它 comment="default value" end="44" id="它0" start="41" text="pro" type="" />
<它 comment="default value" end="1406" id="它2" start="1403" text="pro" type="" />
<它 comment="default value" end="1899" id="它3" start="1896" text="pro" type="" />
<我们 comment="default value" end="631" id="我们0" start="628" text="pro" type="" />
<我们 comment="default value" end="238" id="我们1" start="235" text="pro" type="" />
<他们 comment="default value" end="160" id="他们0" start="157" text="pro" type="" />
<他们 comment="default value" end="538" id="他们1" start="535" text="pro" type="" />
<他们 comment="default value" end="2356" id="他们2" start="2353" text="pro" type="" />
<他们 comment="default value" end="257" id="他们3" start="254" text="pro" type="" />
<他们 comment="default value" end="266" id="他们4" start="263" text="pro" type="" />
<existential comment="default value" end="681" id="e1" start="678" text="pro" type="" />
<existential comment="default value" end="2195" id="e2" start="2192" text="pro" type="" />
<event comment="default value" end="453" id="ev0" start="450" text="pro" type="" />
<event comment="default value" end="491" id="ev1" start="488" text="pro" type="" />
<event comment="default value" end="1856" id="ev3" start="1853" text="pro" type="" />
<generic comment="default value" end="2073" id="g1" start="2070" text="pro" type="" />
<generic comment="default value" end="2141" id="g2" start="2138" text="pro" type="" />
<generic comment="default value" end="2089" id="g0" start="2086" text="pro" type="" />
<previous_utterance comment="default value" end="1378" id="pr0" start="1375" text="pro" type="" />
<previous_utterance comment="default value" end="1947" id="pr1" start="1944" text="pro" type="" />
<previous_utterance comment="default value" end="2301" id="pr2" start="2298" text="pro" type="" />
<previous_utterance comment="default value" end="2508" id="pr3" start="2505" text="pro" type="" />
</TAGS>
</ProTask>