<?xml version='1.0' encoding='UTF-8'?>
<ProTask>
<TEXT><![CDATA[
suid=s0 participant=134227
*pro* 祝贺 你 喜 得 贵孙 呀
suid=s1 participant=134220
*pro* 谢谢 啊 ， *pro* 今天 得 的 啊 。
suid=s2 participant=134220
你 的 眼 很 管用 啊 ， *pro* 一下 就 看见 了 。
suid=s3 participant=134227
*pro* 是 呀
suid=s4 participant=134220
*pro* 高兴 吗
suid=s5 participant=134227
*pro* 太 高兴 了 呀
suid=s6 participant=134227
*pro* 于 你 共 分 喜悦 呀
suid=s7 participant=134220
你 女儿 的 去留 怎么 决定 的 啊
suid=s8 participant=134227
*pro* 还 没有 定下 呀
suid=s9 participant=134220
奥
suid=s10 participant=134227
孙子 今天 出生 的 吗
suid=s11 participant=134220
*pro* 是 的
suid=s12 participant=134227
奥
suid=s13 participant=134227
这会 *pro* 心满意足 了 呀
suid=s14 participant=134220
*pro* 是 啊
suid=s15 participant=134227
什么 时间 *pro* 再 去 看 孙子 呀
suid=s16 participant=134220
*pro* 不 知道 啊
suid=s17 participant=134227
你 没 上 广场 散步 吗
suid=s18 participant=134220
*pro* 东方红 广场 坐 了 一会
suid=s19 participant=134227
我 推 着 小 孙子 在 火车站 广场 转 了 一 圈 ， 送回 家 ， 又 去 了 大 广场 转 了 一 大 圈
suid=s20 participant=134220
奥 ， 你 也 看 孩子 了 吗
suid=s21 participant=134227
*pro* 十多 天 没 去 看 了 ， 儿子 值班 伢 ， 一 个 人 看 不 了 呀
suid=s22 participant=134220
奥
suid=s23 participant=134227
你 嫂子 刚才 回来 的
suid=s24 participant=134220
*pro* 干 什么 去 了
suid=s25 participant=134227
*pro* 去 看 孙子 呀
suid=s26 participant=134220
奥 ， *pro* 很 幸福 啊 。
suid=s27 participant=134227
你 更 幸福 呀
suid=s28 participant=134220
你 认为 啊
suid=s29 participant=134227
*pro* 是 呀
suid=s30 participant=134227
*pro* 其 不 知 一切 就 是 个 名 呀
suid=s31 participant=134220
你 信 啊
suid=s32 participant=134227
你 说 呢
suid=s33 participant=134220
有一点 吧
suid=s34 participant=134227
*pro* 是 *OP* *T*-1 真 的 呀
suid=s35 participant=134220
*pro* 该 休息 了 ， *pro* 再见 吧 。
suid=s36 participant=134227
*pro* 什么 时间 请客 呀
suid=s37 participant=134220
*pro* 再见
suid=s38 participant=134227
*pro* 祝 你 做 个 美梦 呀 ， *pro* 88
]]></TEXT>
<TAGS>
<我 comment="default value" end="32" id="我0" start="29" text="pro" type="" />
<我 comment="default value" end="79" id="我1" start="76" text="pro" type="" />
<我 comment="default value" end="92" id="我2" start="89" text="pro" type="" />
<我 comment="default value" end="271" id="我3" start="268" text="pro" type="" />
<我 comment="default value" end="313" id="我4" start="310" text="pro" type="" />
<我 comment="default value" end="723" id="我5" start="720" text="pro" type="" />
<我 comment="default value" end="985" id="我6" start="982" text="pro" type="" />
<我 comment="default value" end="1172" id="我7" start="1169" text="pro" type="" />
<我 comment="default value" end="1580" id="我8" start="1577" text="pro" type="" />
<我 comment="default value" end="1718" id="我9" start="1715" text="pro" type="" />
<我 comment="default value" end="806" id="我10" start="803" text="pro" type="" />
<你 comment="default value" end="151" id="你0" start="148" text="pro" type="" />
<你 comment="default value" end="233" id="你1" start="230" text="pro" type="" />
<你 comment="default value" end="678" id="你2" start="675" text="pro" type="" />
<你 comment="default value" end="1129" id="你4" start="1126" text="pro" type="" />
<你 comment="default value" end="1219" id="你5" start="1216" text="pro" type="" />
<你 comment="default value" end="1636" id="你6" start="1633" text="pro" type="" />
<你 comment="default value" end="591" id="你3" start="588" text="pro" type="" />
<她 comment="default value" end="406" id="她0" start="403" text="pro" type="unsure" />
<我们 comment="default value" end="1595" id="我们0" start="1592" text="pro" type="" />
<我们 comment="default value" end="1681" id="我们1" start="1678" text="pro" type="" />
<我们 comment="default value" end="1739" id="我们2" start="1736" text="pro" type="" />
<generic comment="default value" end="1372" id="g0" start="1369" text="pro" type="" />
<pleonastic end="1527" id="p0" start="1524" text="pro" type="" />
<previous_utterance comment="default value" end="196" id="pr0" start="193" text="pro" type="" />
<previous_utterance comment="default value" end="520" id="pr1" start="517" text="pro" type="" />
<previous_utterance comment="default value" end="1334" id="pr2" start="1331" text="pro" type="" />
<previous_utterance comment="default value" end="634" id="pr3" start="631" text="pro" type="" />
</TAGS>
</ProTask>