<?xml version='1.0' encoding='UTF-8'?>
<ProTask>
<TEXT><![CDATA[
suid=s0 participant=135882
here ？
我 想 *PRO* 问问 *OP* 你 *T*-1 之前 申请 的 时候 ， 成绩单 是 中 英文 的 都 有 么 ？
suid=s1 participant=135882
英文 版 的 成绩单 是 广外 出 的 ， 还是 *pro* 拿 中文 版 到 外面 的 机构 去 翻译 ？
suid=s2 participant=138419
学校 就 可以 帮 学生 翻译
suid=s3 participant=138419
我 地 学校 出 中 英文 版 噶
suid=s4 participant=135882
华师 好像 木有 英文 版 的 成绩单 哦 ， 我 *pro* 这 次 出去 交流 都 是 自己 翻译 然后 盖 学院 章 得
suid=s5 participant=138419
禁 你 就 自己 翻译 稳 学院 盖章 啦
suid=s6 participant=135882
而且 我 还 有 英语 辅修 ， 所以 成绩单 就 有 两 份 ， 一 份 是 外文 学院 的 一 份 是 计算机 的
suid=s7 participant=138419
*pro* 只要 有 原件 就 得 啦
suid=s8 participant=135882
恩恩
suid=s9 participant=135882
我 还 想 *PRO* 说 *pro* 如果 不 行 *pro* 就 拿 中文 版 去 公证处 公证 了 ……
suid=s10 participant=138419
*pro* 不 用 这么 麻烦 *pro* 又 浪费 钱
suid=s11 participant=138419
自己 翻译 一下 就 好 了 ， 美国人 都 相信 的
suid=s12 participant=138419
而且 现在 美国 大学 的 ADMISSION OFFICE 很多 都 有 中国 学生 做 PART-TIME
suid=s13 participant=138419
*pro* 有 中文 原件 就 能 说明 问题
suid=s14 participant=135882
*pro* 还 有 一 个 问题 就是 ， 我 计算机 有 一 门 课 大二 的 时候 挂 了 …… 但是 *pro* 重修 过 了
suid=s15 participant=135882
问题 是 我 现在 的 账户 被 冻结 *-1 ， 我 的 重修 记录 不 能 更新 到 账户 中
suid=s16 participant=135882
所以 我 现在 那 一 门 课 在 系统 上 还 是 以前 的 分数 [ 表情 ]
suid=s17 participant=138419
你 说明 一下 就 好 了 ， 这 不 成 问题
suid=s18 participant=135882
*pro* 肿么 说明 ？
suid=s19 participant=138419
*pro* 在 成绩单 上面 说明 一下 吧 ， *pro* 说 以后 *pro* 能 补上
suid=s20 participant=135882
就是 *pro* 出 个 证明 之类 的 么 ？
suid=s21 participant=138419
*pro* 不 用 ， *pro* 直接 在 成绩单 上面 备注 好了 ， *pro* 都 是 小 问题 2011-07-03 12:04:13 lynette *pro* ok ~ 那 就 好
suid=s22 participant=135882
你 开始 搵工 未 呀 ？
suid=s23 participant=138419
未 啊
suid=s24 participant=135882
*pro* 刚 回来 ， *pro* 先 休息 一下 呗
suid=s25 participant=138419
*pro* 养伤 中
suid=s26 participant=135882
*pro* 是 哦 ~ 你 脚 现在 怎么样 了 ？
suid=s27 participant=135882
[ 表情 ] 你 养伤 那 *pro* 还 开车 ……
suid=s28 participant=138419
明天 *pro* 看看 *pro* 能 不 能 拆线
suid=s29 participant=138419
*pro* 整天 在 家 里 灰常 无聊 啊
suid=s30 participant=135882
*pro* 在 家 里 看看 电影 上上网 呗
suid=s31 participant=135882
微博 ， 人人 什么 的
suid=s32 participant=138419
*pro* 还是 无聊
suid=s33 participant=135882
那 *pro* 怎样 才 不 无聊
suid=s34 participant=138419
*pro* 好 无聊 啊
suid=s35 participant=135882
[ 表情 ] 哎 ， 我 *pro* 虽然 可以 走动 ， 也 很 无聊 啊
suid=s36 participant=135882
一天到晚 除了 *pro* 看 学校 *pro* 还 是 *pro* 看 学校
suid=s37 participant=135882
*pro* 在 古镇 没 同学 啊
suid=s38 participant=135882
以前 的 同学 又 还 没 放假
suid=s39 participant=135882
你 拆左 线 未 啊 ？
suid=s40 participant=138419
*pro* 拆 了
]]></TEXT>
<TAGS>
<我 comment="default value" end="151" id="我0" start="148" text="pro" type="" />
<我 comment="default value" end="322" id="我1" start="319" text="pro" type="" />
<我 comment="default value" end="627" id="我2" start="624" text="pro" type="" />
<我 comment="default value" end="933" id="我3" start="930" text="pro" type="" />
<我 comment="default value" end="987" id="我4" start="984" text="pro" type="" />
<我 comment="default value" end="1229" id="我5" start="1226" text="pro" type="" />
<我 comment="default value" end="1612" id="我6" start="1609" text="pro" type="" />
<我 comment="default value" end="1656" id="我7" start="1653" text="pro" type="" />
<我 comment="default value" end="1695" id="我8" start="1692" text="pro" type="" />
<我 comment="default value" end="1818" id="我9" start="1815" text="pro" type="" />
<我 comment="default value" end="1861" id="我10" start="1858" text="pro" type="" />
<我 comment="default value" end="1912" id="我11" start="1909" text="pro" type="" />
<我 comment="default value" end="2047" id="我12" start="2044" text="pro" type="" />
<我 comment="default value" end="2145" id="我13" start="2142" text="pro" type="" />
<我 comment="default value" end="2207" id="我14" start="2204" text="pro" type="" />
<我 comment="default value" end="2218" id="我15" start="2215" text="pro" type="" />
<我 comment="default value" end="2267" id="我16" start="2264" text="pro" type="" />
<我 comment="default value" end="1620" id="我18" start="1617" text="pro" type="" />
<你 comment="default value" end="523" id="你0" start="520" text="pro" type="" />
<你 comment="default value" end="684" id="你1" start="681" text="pro" type="" />
<你 comment="default value" end="881" id="你2" start="878" text="pro" type="" />
<你 comment="default value" end="1271" id="你3" start="1268" text="pro" type="" />
<你 comment="default value" end="1296" id="你4" start="1293" text="pro" type="" />
<你 comment="default value" end="1307" id="你5" start="1304" text="pro" type="" />
<你 comment="default value" end="1411" id="你6" start="1408" text="pro" type="" />
<你 comment="default value" end="1437" id="你7" start="1434" text="pro" type="" />
<你 comment="default value" end="1809" id="你8" start="1806" text="pro" type="" />
<你 comment="default value" end="2005" id="你9" start="2002" text="pro" type="" />
<你 comment="default value" end="2091" id="你10" start="2088" text="pro" type="" />
<你 comment="default value" end="2399" id="你11" start="2396" text="pro" type="" />
<它 comment="default value" end="614" id="它0" start="611" text="pro" type="" />
<我们 comment="default value" end="1399" id="我们0" start="1396" text="pro" type="" />
<他们 comment="default value" end="1399" id="他们0" start="1396" text="pro" type="" />
<它们 comment="default value" end="1480" id="它们0" start="1477" text="pro" type="" />
<event comment="default value" end="700" id="ev0" start="697" text="pro" type="" />
<pleonastic end="2228" id="p0" start="2225" text="pro" type="" />
<previous_utterance comment="default value" end="1599" id="pr0" start="1596" text="pro" type="" />
<previous_utterance comment="default value" end="1764" id="pr1" start="1761" text="pro" type="" />
</TAGS>
</ProTask>