<?xml version='1.0' encoding='UTF-8'?>
<ProTask>
<TEXT><![CDATA[
suid=s0 participant=137820
我 最近 也 是 好 饿 哦 ！！ *pro* 总是 想 *PRO* 吃 东西 嘞 *pro* 是 不 是 *OP* *pro* *T*-1 冷 的 关系
suid=s1 participant=137803
*pro* 有 可能 ！
suid=s2 participant=137820
啊 ？？？
suid=s3 participant=137820
*pro* 是 哪样 问题
suid=s4 participant=137803
我 也 不 晓得 *pro* 是 哪样 问题
suid=s5 participant=137820
*pro* 是 不 是 学习 压力 太 大 了
suid=s6 participant=137803
*pro* 可能 嘛 ……
suid=s7 participant=137820
天 ， *pro* *OP* *T*-1 真 的 啊 ？？ *pro* 好久 的 事 *pro* 都 不 告诉 我
suid=s8 participant=137820
哦哦 好事 好事 *pro* 恭喜 恭喜
suid=s9 participant=137803
唉 *pro* 好 嘛
suid=s10 participant=137803
K 我 半期 考试 有 一 门 才 和 平均分 差不多 *pro* 打击 得 我 哦
suid=s11 participant=137820
平均分 是 什么 意思 ？？ *pro* 就 是 全 校 这 门 的 平均分 ？
？
suid=s12 participant=137803
*pro* 就 是 *OP* *T*-1 上 这 个 课 的 人 的 平均分 啊
suid=s13 participant=137803
*pro* 反正 就 这样 呗 我 觉得 *pro* 读 研 又 累 又 没得 成就感
suid=s14 participant=137820
哎哟 你 要求 也 太 高 咯 嘛 *pro* 上 了 平均分 就 行 咯 嘛 你 逼 自己 搞 啥 ？？ *pro* 考 那么 高 来 做 哪样 ？
suid=s15 participant=137803
*pro* 不 是 还 没 得到 平均分 *pro* 有点 老火
suid=s16 participant=137803
*pro* 低 一 分 嘛
suid=s17 participant=137820
才 一 科 *pro* 没得 关系 亲爱 的 不 要 总是 那么 苛求 自家 *pro* 都 学到 现在 了 有时候 *pro* 不 要 和 自己 过 不 克
suid=s18 participant=137803
另外 一 科 也 老火 得 很 ……
suid=s19 participant=137803
*pro* 主要 是 我 觉得 以前 *pro* 起码 都 还是 比较 靠前 勒 现在 *pro* 各 种 平庸
suid=s20 participant=137820
*pro* 不 要 总是 在 顶峰 ， 有时候 要 下来 透透气 *OP* *T*-1 最 重要 的 是 *pro* 给 自己 找 快乐 *PRO* 晓得 不 ？？
suid=s21 participant=137820
我 也 懂 因为 你 一直 优秀 所以 *pro* 无法 接受 这样 但 *pro* 这样 过 好 累 嘛
suid=s22 participant=137803
可能 确实 压力 太 大 哦 嘛 周围 勒 人 都 太 优秀 哦
suid=s23 participant=137803
k 我 先 不 跟 你 说 哦 哈 我 要 出门 咯 *pro* 等哈 要 上课 哦
suid=s24 participant=137820
天 ， 那 你 要 想 你 *OP* *T*-1 比 别人 更 优秀 的 地方 啊
suid=s25 participant=137820
*pro* 好 的 *pro* 好 的 你 快 去 哈 自己 好好 地 *pro* 有 什么 *pro* 要 告诉 我
suid=s26 participant=137803
*pro* 好 勒 *pro* 好 勒
]]></TEXT>
<TAGS>
<我 comment="default value" end="50" id="我0" start="47" text="pro" type="" />
<我 comment="default value" end="260" id="我1" start="257" text="pro" type="" />
<我 comment="default value" end="352" id="我2" start="349" text="pro" type="" />
<我 comment="default value" end="798" id="我3" start="795" text="pro" type="" />
<我 comment="default value" end="953" id="我4" start="950" text="pro" type="" />
<我 comment="default value" end="974" id="我5" start="971" text="pro" type="" />
<我 comment="default value" end="1230" id="我6" start="1227" text="pro" type="" />
<我 comment="default value" end="1255" id="我7" start="1252" text="pro" type="" />
<我 comment="default value" end="1577" id="我8" start="1574" text="pro" type="" />
<我 comment="default value" end="487" id="我9" start="484" text="pro" type="" />
<你 comment="default value" end="210" id="你0" start="207" text="pro" type="" />
<你 comment="default value" end="301" id="你1" start="298" text="pro" type="" />
<你 comment="default value" end="436" id="你2" start="433" text="pro" type="" />
<你 comment="default value" end="867" id="你3" start="864" text="pro" type="" />
<你 comment="default value" end="903" id="你4" start="900" text="pro" type="" />
<你 comment="default value" end="1014" id="你5" start="1011" text="pro" type="" />
<你 comment="default value" end="1095" id="你6" start="1092" text="pro" type="" />
<你 comment="default value" end="1115" id="你7" start="1112" text="pro" type="" />
<你 comment="default value" end="1296" id="你8" start="1293" text="pro" type="" />
<你 comment="default value" end="1349" id="你9" start="1346" text="pro" type="" />
<你 comment="default value" end="1427" id="你10" start="1424" text="pro" type="" />
<你 comment="default value" end="1444" id="你11" start="1441" text="pro" type="" />
<你 comment="default value" end="1727" id="你12" start="1724" text="pro" type="" />
<你 comment="default value" end="1738" id="你13" start="1735" text="pro" type="" />
<它 comment="default value" end="137" id="它0" start="134" text="pro" type="" />
<它 comment="default value" end="594" id="它1" start="591" text="pro" type="" />
<它 comment="default value" end="652" id="它2" start="649" text="pro" type="" />
<它 comment="default value" end="708" id="它3" start="705" text="pro" type="" />
<它 comment="default value" end="1062" id="它4" start="1059" text="pro" type="" />
<pleonastic end="74" id="p0" start="71" text="pro" type="" />
<pleonastic end="397" id="p1" start="394" text="pro" type="" />
<pleonastic end="423" id="p2" start="420" text="pro" type="" />
<pleonastic end="777" id="p4" start="774" text="pro" type="" />
<pleonastic end="1211" id="p5" start="1208" text="pro" type="" />
<pleonastic end="91" id="p3" start="88" text="pro" type="" />
<previous_utterance comment="default value" end="528" id="pr0" start="525" text="pro" type="" />
<previous_utterance comment="default value" end="1691" id="pr1" start="1688" text="pro" type="" />
<previous_utterance comment="default value" end="1701" id="pr2" start="1698" text="pro" type="" />
<previous_utterance comment="default value" end="1779" id="pr3" start="1776" text="pro" type="" />
<previous_utterance comment="default value" end="1789" id="pr4" start="1786" text="pro" type="" />
</TAGS>
</ProTask>