<?xml version='1.0' encoding='UTF-8'?>
<ProTask>
<TEXT><![CDATA[
suid=s0 participant=136868
截图 我 看 不 到 *T*-1
suid=s1 participant=136871
周 老师 。
suid=s2 participant=136871
您 好
suid=s3 participant=136871
书 的 印 量 我 还是 想 *PRO* 知道 个 大概 *T*-1
suid=s4 participant=136868
我 等下 写 个 大概 数 给 你 发 过去
suid=s5 participant=136868
中 美 住房 政策 与 金融 比较
suid=s6 participant=136868
这 个 书 已经 出 了
suid=s7 participant=136868
[ 图片 ] 这个 也 出 来
suid=s8 participant=136871
*pro* 好 的 ， *pro* 谢谢 ，
suid=s9 participant=136871
*pro* 好 的
suid=s10 participant=136871
*pro* 出 了 你 就 删掉
suid=s11 participant=136868
[ 图片 ] 就 这 个 书 还 没 出
suid=s12 participant=136868
其他 书 都 出 了
suid=s13 participant=136868
这 个 书 *pro* 估计 1100 册 左右 吧 *pro* 不 确定
suid=s14 participant=136868
*pro* 暂时 没有
suid=s15 participant=136871
*OP* *pro* 投放 的 图书 也 集中 在 1 ） 有关 小 企业 发展 及 未来 发展 的 书籍 ， 2 ） 畅销 经管 类 图书 。
因为 经济 管理 金融 和 招商 银行 最 对口 。
3 ） *pro* 还 有 一些 *OP* *T*-1 对 未来 的 经济 企业 预测 的 书 。
客户 特别 提到 了 *OP* *T*-1 以前 很 火 的 “ 乔布斯 传 “ 。
suid=s16 participant=136871
我们 现在 客户 需要 这 类 的 图书
suid=s17 participant=136868
嗯
suid=s18 participant=136871
贵 社 *OP* 我 刚 发 *T*-1 的 几 本 好像 匹配
suid=s19 participant=136871
*pro* 就 一 本 啊
suid=s20 participant=136871
其他 的 有没有
suid=s21 participant=136871
有关 小 企业 发展 及 未来 发展 的 书籍 ， 畅销 经管 类 的
suid=s22 participant=136871
就 这 一 本 其他 没有 了 吧
suid=s23 participant=136871
*pro* 好 的
]]></TEXT>
<TAGS>
<我 comment="default value" end="393" id="我0" start="390" text="pro" type="" />
<我 comment="default value" end="608" id="我1" start="605" text="pro" type="" />
<我 comment="default value" end="629" id="我2" start="626" text="pro" type="" />
<它 comment="default value" end="469" id="它0" start="466" text="pro" type="" />
<它 comment="default value" end="668" id="它1" start="665" text="pro" type="" />
<我们 comment="default value" end="713" id="我们0" start="710" text="pro" type="" />
<我们 comment="default value" end="812" id="我们1" start="809" text="pro" type="" />
<pleonastic end="1069" id="p0" start="1066" text="pro" type="" />
<previous_utterance comment="default value" end="381" id="pr0" start="378" text="pro" type="" />
<previous_utterance comment="default value" end="431" id="pr1" start="428" text="pro" type="" />
<previous_utterance comment="default value" end="1258" id="pr2" start="1255" text="pro" type="" />
</TAGS>
</ProTask>