<?xml version='1.0' encoding='UTF-8'?>
<ProTask>
<TEXT><![CDATA[
suid=s0 participant=136693
*pro* 还是 木有 方向 啊 ， 2粘
suid=s1 participant=136693
我 的 第一 桶 金 在 哪里 啊 ！
suid=s2 participant=137096
药 不 行 ？
suid=s3 participant=137096
[ 图片 ] 你 怎么 知道 我 明天 出 长 差
suid=s4 participant=136693
*pro* 还 没 试
suid=s5 participant=136693
但 *pro* 据说 不 大 行 现在 大 医院 监管 很 严
suid=s6 participant=137096
*pro* 理由 ？
suid=s7 participant=136693
我 还 没 具体 试
suid=s8 participant=136693
*pro* 准备 *PRO* 这 两 天 找 个 *OP* *T*-1 在 医院 工作 的 同学 *PRO* 好好 打听 一下
suid=s9 participant=137096
第一 桶 金 我 的 理念 就 是 如果 *pro* 不 能 暴富 就 安全 第一
suid=s10 participant=136693
我 估计 现在 *pro* 没有 *OP* *pro* *T*-1 可以 暴富 的 项目 了 除非 *pro* 抢 银行
suid=s11 participant=137096
*pro* 怎么 没有
suid=s12 participant=137096
电信 、 房产 、 学校 那个 不 是 *OP* *pro* *T*-1 暴富 的
suid=s13 participant=136693
*pro* 得 结合 我 现在 的 现状 来 分析 啊
suid=s14 participant=136693
哪个 *pro* 干 得 了 *T*-1 ！
suid=s15 participant=137096
关系
suid=s16 participant=137096
*pro* 主要 是 我 现在 不 太 了解 你 的 情况 阿达
suid=s17 participant=136693
*pro* 就 是 穷 公务员 一 名
suid=s18 participant=137096
*pro* 主要 是 不 知道 你 的 人脉 都 是 那些 方面 的
suid=s19 participant=137096
最好 *OP* 你 干 *T*-1 的 第一 个 活 ， *pro* 有 人 能 了解 一点点 *T*-2
suid=s20 participant=136693
*pro* 体育 、 医院 吧
suid=s21 participant=137096
医院 *pro* 送 盒饭 和 看护 很 挣钱 ， *pro* 有 兴趣 没 ？
suid=s22 participant=136693
*OP* 你 上 次 说 *T*-1 的 *pro* 婴幼 中心 配送 尿不湿 、 奶粉 什么 的 我 倒是 挺 *T*-2 感 兴趣
suid=s23 participant=137096
*OP* 我 知道 *T*-1 的 是 红孩儿 和 贝因美
suid=s24 participant=136693
贝因美 我 知道 *T*-1
suid=s25 participant=137096
*pro* 好像 有 个 合生元 *pro* 记 不 太 清 了 *pro* 都 是 加盟 连锁 的
suid=s26 participant=136693
可 现在 医院 好 打 进去 吗
suid=s27 participant=137096
那个 和 医院 没有 关系
suid=s28 participant=137096
*pro* 就 是 *pro* 在 妇产科 门口 发放 资料
suid=s29 participant=137096
*pro* 可以 从 挣 0 *RNR*-1 - 6 岁 孩子 的 钱
suid=s30 participant=136693
我 倒是 也 打算 过 *PRO* 开 婴幼儿 用品 的 店 ， 克 *OP* *pro* *T*-1 正在 考察 项目 的 时候 ， 我们 这边 婴贝儿 就 呼呼 的 起来 了
suid=s31 participant=137096
你 可以 考虑 *PRO* 办 一 个 婴儿 用品 + 婴儿 照片 的 一 个 集合
suid=s32 participant=136693
*OP* 你 说 过 *T*-1 的 台球厅 赚 钱 吗
suid=s33 participant=136693
*pro* 适合 *pro* 开 在 哪里 呢
suid=s34 participant=137096
*OP* 居民区 闹市区 *T*-1 吃饭 一 条 街 上
suid=s35 participant=136693
那 档次 高 不 了 啊
suid=s36 participant=137096
*pro* 为什么 ？
suid=s37 participant=136693
http:／／www.qdl147.com／fendian.asp 你 看看 这个 ， *pro* 定位 的 比较 高端 ， 貌似 是 *OP* *T*-1 开 在 高端 商业区 的
suid=s38 participant=137096
*pro* 感觉 *pro* 很 帅
suid=s39 participant=136693
*pro* 可 总 感觉 *pro* 一 听说 *pro* 打 台球 *pro* 就 好像 *pro* 坏 孩子 的 感觉
suid=s40 participant=136693
*pro* 现在 开 台球厅 的话 *OP* *pro* 面向 *T*-1 的 是 不 是 大部分 是 90后 了 ？
suid=s41 participant=137096
[ 图片 ] 00后 也 有
suid=s42 participant=137096
那 丁俊晖 不 也 是 坏 孩子 了
suid=s43 participant=136693
8 ， 9 Q 一 张 台
suid=s44 participant=136693
*pro* 那 是 自己 开 好 还是 *pro* 加盟 比较 好
suid=s45 participant=137096
*pro* 加盟 省 很多 事情
suid=s46 participant=136693
教育 这 一 块 你 了解 *T*-1 吗 ， *pro* 有 赚头 吗
suid=s47 participant=136693
比如 早教 、 幼儿 英语 之类 的
suid=s48 participant=137096
这个 *pro* 不 太 熟 *T*-1
suid=s49 participant=137096
但 我 知道 孩子 和 女人 的 钱 是 最 好 赚 的
suid=s50 participant=137096
[ 图片 ] 阿达 我 出差 了 ， *pro* 能 挂 *pro* 就 挂 一会 ， *pro* 不 能 挂 *pro* 就 算了
]]></TEXT>
<TAGS>
<我 comment="default value" end="32" id="我0" start="29" text="pro" type="" />
<我 comment="default value" end="216" id="我1" start="213" text="pro" type="" />
<我 comment="default value" end="390" id="我2" start="387" text="pro" type="" />
<我 comment="default value" end="502" id="我3" start="499" text="pro" type="" />
<我 comment="default value" end="559" id="我4" start="556" text="pro" type="" />
<我 comment="default value" end="949" id="我5" start="946" text="pro" type="" />
<我 comment="default value" end="1469" id="我6" start="1466" text="pro" type="" />
<我 comment="default value" end="1781" id="我7" start="1778" text="pro" type="" />
<我 comment="default value" end="2298" id="我8" start="2295" text="pro" type="" />
<我 comment="default value" end="2345" id="我9" start="2342" text="pro" type="" />
<我 comment="default value" end="2358" id="我10" start="2355" text="pro" type="" />
<我 comment="default value" end="2877" id="我11" start="2874" text="pro" type="" />
<你 comment="default value" end="640" id="你1" start="637" text="pro" type="" />
<你 comment="default value" end="750" id="你2" start="747" text="pro" type="" />
<你 comment="default value" end="809" id="你3" start="806" text="pro" type="" />
<你 comment="default value" end="1089" id="你4" start="1086" text="pro" type="" />
<你 comment="default value" end="1212" id="你5" start="1209" text="pro" type="" />
<你 comment="default value" end="2999" id="你6" start="2996" text="pro" type="" />
<你 comment="default value" end="3009" id="你7" start="3006" text="pro" type="" />
<你 comment="default value" end="3024" id="你8" start="3021" text="pro" type="" />
<你 comment="default value" end="3036" id="你9" start="3033" text="pro" type="" />
<它 comment="default value" end="1987" id="它0" start="1984" text="pro" type="" />
<它 comment="default value" end="1996" id="它1" start="1993" text="pro" type="" />
<它 comment="default value" end="2222" id="它2" start="2219" text="pro" type="" />
<它 comment="default value" end="2307" id="它3" start="2304" text="pro" type="" />
<它 comment="default value" end="2786" id="它4" start="2783" text="pro" type="" />
<他们 comment="default value" end="1485" id="他们0" start="1482" text="pro" type="" />
<generic comment="default value" end="573" id="g0" start="570" text="pro" type="" />
<generic comment="default value" end="601" id="g1" start="598" text="pro" type="" />
<generic comment="default value" end="705" id="g2" start="702" text="pro" type="" />
<generic comment="default value" end="1189" id="g3" start="1186" text="pro" type="" />
<generic comment="default value" end="1276" id="g4" start="1273" text="pro" type="" />
<generic comment="default value" end="1628" id="g5" start="1625" text="pro" type="" />
<generic comment="default value" end="1677" id="g6" start="1674" text="pro" type="" />
<generic comment="default value" end="2369" id="g7" start="2366" text="pro" type="" />
<generic comment="default value" end="2391" id="g8" start="2388" text="pro" type="" />
<generic comment="default value" end="2435" id="g9" start="2432" text="pro" type="" />
<generic comment="default value" end="2458" id="g10" start="2455" text="pro" type="" />
<generic comment="default value" end="2675" id="g11" start="2672" text="pro" type="" />
<generic comment="default value" end="2717" id="g12" start="2714" text="pro" type="" />
<pleonastic end="257" id="p0" start="254" text="pro" type="" />
<pleonastic end="314" id="p1" start="311" text="pro" type="" />
<pleonastic end="888" id="p2" start="885" text="pro" type="" />
<pleonastic end="997" id="p3" start="994" text="pro" type="" />
<pleonastic end="1142" id="p4" start="1139" text="pro" type="" />
<pleonastic end="1452" id="p5" start="1449" text="pro" type="" />
<pleonastic end="1618" id="p6" start="1615" text="pro" type="" />
<pleonastic end="2138" id="p7" start="2135" text="pro" type="" />
<pleonastic end="2380" id="p8" start="2377" text="pro" type="" />
<pleonastic end="2655" id="p9" start="2652" text="pro" type="" />
</TAGS>
</ProTask>