<?xml version='1.0' encoding='UTF-8'?>
<ProTask>
<TEXT><![CDATA[
suid=s0 participant=138420
你 学校 申请费 的 是 *pro* 用 你 美国 的 卡 吗
suid=s1 participant=138420
*pro* 如果 是 *pro* 要 保证 这 两 周 里面 充好 钱 哦 。
suid=s2 participant=138420
*pro* 一致 要 花 170 美金 左右
suid=s3 participant=135882
美国 卡 也 行 ， 中行 卡 也 行 啊
suid=s4 participant=135882
你 喜欢 咯 ~
suid=s5 participant=135882
*pro* 都 有 吧 ， *pro* 170 的话
suid=s6 participant=135882
*pro* OK 。
就是 *pro* 跟 成绩单 是 同 一 个 地址 *pro* 是 么 。
我 今天 寄 了 成绩单 ， 那 推荐信 和 成绩单 分开 寄 应该 没 问题 吧
suid=s7 participant=138420
你 等等 ， 我 开 个 账户 看看 里面 能 不 能 网推 。
suid=s8 participant=135882
*pro* 好 的 。
*pro* 最好 能 网推 了
suid=s9 participant=138420
*pro* OK ， *pro* 不 能 另外 寄 了 ， *pro* 可以 网推
suid=s10 participant=138420
*pro* 不 用 另外 寄 了
]]></TEXT>
<TAGS>
<我 comment="default value" end="293" id="我0" start="290" text="pro" type="" />
<我 comment="default value" end="591" id="我1" start="588" text="pro" type="" />
<你 comment="default value" end="45" id="你0" start="42" text="pro" type="" />
<你 comment="default value" end="91" id="你1" start="88" text="pro" type="" />
<你 comment="default value" end="102" id="你2" start="99" text="pro" type="" />
<你 comment="default value" end="158" id="你3" start="155" text="pro" type="" />
<你 comment="default value" end="650" id="你4" start="647" text="pro" type="" />
<它 comment="default value" end="361" id="它0" start="358" text="pro" type="" />
<它 comment="default value" end="537" id="它1" start="534" text="pro" type="" />
<它 comment="default value" end="610" id="它2" start="607" text="pro" type="" />
<pleonastic end="307" id="p0" start="304" text="pro" type="" />
<previous_utterance comment="default value" end="347" id="pr0" start="344" text="pro" type="" />
<previous_utterance comment="default value" end="384" id="pr1" start="381" text="pro" type="" />
<previous_utterance comment="default value" end="525" id="pr2" start="522" text="pro" type="" />
<previous_utterance comment="default value" end="580" id="pr3" start="577" text="pro" type="" />
</TAGS>
</ProTask>