<?xml version='1.0' encoding='UTF-8'?>
<ProTask>
<TEXT><![CDATA[
suid=s0 participant=138194
文杰 ， 在 吗 ？
suid=s1 participant=138258
*pro* 在
suid=s2 participant=138258
詹志英 *pro* 闹 半天 ， *pro* 没有 拉到 队伍 *T*-1 ， *pro* 闪 了
suid=s3 participant=138258
*pro* 好 的
suid=s4 participant=138258
明天 上午 吧
suid=s5 participant=138194
我 现在 在 铁山 了 ， 晚上 *pro* 要 开会 。
我 刚 外出 考察 回来 。
今天 *pro* 碰到 了 詹 的 。
suid=s6 participant=138194
*pro* 好 。
suid=s7 participant=138258
*pro* 马上 要 去 接 张徵 了
suid=s8 participant=138194
*pro* 好 。
你 忙 吧 。
suid=s9 participant=138258
难怪 ， 她 说 你 在 学校
suid=s10 participant=138258
*pro* 好 ， *pro* 再见
suid=s11 participant=138194
*pro* 下午 走 的 。
*pro* 早上 出去 办事 去 了 。
]]></TEXT>
<TAGS>
<我 comment="default value" end="70" id="我0" start="67" text="pro" type="" />
<我 comment="default value" end="271" id="我1" start="268" text="pro" type="" />
<我 comment="default value" end="302" id="我2" start="299" text="pro" type="" />
<我 comment="default value" end="383" id="我3" start="380" text="pro" type="" />
<她 comment="default value" end="109" id="她0" start="106" text="pro" type="" />
<她 comment="default value" end="122" id="她1" start="119" text="pro" type="" />
<她 comment="default value" end="566" id="她2" start="563" text="pro" type="" />
<她 comment="default value" end="581" id="她3" start="578" text="pro" type="" />
<她 comment="default value" end="145" id="她4" start="142" text="pro" type="" />
<我们 comment="default value" end="529" id="我们0" start="526" text="pro" type="" />
<previous_utterance comment="default value" end="182" id="pr0" start="179" text="pro" type="" />
<previous_utterance comment="default value" end="346" id="pr1" start="343" text="pro" type="" />
<previous_utterance comment="default value" end="430" id="pr2" start="427" text="pro" type="" />
<previous_utterance comment="default value" end="519" id="pr3" start="516" text="pro" type="" />
</TAGS>
</ProTask>