<?xml version='1.0' encoding='UTF-8'?>
<ProTask>
<TEXT><![CDATA[
suid=s0 participant=134113
*pro* 晚上 请客 吧 经理
suid=s1 participant=134113
要不 我们 请 你 哈哈
suid=s2 participant=134113
*pro* 不 是 ， *pro* 昨天 河湾 了
suid=s3 participant=134113
要不 我 和 班长 请 你 *PRO* 吃 烧饼 去
suid=s4 participant=134113
呵呵 *pro* 没 事 你 忙 吧 ， 我 好想 好几 天 没 见 你 了
suid=s5 participant=134113
*pro* 没 事 呵呵
suid=s6 participant=131226
你 最近 犯 酒瘾 了
suid=s7 participant=131226
*pro* 是 吧 ？
suid=s8 participant=134113
*pro* 没 事 ， *pro* 看 你 在线 ， 给 你 说 句 话 呵呵
suid=s9 participant=134113
我 没 梦见 你 呵呵
suid=s10 participant=131226
今天 *pro* 想 *PRO* 接着 醉
suid=s11 participant=131226
你 俩 最近 有 事 ？
suid=s12 participant=134113
你 怎么 也 感冒 了 ， 我 快 好 了 呵呵 [ 表情 ]
suid=s13 participant=131226
哟 ， 你 要 有 事 *pro* 赶紧 说
suid=s14 participant=131226
我 怎么 那么 故弄 的 慌
suid=s15 participant=131226
心里 没 底
suid=s16 participant=134113
*pro* 一般话 吧 ， 他 在 标志 汽车 干 销售 内勤
suid=s17 participant=131226
等 我 感冒 好 了 ， *pro* 一块 吃饭
suid=s18 participant=134113
*pro* 不 是 吧 ， *pro* 做梦 不 能 传染
suid=s19 participant=131226
*pro* 叫 小露 也 行
suid=s20 participant=131226
哈哈
suid=s21 participant=134113
以前 我 还 管 着 她
suid=s22 participant=131226
你 和 她 妹妹 关系 很 好 嘛
suid=s23 participant=134113
*pro* 所以 就 认识 了 小露 呵呵
suid=s24 participant=134113
*pro* 还 一起 过 的 情人节
suid=s25 participant=131226
*pro* 就 是 你 传染 的 *pro* 可能
suid=s26 participant=131226
*pro* 对
suid=s27 participant=134113
要不 你 问问 她 ， 哪 天 *pro* 喝 多 了 ， *pro* 好像 还 和 她 合唱 了 一 首 歌
suid=s28 participant=134113
去年 哈哈
suid=s29 participant=131226
哦 ， *pro* 难怪 。
suid=s30 participant=134113
好几 个 女 的 ， 就 两 个 男人 ， *pro* 郁闷 死 了
suid=s31 participant=134113
*pro* 没有
suid=s32 participant=134113
我 在 帝豪 ， 呵呵
suid=s33 participant=131226
今年 情人节 ？
suid=s34 participant=134113
*pro* 是 的 ， 她 走 了 ， 我 家 来 了 ， *pro* 大概 相差 一 个 月
suid=s35 participant=131226
你们 三 过 的 ？
suid=s36 participant=131226
那 时候 你 还 没 从 标致 辞职 ？
suid=s37 participant=131226
去年 小露 还 在 公司 上班 呢
suid=s38 participant=134113
*pro* 不 是 的 ，
suid=s39 participant=134113
我 是 来 应聘 的 ， *pro* 在 网上 看到 的
suid=s40 participant=134113
你 不 要 冤枉 她 哦
suid=s41 participant=134113
*pro* 不 要 多 想 哦
suid=s42 participant=131226
你 是 *OP* 她 介绍 来 *T*-1 的 ， *pro* 半天 ？
！
suid=s43 participant=134113
*pro* 拜托 ，
suid=s44 participant=134113
你 这样 一 说 ， 我 要 从 二 楼 跳 下去
suid=s45 participant=131226
哟
suid=s46 participant=134113
你 忙 经理 ， 呵呵 ， 我 要 去 约会 哈哈
suid=s47 participant=131226
*pro* 没 冤枉 她
suid=s48 participant=131226
*pro* 是 你 靠 自己 实力 来 的
suid=s49 participant=131226
嘿嘿
suid=s50 participant=134113
*pro* 有 个 女 朋友 要 约 我 ，
suid=s51 participant=131226
*pro* 好 啦 ， *pro* 开 玩笑 啦
suid=s52 participant=131226
管 ， 你 先 化化妆 吧
]]></TEXT>
<TAGS>
<我 comment="default value" end="128" id="我0" start="125" text="pro" type="" />
<我 comment="default value" end="226" id="我1" start="223" text="pro" type="" />
<我 comment="default value" end="289" id="我2" start="286" text="pro" type="" />
<我 comment="default value" end="407" id="我3" start="404" text="pro" type="" />
<我 comment="default value" end="419" id="我4" start="416" text="pro" type="" />
<我 comment="default value" end="517" id="我5" start="514" text="pro" type="" />
<我 comment="default value" end="794" id="我6" start="791" text="pro" type="" />
<我 comment="default value" end="921" id="我7" start="918" text="pro" type="" />
<我 comment="default value" end="1126" id="我8" start="1123" text="pro" type="" />
<我 comment="default value" end="1223" id="我9" start="1220" text="pro" type="" />
<我 comment="default value" end="1916" id="我10" start="1913" text="pro" type="" />
<我 comment="default value" end="2112" id="我11" start="2109" text="pro" type="" />
<我 comment="default value" end="2289" id="我12" start="2286" text="pro" type="" />
<我 comment="default value" end="2411" id="我13" start="2408" text="pro" type="" />
<我 comment="default value" end="2474" id="我14" start="2471" text="pro" type="" />
<你 comment="default value" end="32" id="你0" start="29" text="pro" type="" />
<你 comment="default value" end="677" id="你1" start="674" text="pro" type="" />
<你 comment="default value" end="1329" id="你2" start="1326" text="pro" type="" />
<你 comment="default value" end="1343" id="你3" start="1340" text="pro" type="" />
<你 comment="default value" end="2001" id="你4" start="1998" text="pro" type="" />
<你 comment="default value" end="2330" id="你5" start="2327" text="pro" type="" />
<我们 comment="default value" end="867" id="我们0" start="864" text="pro" type="" />
<我们 comment="default value" end="965" id="我们1" start="962" text="pro" type="" />
<我们 comment="default value" end="1176" id="我们2" start="1173" text="pro" type="" />
<我们 comment="default value" end="1496" id="我们3" start="1493" text="pro" type="" />
<我们 comment="default value" end="1681" id="我们4" start="1678" text="pro" type="" />
<我们 comment="default value" end="1861" id="我们5" start="1858" text="pro" type="" />
<existential comment="default value" end="1537" id="e0" start="1534" text="pro" type="" />
<pleonastic end="1240" id="p0" start="1237" text="pro" type="" />
<pleonastic end="1435" id="p1" start="1432" text="pro" type="" />
<pleonastic end="2071" id="p2" start="2068" text="pro" type="" />
<previous_utterance comment="default value" end="116" id="pr0" start="113" text="pro" type="" />
<previous_utterance comment="default value" end="368" id="pr1" start="365" text="pro" type="" />
<previous_utterance comment="default value" end="907" id="pr2" start="904" text="pro" type="" />
<previous_utterance comment="default value" end="1277" id="pr3" start="1274" text="pro" type="" />
<previous_utterance comment="default value" end="1651" id="pr4" start="1648" text="pro" type="" />
<previous_utterance comment="default value" end="2462" id="pr5" start="2459" text="pro" type="" />
</TAGS>
</ProTask>